title,artist,year,rating,date,url
Lustmord,Lustmord,1981,★★★★★,2026-03-24,https://music.douban.com/subject/35872179/
Journey In Satchidananda,Alice Coltrane,1971,★★★★★,2026-03-23,https://music.douban.com/subject/1499392/
禁じ手 / Kinjite,椎名林檎,2026,,2026-03-14,https://music.douban.com/subject/37920284/
Présente : Les Joyaux De La Princesse Exposition Internationa...,Staat Und Organisation,2023,★★★★★,2025-12-17,https://music.douban.com/subject/37188748/
Siren New Translation Original Soundtrack / 死魂曲：新生 原声大碟,Hitomi Shimizu,2008,★★★★★,2025-08-26,https://music.douban.com/subject/3276273/
"Willoughby Tucker, I&#39;ll Always Love You / Willoughby Tucker, I Wi...",Ethel Cain,2025,★★★★★,2025-08-11,https://music.douban.com/subject/37289475/
OK COMPUTER OKNOTOK 1997 2017 [Analog],Radiohead,2017,,2025-06-07,https://music.douban.com/subject/27035279/
OK COMPUTER OKNOTOK 1997-2017,"RADIOHEAD,レディオヘッド",2017,,2025-06-07,https://music.douban.com/subject/27035276/
MINIDISCS [HACKED],Radiohead,2019,,2025-06-07,https://music.douban.com/subject/34429664/
College Karma EP,Radiohead,1998,,2025-06-07,https://music.douban.com/subject/4268570/
"Turn On, Tune In, Freak Out!",Hibushibire,2019,★★★★★,2025-05-15,https://music.douban.com/subject/34449548/
Sonicwonderland,"上原广美 Hiromi Uehara,上原ひろみ",2023,★★★★★,2025-03-22,https://music.douban.com/subject/36481765/
Queen and Elf,"Voision Xi,喜辰晨",2024,★★★★,2025-03-22,https://music.douban.com/subject/37127489/
Shards,Tim Hecker,2025,★★★★★,2025-03-06,https://music.douban.com/subject/37203654/
Honey From A Winter Stone,Ambrose Akinmusire,2025,★★★★★,2025-02-21,https://music.douban.com/subject/37127208/
New Deal / 新契約,Toshio Osumi,2007,★★★,2025-02-19,https://music.douban.com/subject/3329189/
MARI NAKAMOTO III,"中本マリ,鈴木勲,渡辺香津美",2013,★★★★,2025-02-18,https://music.douban.com/subject/25759923/
Approach,"Isao Suzuki,Masahiko Togashi,Hideo Ichikawa,Akira Shiomoto",1986,★★★★,2025-02-18,https://music.douban.com/subject/34879201/
妖星伝,市川秀男,1981,★★★★,2025-02-18,https://music.douban.com/subject/35085681/
Invitation,Hideo Ichikawa,1976,★★★★★,2025-02-18,https://music.douban.com/subject/36187623/
明日への旅立ち / TOMORROW,市川秀男トリオ,2016,★★★★★,2025-02-17,https://music.douban.com/subject/30238524/
Only Trust Your Heart,"Takashi Mizuhashi ‎水桥孝,市川秀男,大塚敬治",1977,★★★★★,2025-02-17,https://music.douban.com/subject/35478020/
When A Man Loves A Woman / &#34;Live in 5 Days in Jazz 1974&#34; / 男が女...,"水橋孝,Takashi Mizuhashi Quartet + 2",1974,★★★★★,2025-02-17,https://music.douban.com/subject/3883865/
Fine &amp; Mellow,户谷重子 Shigeko Toya,2014,★★★★,2025-02-17,https://music.douban.com/subject/26931516/
Interplay Now,Takashi Mizuhashi,1980,★★★★,2025-02-17,https://music.douban.com/subject/3034672/
&#34;Mine&#34;,Kosuke Mine Quintet,1970,★★★★★,2025-02-14,https://music.douban.com/subject/2370593/
Dancing Sphinx,"村上寛,Dancing Sphinx",1978,★★★★,2025-02-13,https://music.douban.com/subject/6874006/
Bird: The Complete Charlie Parker on Verve,Charlie Parker,1990,★★★★★,2025-02-13,https://music.douban.com/subject/2148331/
Dub Orbits,Naruyoshi Kikuchi Dub Sextet,2008,★★★★★,2025-02-12,https://music.douban.com/subject/3120590/
EUSEXUA / 枝性美,FKA twigs,2025,★★★,2025-01-25,https://music.douban.com/subject/36887696/
The Sky Will Still Be There Tomorrow,"Charles Lloyd,Jason Moran,Brian Blade,Larry Grenadier",2024,★★★★★,2025-01-24,https://music.douban.com/subject/36817056/
Mayan Space Station,William Parker,2021,★★★★,2025-01-09,https://music.douban.com/subject/35529190/
Perverts,Ethel Cain,2025,★★★★★,2025-01-08,https://music.douban.com/subject/37086578/
LIVE,Eli Keszler,2023,★★★★★,2024-12-30,https://music.douban.com/subject/36416463/
The Incredible Jazz Guitar of Wes Montgomery,Wes Montgomery,1960,★★★★★,2024-12-26,https://music.douban.com/subject/2377132/
Charles Mingus Presents Charles Mingus,Charles Mingus,1960,★★★★★,2024-12-26,https://music.douban.com/subject/2002091/
Sound,Roscoe Mitchell Sextet,1967,★★★★★,2024-12-26,https://music.douban.com/subject/2227884/
"The Art of the Trio, Vol. 2 - Live at the Village Vanguard",Brad Mehldau,1998,★★★★★,2024-12-26,https://music.douban.com/subject/1782153/
"The Art of the Trio, Vol. 1",Brad Mehldau,1997,★★★★★,2024-12-25,https://music.douban.com/subject/1478108/
Let Freedom Ring,Jackie McLean,1963,★★★★★,2024-12-25,https://music.douban.com/subject/1759071/
Backstage Raver,"Dean Blunt,Joanne Robertson",2024,★★★★,2024-12-25,https://music.douban.com/subject/36906717/
A I A,Grouper,2011,★★★★★,2024-12-21,https://music.douban.com/subject/6072551/
0%,青葉市子,2014,★★★★★,2024-12-20,https://music.douban.com/subject/25821137/
Coincidental Music,"Haruomi Hosono,細野晴臣",1985,★★★★★,2024-12-20,https://music.douban.com/subject/1863833/
S-F-X / S·F·X,"細野晴臣,Haruomi Hosono",1984,★★★★★,2024-12-20,https://music.douban.com/subject/1903336/
LAYER ONE,"Ben Klock,Fadi Mohem",2024,★★★★★,2024-12-20,https://music.douban.com/subject/37140614/
Koi No Yokan,Deftones,2012,★★★★,2024-12-20,https://music.douban.com/subject/19963359/
Around the Fur,Deftones,1997,★★★★★,2024-12-19,https://music.douban.com/subject/1462887/
节奏的奴隶 / SLAVE TO THE RHYTHM,DJ小女孩,2024,★★★,2024-12-19,https://music.douban.com/subject/37117838/
Structures from Silence,Steve Roach,2001,★★★★★,2024-12-13,https://music.douban.com/subject/1898282/
What Silence Hides,Dreamshade,2011,★★★★,2024-12-09,https://music.douban.com/subject/5959028/
こよなく,"À Qui Avec Gabriel,Michel Henritzi",2016,★★★★★,2024-12-07,https://music.douban.com/subject/36587085/
Minecraft - Volume Beta,C418,2013,★★★★★,2024-12-05,https://music.douban.com/subject/25768495/
Minecraft OST (Volume Alpha) / 我的世界 游戏原声带 第1卷,C418,2011,★★★★★,2024-12-05,https://music.douban.com/subject/6065121/
shadowbox / Shadowbox / Shadow Box,MAVI,2024,★★★★★,2024-12-04,https://music.douban.com/subject/36944328/
Total Blue,Total Blue,2024,★★★,2024-12-04,https://music.douban.com/subject/36973088/
All Hell,Los Campesinos!,2024,★★★★,2024-12-04,https://music.douban.com/subject/36895948/
Ultimate Love Songs Collection,Doris,2024,★,2024-12-04,https://music.douban.com/subject/36994305/
ORQUÍDEAS / 兰花花,Kali Uchis,2024,★★★,2024-12-04,https://music.douban.com/subject/36598629/
死に近い美しさです,静香,2023,★★★★,2024-12-03,https://music.douban.com/subject/36871552/
Jóhannsson: DRONE MASS,Jóhann Jóhannsson,2022,★★★★★,2024-12-03,https://music.douban.com/subject/35753274/
Cascade,Floating Points,2024,★★★,2024-12-02,https://music.douban.com/subject/36957615/
Die Berge,Paysage d&#39;Hiver,2024,★★★,2024-12-02,https://music.douban.com/subject/37004452/
Garlands,Cocteau Twins,1982,★★★★,2024-12-01,https://music.douban.com/subject/1395263/
Orphee,Jóhann Jóhannsson,2016,★★★★★,2024-11-29,https://music.douban.com/subject/26862628/
Big Calm,Morcheeba,1998,★★★,2024-11-29,https://music.douban.com/subject/1415230/
GNX,Kendrick Lamar,2024,★★★★,2024-11-29,https://music.douban.com/subject/37129695/
Carte-De-Visite,Stars Of The Lid,2007,★★★★,2024-11-26,https://music.douban.com/subject/3538758/
And Their Refinement Of The Decline,Stars Of The Lid,2007,★★★★★,2024-11-26,https://music.douban.com/subject/2000034/
Chosen Lords,AFX,2006,★★★★,2024-11-24,https://music.douban.com/subject/1760605/
Endless Falls,Loscil,2010,★★★★★,2024-11-22,https://music.douban.com/subject/4309509/
76:14,Global Communication,1997,★★★★★,2024-11-22,https://music.douban.com/subject/1868437/
The Orb&#39;s Adventures Beyond The Ultraworld,The Orb,1991,★★★★★,2024-11-21,https://music.douban.com/subject/1774031/
This Stupid World,Yo La Tengo,2023,★★★★★,2024-11-21,https://music.douban.com/subject/36144642/
E.S.P.,Miles Davis,1965,★★★★★,2024-11-18,https://music.douban.com/subject/1421437/
Lamb,Lamb,1997,★★★★,2024-11-15,https://music.douban.com/subject/1421448/
A New Stereophonic Sound Spectacular,Hooverphonic,1997,★★★★,2024-11-15,https://music.douban.com/subject/1494712/
Morals And Dogma,Deathprod,2004,★★★★★,2024-11-14,https://music.douban.com/subject/1800656/
Black Earth,Bohren &amp; Der Club of Gore,2004,★★★★★,2024-11-13,https://music.douban.com/subject/1795532/
Heresy,Lustmord,2004,★★★★★,2024-11-13,https://music.douban.com/subject/1800424/
In Summer,Jefre Cantu-Ledesma,2016,★★★★★,2024-11-13,https://music.douban.com/subject/26858527/
Somewhere Different,Brandee Younger,2021,★★★★,2024-11-06,https://music.douban.com/subject/35565972/
Songs Of A Lost World,The Cure,2024,★★★★★,2024-11-05,https://music.douban.com/subject/37052647/
Chill Out,The KLF,1990,★★★★★,2024-11-01,https://music.douban.com/subject/1857980/
Felona e Sorona,Le Orme,1996,★★★★★,2024-10-24,https://music.douban.com/subject/1973279/
One Size Fits All,Frank Zappa &amp; The Mothers Of Invention,1995,★★★★★,2024-10-24,https://music.douban.com/subject/1437373/
To Keep From Crying,Comus,1974,★★★★★,2024-10-23,https://music.douban.com/subject/1757339/
If A City Is Set Upon A Hill,Current 93,2022,★★★★★,2024-10-22,https://music.douban.com/subject/35704194/
“Nada-Ized!&#34;,"Death in June,Miro Snejdr",2022,★★★★★,2024-10-21,https://music.douban.com/subject/36302898/
Live in Wien,Death in June,2013,,2024-10-21,https://music.douban.com/subject/25786486/
Selected Ambient Works Volume II (Expanded Edition),艾费克斯双胞胎 Aphex Twin,2024,★★★★★,2024-10-16,https://music.douban.com/subject/37002170/
Cutouts,The Smile,2024,★★★★★,2024-10-16,https://music.douban.com/subject/37021941/
Dragon New Warm Mountain I Believe in You,Big Thief,2022,★★★★★,2024-10-11,https://music.douban.com/subject/35663132/
...And The Circus Leaves Town,Kyuss,1995,★★★★★,2024-10-09,https://music.douban.com/subject/1858656/
Diamond Eyes,Deftones,2010,★★★,2024-10-08,https://music.douban.com/subject/4714468/
SOPHIE,SOPHIE,2024,★★,2024-09-26,https://music.douban.com/subject/36942262/
Reasonable Woman / 理性女人,Sia,2024,★★,2024-09-26,https://music.douban.com/subject/36557500/
SOUR / 淡紫酸糖,Olivia Rodrigo,2021,★★★★,2024-09-26,https://music.douban.com/subject/35420692/
Entrances,Melanie Martinez,2024,★,2024-09-25,https://music.douban.com/subject/36880664/
Apostrophe (&#39;),Frank Zappa,1974,★★★★★,2024-09-24,https://music.douban.com/subject/1424795/
Guitar,Frank Zappa,1995,★★★★★,2024-09-24,https://music.douban.com/subject/2351454/
Plays the Music of Frank Zappa,Frank Zappa,2003,★★★★★,2024-09-23,https://music.douban.com/subject/3559123/
Jazz From Hell,Frank Zappa,1995,★★★★★,2024-09-23,https://music.douban.com/subject/1882394/
"The Duke at Fargo, 1940: Special 60th Anniversary Edition",Duke Ellington,2001,,2024-09-20,https://music.douban.com/subject/3438411/
Toxe2,Toxe,2024,★★,2024-09-20,https://music.douban.com/subject/37025134/
Across Mountains,"Markus Stockhausen,Arild Andersen,Vangelis Katsoulis",2022,★★★★★,2024-09-14,https://music.douban.com/subject/35768492/
Domino,Rahsaan Roland Kirk,2000,★★★★,2024-09-13,https://music.douban.com/subject/3065885/
Introducing Roland Kirk,Rahsaan Roland Kirk,1960,★★★★,2024-09-13,https://music.douban.com/subject/3615882/
When we were that what wept for the sea,Colin Stetson,2023,★★★★★,2024-09-12,https://music.douban.com/subject/36354786/
Why Hasn&#39;t Everything Already Disappeared?,Deerhunter,2019,★★★★,2024-09-11,https://music.douban.com/subject/30366123/
Ohms,Deftones,2020,★★★★★,2024-09-11,https://music.douban.com/subject/35185909/
White Pony / 赤兔,Deftones,2000,★★★★★,2024-09-10,https://music.douban.com/subject/1481302/
By the Way / 王者之道,Red Hot Chili Peppers,2002,★★★★★,2024-09-10,https://music.douban.com/subject/1400640/
shrines X,Purity Ring,2022,★★★,2024-09-10,https://music.douban.com/subject/36762630/
Darkbloom,"脏点 Grimes,D’eon",2011,★★★★,2024-09-10,https://music.douban.com/subject/36012234/
CYBERPUNK: EDGERUNNERS,"山冈晃 Akira Yamaoka,Marcin Przybyłowicz,P.T. Adamczyk",2024,★★★★★,2024-08-29,https://music.douban.com/subject/36758738/
AE_LIVE 2022,Autechre,2023,★★★★,2024-08-22,https://music.douban.com/subject/36508485/
Currents / 摇滚趋势,Tame Impala,2015,★★★,2024-08-21,https://music.douban.com/subject/26386649/
Cross Purposes,Black Sabbath,1994,★★★,2024-08-15,https://music.douban.com/subject/1853470/
The Dark Illuminati: A Celestial Tragedy In Two Acts,Coph Nia,2007,★★★,2024-07-31,https://music.douban.com/subject/2333301/
渋星 / Shibuboshi,"Sibusashirazu Orchestra,渋さ知らズ",2004,★★★★★,2024-07-29,https://music.douban.com/subject/3258609/
渋響 / Shibuki,渋さ知らズ(Shibusashirazu),2007,★★★★★,2024-07-29,https://music.douban.com/subject/2051884/
夜光 / night gloss,鸭打鹅,2024,★★★,2024-07-29,https://music.douban.com/subject/36817499/
The Infinity Of Nothingness,"JJ Whitefield,Forced Meditation",2024,★★★★,2024-07-28,https://music.douban.com/subject/36881854/
Monoceros,Evan Parker,1999,,2024-07-27,https://music.douban.com/subject/3267171/
Flush Up / フラッシュ・アップ,森山威男,2013,★★★★★,2024-07-26,https://music.douban.com/subject/20502422/
Hank And Slim: the world turned gingham,Robin Storey,2016,★★★★★,2024-07-17,https://music.douban.com/subject/35789711/
パプリカ オリジナルサウンドトラック / Paprika / ...,平沢進,2006,★★★★★,2024-07-11,https://music.douban.com/subject/1986490/
The Ape of Naples,Coil,2006,★★★★★,2024-07-10,https://music.douban.com/subject/1873829/
"The Smile (Live at Montreux Jazz Festival, July 2022)",The Smile,2022,★★★★★,2024-07-05,https://music.douban.com/subject/36186714/
DREAMING OF A DEAD GIRL,HIMUKALT,2021,★★★★★,2024-07-04,https://music.douban.com/subject/35595139/
Quiescence,Analepsy,2022,,2024-07-04,https://music.douban.com/subject/35750280/
Solti: Bartok,"Sir Georg Solti,Vladimir Ashkenazy,Kyung Wha Chung,Sylvia Sass,Kolos Kovats,William McAlpine",2012,★★★★★,2024-07-04,https://music.douban.com/subject/19964643/
Motion,Lee Konitz,1961,★★★★★,2024-07-04,https://music.douban.com/subject/1768726/
Lee Konitz with Warne Marsh,"Lee Konitz,Warne Marsh",1955,★★★★★,2024-07-03,https://music.douban.com/subject/3228180/
"Rip, Rig &amp; Panic/Now Please Don&#39;t You Cry, Beautiful Edith",Rahsaan Roland Kirk,1990,★★★★★,2024-07-03,https://music.douban.com/subject/1765940/
Air Song,Air,1975,★★★★★,2024-07-03,https://music.douban.com/subject/2275986/
Open Symmetry,"Tristan Perich,Ensemble 0",2024,★★★,2024-07-03,https://music.douban.com/subject/36901588/
Our Blood For .S,Theodore Cale Schafer,2023,★★★★★,2024-07-03,https://music.douban.com/subject/36683026/
Ghosts V: Together,九寸钉 Nine Inch Nails,2020,★★★★,2024-07-03,https://music.douban.com/subject/34962773/
Powders,Eartheater,2023,★★★★★,2024-07-02,https://music.douban.com/subject/36541371/
"Somewhere, left behind",0N4B,2024,★★★★★,2024-07-02,https://music.douban.com/subject/36826695/
Dust Devil,naemi,2024,,2024-06-30,https://music.douban.com/subject/36871403/
Go Gunning For Shaman,小田朋美,2013,★★★★★,2024-06-27,https://music.douban.com/subject/26658490/
The People I Love,"Steve Lehman Trio,Craig Taborn",2019,★★★★★,2024-06-25,https://music.douban.com/subject/34820454/
Human,Shai Maestro,2021,★★★★★,2024-06-25,https://music.douban.com/subject/35348017/
Trio Grande: Urban Myth,"Will Vinson,Gilad Hekselman,Nate Wood",2023,★★★★★,2024-06-24,https://music.douban.com/subject/36606519/
New Gospel Revisited,Marquis Hill,2022,★★★★★,2024-06-24,https://music.douban.com/subject/35788338/
For You,Prince,1978,,2024-06-24,https://music.douban.com/subject/2380342/
Kepler 33b / Kepler 33b,Byetone,2023,,2024-06-21,https://music.douban.com/subject/36898297/
孽​儿​谣 / Misbegotten Ballads / 歌谣 Ballads,Zaliva-D,2022,★★,2024-06-21,https://music.douban.com/subject/36122292/
Blood,This Mortal Coil,1991,,2024-06-21,https://music.douban.com/subject/1401169/
For Once in My Life,Stevie Wonder,1968,,2024-06-21,https://music.douban.com/subject/1853901/
Dance to the Music,Sly &amp; the Family Stone,2007,,2024-06-21,https://music.douban.com/subject/2044172/
Bad Witch,Nine Inch Nails,2018,,2024-06-21,https://music.douban.com/subject/30219540/
Kreisberg Meets Veras,"Jonathan Kreisberg,Nelson Veras",2018,,2024-06-15,https://music.douban.com/subject/35374994/
Origins: Savoy Sessions,J.J. Johnson,2002,,2024-06-13,https://music.douban.com/subject/3533215/
Piano for Nuria,Tete Montoliu,2006,,2024-06-13,https://music.douban.com/subject/1474632/
The Genius of Coleman Hawkins,Coleman Hawkins,1957,,2024-06-13,https://music.douban.com/subject/3731599/
This But More,Priori,2024,★★★★★,2024-06-10,https://music.douban.com/subject/36908302/
Brat / 顽童,Charli XCX,2024,,2024-06-07,https://music.douban.com/subject/36792214/
放生会 / Hojoya,椎名林檎,2024,,2024-06-06,https://music.douban.com/subject/36905621/
Southernplayalisticadillacmuzik,Outkast,1994,,2024-05-29,https://music.douban.com/subject/1857011/
Alan Wake 2: Chapter Songs,Alan Wake,2023,★★★★★,2024-05-26,https://music.douban.com/subject/36644019/
SUPERMAN,水曜日のカンパネラ,2017,★★★★★,2024-04-23,https://music.douban.com/subject/26949191/
A Memory Of Vienna,"Ran Blake,Anthony Braxton",1997,★★★★★,2024-04-18,https://music.douban.com/subject/3177307/
あのち,GEZAN With Million Wish Collective,2023,★★★★★,2024-02-27,https://music.douban.com/subject/36188024/
Silent Hill: Shattered Memories Soundtrack / 寂静岭: 破碎的记忆,"Akira Yamaoka,山岡晃,Mary Elizabeth McGlynn",2009,★★★★,2024-02-26,https://music.douban.com/subject/4169282/
Colossus,Atrium Carceri &amp; Kammarheit,2022,,2024-02-10,https://music.douban.com/subject/35770183/
Apparatus,Atrium Carceri &amp; Kammarheit,2024,,2024-02-10,https://music.douban.com/subject/36724227/
Forgotten Gods,Atrium Carceri,2023,,2024-02-10,https://music.douban.com/subject/36626507/
Bewitched,Laufey,2023,★★★★,2024-02-07,https://music.douban.com/subject/36445185/
Wall Of Eyes,The Smile,2024,★★★★★,2024-01-31,https://music.douban.com/subject/36641921/
Uma Elmo,"Jakob Bro,Arve Henriksen,Jorge Rossy",2021,★★★★★,2024-01-31,https://music.douban.com/subject/35357082/
Red Moon In Venus,Kali Uchis,2023,★★★,2024-01-08,https://music.douban.com/subject/36222352/
GOOD LUCK,DEBBY FRIDAY,2023,★★★★★,2024-01-08,https://music.douban.com/subject/36222547/
Esoteric,Kiss Facility,2023,★★,2024-01-07,https://music.douban.com/subject/36604835/
Spellling &amp; The Mystery School,Spellling,2023,★★★,2024-01-07,https://music.douban.com/subject/36477084/
"so here you are, drowning",Kamal.,2023,★★★,2024-01-07,https://music.douban.com/subject/36322725/
Radical Romantics,Fever Ray,2023,★★,2024-01-07,https://music.douban.com/subject/36153280/
New Blue Sun,André 3000,3000,★★★★,2024-01-02,https://music.douban.com/subject/36648887/
What Will You Grow Now?,"Modern Cosmology,Laetitia Sadier,Mombojó",2023,★★★,2024-01-02,https://music.douban.com/subject/36338984/
Bark Out Thunder Roar Out Lightning,Chief Adjuah,2023,★★★★★,2023-12-14,https://music.douban.com/subject/36496306/
10000 gecs,100 gecs,2023,★★★,2023-12-12,https://music.douban.com/subject/35921692/
Raven,Kelela,2023,★★★,2023-12-12,https://music.douban.com/subject/36159698/
GUTS,Olivia Rodrigo,2023,★★★★,2023-12-11,https://music.douban.com/subject/36568459/
The Land Is Inhospitable and So Are We,Mitski,2023,★★★,2023-12-11,https://music.douban.com/subject/36491939/
the record,boygenius,2023,★★★★,2023-12-11,https://music.douban.com/subject/36253654/
Javelin / 标枪,Sufjan Stevens,2023,★★★,2023-12-11,https://music.douban.com/subject/36516501/
Black Classical Music,Yussef Dayes,2023,★★★★★,2023-12-10,https://music.douban.com/subject/36390391/
Metro Exodus,Alexey Omelchuk,2019,★★,2023-12-08,https://music.douban.com/subject/35236665/
Litania: Music of Krzysztof Komeda,Tomasz Stańko Septet,1997,★★★★★,2023-12-01,https://music.douban.com/subject/3395556/
Lontano,Tomasz Stanko Quartet,2006,★★★★★,2023-11-30,https://music.douban.com/subject/1856359/
Kvitravn - First Flight Of The White Raven,Wardruna,2022,★★★★,2023-11-29,https://music.douban.com/subject/35746861/
Ark,Brendan Perry,2010,★★★★★,2023-11-28,https://music.douban.com/subject/5244347/
Aaltopiiri,Pan Sonic,2001,★★★★★,2023-11-28,https://music.douban.com/subject/1781114/
"And In The Darkness, Hearts Aglow",Weyes Blood,2022,★★★,2023-09-27,https://music.douban.com/subject/36091293/
Upon Reflection,John Surman,1994,★★★★★,2023-07-10,https://music.douban.com/subject/1790160/
CITTA&#39; &#39;93,Les Rallizes Denudes,2023,★★★★★,2023-07-09,https://music.douban.com/subject/36436431/
Blue and Sentimental,Ike Quebec,1990,★★★★★,2023-07-03,https://music.douban.com/subject/1483600/
Come to Daddy EP,Aphex Twin,1997,★★★★★,2023-06-28,https://music.douban.com/subject/1432292/
"Selected Ambient Works, Vol. 2 / Selected Ambient Works Volume II",Aphex Twin,1994,★★★★★,2023-06-28,https://music.douban.com/subject/1408128/
I Care Because You Do,Aphex Twin,1995,★★★★★,2023-06-27,https://music.douban.com/subject/3301656/
Page One,Joe Henderson,1963,★★★★★,2023-06-21,https://music.douban.com/subject/1422754/
Auratones,Deepchord,2017,★★★★,2023-06-21,https://music.douban.com/subject/27162408/
Ultraviolet Music,Deepchord,2015,★★★★★,2023-06-21,https://music.douban.com/subject/26674456/
Espectrum,VA,2016,★★★★,2023-06-20,https://music.douban.com/subject/26872271/
Functional Extraits 1,DeepChord,2022,,2023-06-18,https://music.douban.com/subject/36089156/
Functional Designs,Deepchord,2022,,2023-06-18,https://music.douban.com/subject/36116984/
Linval Thompson Meets Avantroots,Various,2023,★★★,2023-06-18,https://music.douban.com/subject/36398435/
Nymph,Shygirl,2022,★★★,2023-06-18,https://music.douban.com/subject/35898739/
Mars Is A Very Bad Place For Love,The Breathing Effect,2015,★★★★,2023-05-27,https://music.douban.com/subject/27189020/
Four-Calendar Café,Cocteau Twins,1993,★★★★★,2023-05-27,https://music.douban.com/subject/1800316/
Warm Chris,Aldous Harding,2022,★★★,2023-05-19,https://music.douban.com/subject/35733541/
Deftones,Deftones,2003,★★★★★,2023-05-19,https://music.douban.com/subject/1462893/
Preacher&#39;s Daughter,Ethel Cain,2022,★★★★★,2023-05-18,https://music.douban.com/subject/35896144/
Step By Step / 一步一步来,"Alan Braxe,DJ Falcon,Braxe + Falcon",2022,★★,2023-05-18,https://music.douban.com/subject/35839982/
MOTOMAMI / 狂飆辣妹,ROSALÍA,2022,★★★,2023-05-18,https://music.douban.com/subject/35777871/
God Save The Animals,Alex G,2022,★★★,2023-05-17,https://music.douban.com/subject/35936922/
Labyrinthitis,Destroyer,2022,★★★★,2023-05-17,https://music.douban.com/subject/35733243/
Blue Rev,Alvvays,2022,★★★,2023-05-17,https://music.douban.com/subject/35970715/
Cool it Down,Yeah Yeah Yeahs,2022,★★★,2023-05-17,https://music.douban.com/subject/35919053/
Roswell Rudd,Roswell Rudd,1965,★★★★★,2023-05-17,https://music.douban.com/subject/2044090/
The Spirit of Pitesti,Trespass Trio,2017,★★★★★,2023-05-16,https://music.douban.com/subject/35748198/
Todos os olhos,Tom Zé,1973,,2023-05-16,https://music.douban.com/subject/3311044/
África Brasil,Jorge Ben,1976,★★★★★,2023-05-16,https://music.douban.com/subject/3296342/
Milton,MILTON NASCIMENTO,1970,★★★★★,2023-05-16,https://music.douban.com/subject/27124845/
the imagined savior is far easier to paint,Ambrose Akinmusire,2014,★★★★★,2023-05-11,https://music.douban.com/subject/25844136/
Travesía,坂本龍一,2023,★★★★★,2023-05-10,https://music.douban.com/subject/36418069/
Glitch Princess,yeule,2022,★★★★★,2023-05-09,https://music.douban.com/subject/35619077/
ECHO回声,邵彦棚SHAO,2023,★★★★,2023-04-27,https://music.douban.com/subject/36331947/
The Art of Connecting,Jeff Mills,2000,★★★,2023-04-19,https://music.douban.com/subject/3783461/
No Highs,Tim Hecker,2023,★★★★★,2023-04-11,https://music.douban.com/subject/36220942/
With A Hammer,Yaeji,2023,★★★★,2023-04-11,https://music.douban.com/subject/36217587/
Being There,Tord Gustavsen Trio,2007,★★★★★,2023-04-07,https://music.douban.com/subject/2123713/
utp_,Alva Noto + Ryuichi Sakamoto,2009,★★★★★,2023-04-06,https://music.douban.com/subject/3057662/
Plunge,Fever Ray,2017,★★,2023-03-28,https://music.douban.com/subject/27182066/
The Asymptotical World,Yves Tumor,2021,★★★★★,2023-03-28,https://music.douban.com/subject/35524413/
Did You Know That There&#39;s a Tunnel Under Ocean Blvd / 海底隧道,Lana Del Rey,2023,★★★★★,2023-03-28,https://music.douban.com/subject/36181187/
Praise A Lord Who Chews But Which Does Not Consume; (Or Simply...,Yves Tumor,2023,★★★★★,2023-03-25,https://music.douban.com/subject/36253535/
Toys R Us Tantrums / Pike 282,Buckethead,2020,★★★★,2023-03-23,https://music.douban.com/subject/35221257/
Bucketheadland,Buckethead,1992,★★★★,2023-03-23,https://music.douban.com/subject/1769756/
Arc Of The Testimony,Arcana,2021,★★★★★,2023-03-23,https://music.douban.com/subject/35585362/
Kinda Miles / Live At the Velvet Lounge,Corey Wilkes,2011,★★★★★,2023-03-22,https://music.douban.com/subject/34210744/
reputation / 名誉,Taylor Swift,2017,★★,2023-03-20,https://music.douban.com/subject/27121419/
Fats Waller - Greatest Hits,Fats Waller,1996,★★★★,2023-03-08,https://music.douban.com/subject/1864987/
Sketches of Spain,"Miles Davis,Gil Evans",1959,★★★★★,2023-03-02,https://music.douban.com/subject/1394745/
After The Magic,Parannoul,2023,★★★★,2023-03-02,https://music.douban.com/subject/36222971/
Shifted in Dreams,Kassel Jaeger,2023,★★★★★,2023-02-27,https://music.douban.com/subject/36228947/
Girl In The Half Pearl,Liv.e,2023,★★★★★,2023-02-23,https://music.douban.com/subject/36240658/
"Desire, I Want To Turn Into You",Caroline Polachek,2023,★★★,2023-02-23,https://music.douban.com/subject/36177981/
In Rainbows Disk 2,Radiohead,2016,★★★★★,2023-02-23,https://music.douban.com/subject/26892996/
Marble Station,Sort Sol,1981,★★★★,2023-02-20,https://music.douban.com/subject/4259041/
Wheel In The Roses,Rema-Rema,1980,★★★★,2023-02-20,https://music.douban.com/subject/2282005/
Complete Solo Piano Recordings 1972-1996,George Winston,1996,★★★★,2023-01-09,https://music.douban.com/subject/4186916/
Specific Momentific,Cristian Vogel,1998,★★★,2023-01-06,https://music.douban.com/subject/1869760/
One on One,Mira Calix,2003,★★★,2023-01-05,https://music.douban.com/subject/1755908/
Far Away Trains Passing By,Ulrich Schnauss,2005,★★★,2023-01-05,https://music.douban.com/subject/1465746/
Monochrome Plural,Fizzarum,2000,★★★★,2023-01-05,https://music.douban.com/subject/1434158/
Merck Mix 4,2005-05-10,2005,★★,2023-01-05,https://music.douban.com/subject/1457703/
5 EP,Slowdive,1993,★★★,2023-01-04,https://music.douban.com/subject/2062784/
Tttrial and Eror,Apparat,2002,★★★★,2023-01-04,https://music.douban.com/subject/2304119/
Tadley Management,Kettel,2002,★★★,2023-01-04,https://music.douban.com/subject/5259908/
Child and Magic,Nobukazu Takemura,,★★★★★,2023-01-04,https://music.douban.com/subject/1915157/
10.100.02,Various,2002,★★★,2023-01-03,https://music.douban.com/subject/5064682/
Otherness,Cocteau Twins,1995,★★★★,2023-01-03,https://music.douban.com/subject/1460285/
A Chance to Cut Is a Chance to Cure,Matmos,2001,★★★,2023-01-03,https://music.douban.com/subject/1465853/
Vahiné,Gigi Masin,2022,★★★,2023-01-03,https://music.douban.com/subject/36185490/
BACK 2 LIFE,Thaiboy Digital,2022,★★,2022-12-31,https://music.douban.com/subject/36127956/
Be Smoke + Rapallo / 成为烟,血男孩 Bloodz Boi,2022,★★★,2022-12-31,https://music.douban.com/subject/36076163/
4040- Good Thing Bad Thing Who Knows,Jawnino,2022,★★★,2022-12-31,https://music.douban.com/subject/36061172/
Resignation I​-​II​-​III,NORDVARGR,2022,★★★★,2022-12-31,https://music.douban.com/subject/35930804/
Mr. Morale &amp; The Big Steppers,Kendrick Lamar,2022,★★★★★,2022-12-30,https://music.douban.com/subject/35874188/
Utopia,Martin Küchen,2022,★★★★★,2022-12-30,https://music.douban.com/subject/35878742/
"Shimmer, Tree",Kotoka Suzuki,2000,★★★★★,2022-12-30,https://music.douban.com/subject/36186116/
Np3,Nils Petter Molvaer,2002,★★★★★,2022-12-29,https://music.douban.com/subject/1789746/
SOS,SZA,2022,★★★★,2022-12-28,https://music.douban.com/subject/36175905/
Ode To Birds,金井英人 Kanai Hideo,1975,★★★★★,2022-12-07,https://music.douban.com/subject/3310872/
The New Four Seasons - Vivaldi Recomposed,"Max Richter,Chineke! Orchestra,Elena Urioste",2000,★★★★,2022-11-29,https://music.douban.com/subject/35816120/
A Time In My Life,Sarah Vaughan,1991,★★★★,2022-11-29,https://music.douban.com/subject/3155391/
Void Patrol,"Colin Stetson, Elliott Sharp, Billy Martin, Payton MacDonald",2022,★★★,2022-11-25,https://music.douban.com/subject/36001553/
Graffiti Blues,Blue Mitchell,1973,★★★★★,2022-11-25,https://music.douban.com/subject/2173713/
Nothing More To Say,the FRIGHTNRS,2016,★★★★★,2022-11-25,https://music.douban.com/subject/26871005/
後會有期 / The Long Goodbye,白水,2022,★★★★★,2022-11-18,https://music.douban.com/subject/36147186/
Back to the Woodlands,Ernest Hood,2022,★★★★★,2022-11-15,https://music.douban.com/subject/36084388/
Coco&#39;s Blues,Sunao Wada Quartet + 2,2002,★★★★★,2022-11-10,https://music.douban.com/subject/1878384/
Where?,Ron Carter,1991,★★★★★,2022-11-09,https://music.douban.com/subject/2051754/
Kizuna,"alva noto,坂本龙一 Ryuichi Sakamoto",2022,★★★★★,2022-11-08,https://music.douban.com/subject/36126659/
PDB,Jaco Pastorius,1995,★★★★★,2022-11-07,https://music.douban.com/subject/3670833/
Night Ride Home / 夜归路,Joni Mitchell,1991,★★★★★,2022-11-07,https://music.douban.com/subject/1476619/
Bumpin&#39;,Wes Montgomery,1997,★★★★★,2022-11-01,https://music.douban.com/subject/1861308/
Everything All Of The Time: Kid A Revisited,Rick Simpson,2020,★★★★★,2022-10-30,https://music.douban.com/subject/35236182/
Live,Terumasa Hino Quintet,1973,★★★★★,2022-10-29,https://music.douban.com/subject/1875280/
∞,Various,2021,★★★★,2022-10-28,https://music.douban.com/subject/24744315/
Birthingbodies EP,Fuubutsushi,2022,★★★,2022-10-28,https://music.douban.com/subject/36108381/
Neighborhoods,Ernest Hood,1975,★★★★★,2022-10-27,https://music.douban.com/subject/30260765/
Loput,Olli Aarni,2022,★★★★★,2022-10-25,https://music.douban.com/subject/35731152/
Say Goodbye To The Wind,Valerio Tricoli,2022,★★★★★,2022-10-20,https://music.douban.com/subject/36078851/
IRA,IOSONOUNCANE,2021,★★★,2022-10-20,https://music.douban.com/subject/35465304/
Spirit Exit,Caterina Barbieri,2022,★★★,2022-10-20,https://music.douban.com/subject/35875375/
Get Up with It,Miles Davis,1974,★★★★★,2022-09-23,https://music.douban.com/subject/1860307/
The Creator Has a Master Plan,Pharoah Sanders,2003,★★★★★,2022-09-18,https://music.douban.com/subject/2000916/
Yasuke,Flying Lotus,2021,★★★,2022-09-15,https://music.douban.com/subject/35448589/
Skydive,Mats Eilertsen,2011,★★★★,2022-09-12,https://music.douban.com/subject/35491978/
Kroksjø,Jo David Meyer Lysne &amp; Mats Eilertsen,2020,★★★★★,2022-09-12,https://music.douban.com/subject/35215891/
Sakura,Susumu Yokota,2004,★★,2022-09-12,https://music.douban.com/subject/1453488/
dream of me,Kaho Matsui,2022,★★★★,2022-09-08,https://music.douban.com/subject/36069451/
How To Raise An Ox,"Zu,Mats Gustafsson",2005,★★★★,2022-09-07,https://music.douban.com/subject/2294750/
Bakishinba: Memories of Africa,"Akira Ishikawa,Count Buffalo Jazz &amp; Rock Band",2007,★★★★★,2022-09-06,https://music.douban.com/subject/21352849/
Le Pas du Chat Noir / 黑色猫步,Anouar Brahem,2002,★★★★,2022-09-06,https://music.douban.com/subject/1424392/
Undesignated Remixes,dgoHn,2022,★★★★★,2022-09-06,https://music.douban.com/subject/36014816/
ジャズ・イン・トーキョー &#39;69 Live / Jazz In Tokyo &#39;69,V.A,2012,★★★★★,2022-09-01,https://music.douban.com/subject/26676401/
Istikhbars And Improvisations [VINYL],Mustapha Skandrani,2017,★★★★★,2022-09-01,https://music.douban.com/subject/30321762/
Setting Thoughts On Fire,Various Artists,2022,★★★★,2022-09-01,https://music.douban.com/subject/35999144/
Vanaprastha (The Man Who Went Into The Woods To Find Himself,Alex Smalley,2021,★★★★,2022-08-24,https://music.douban.com/subject/35572335/
"20,Stop it.",KID FRESINO,2021,★★★,2022-08-22,https://music.douban.com/subject/35312903/
Unity,Larry Young,1966,★★★★★,2022-08-22,https://music.douban.com/subject/1763268/
Vibrations Of The Day,"KonstruKt,Marshall Allen,Hüseyin Ertunç,Barlas Tan Özemek",2011,★★★★★,2022-08-17,https://music.douban.com/subject/30469783/
Žabí Hlen,Žabí Hlen,2008,★★★★★,2022-08-16,https://music.douban.com/subject/30482951/
Live at the Lighthouse,Elvin Jones,1972,★★★★★,2022-08-11,https://music.douban.com/subject/6311196/
Heavy Sounds,"Elvin Jones,Richard Davis",1967,★★★★★,2022-08-09,https://music.douban.com/subject/1992562/
Judgment!,Andrew Hill,1964,★★★★★,2022-08-09,https://music.douban.com/subject/35745867/
Two Dreams Flew Over A Pine Tree,Shingo Mimura,2021,★★★★,2022-08-08,https://music.douban.com/subject/35620279/
Triz,Pontiac Streator,2020,★★★★★,2022-08-08,https://music.douban.com/subject/35145260/
Kwanza,Archie Shepp,1974,★★★★★,2022-08-05,https://music.douban.com/subject/1930641/
New Thing at Newport,"John Coltrane,Archie Shepp",1965,★★★★★,2022-08-05,https://music.douban.com/subject/1418027/
Iron Man,Eric Dolphy,1968,★★★★★,2022-08-04,https://music.douban.com/subject/1828223/
Fire Music,Archie Shepp,1995,★★★★★,2022-08-03,https://music.douban.com/subject/1437186/
Dogon A.D.,Julius Hemphill,1977,,2022-08-02,https://music.douban.com/subject/3213648/
Mingus Mingus Mingus Mingus Mingus,Charles Mingus,1964,★★★★★,2022-08-02,https://music.douban.com/subject/1415361/
HS,Hello Shark,2015,★★★,2022-08-01,https://music.douban.com/subject/34460832/
The Clown,Charles Mingus,1957,★★★★★,2022-08-01,https://music.douban.com/subject/2002109/
闪鼓派 / Flash Beats Bone,Flash Beats Bone,2015,★★★★★,2022-07-29,https://music.douban.com/subject/26791800/
RENAISSANCE / 潮流復興,Beyoncé,2022,★★★,2022-07-29,https://music.douban.com/subject/35936506/
FREEBODY,까데호 (CADEJO),2020,★★★,2022-07-29,https://music.douban.com/subject/35262187/
Both,王萌+于淼,2020,★★★,2022-07-28,https://music.douban.com/subject/35136467/
Dimensional Stardust,"Rob Mazurek,Exploding Star Orchestra",2020,★★★★★,2022-07-28,https://music.douban.com/subject/35257816/
Adventure / 奇幻大冒险,Television,2003,★★★★★,2022-07-28,https://music.douban.com/subject/1428240/
Stardust Rituals,Electric Moon,2017,★★★★,2022-07-26,https://music.douban.com/subject/27016783/
Bäbi,Milford Graves,1977,★★★★★,2022-07-26,https://music.douban.com/subject/26777827/
Spirit Rejoin,Al Doum &amp; The Faryds,2018,★★★★,2022-07-26,https://music.douban.com/subject/34288407/
Nomadic,"Sonny Simmons,Moksha Samnyasin",2014,★★★★★,2022-07-25,https://music.douban.com/subject/26289963/
5 by Monk by 5,Thelonious Monk,1991,★★★★,2022-07-21,https://music.douban.com/subject/3170208/
Whitstable Solo,Evan Parker,2010,★★★★★,2022-07-21,https://music.douban.com/subject/4883268/
Live in Stockholm (1961),Thelonious Monk,1999,★★★★★,2022-07-19,https://music.douban.com/subject/3643293/
New Rock,Buffalo Daughter,1998,★★★★,2022-07-17,https://music.douban.com/subject/1408383/
Actions,"Don Cherry,Krzysztof Penderecki",2002,★★★★★,2022-07-17,https://music.douban.com/subject/2001378/
The Northman (Original Motion Picture Soundtrack) / 北欧人 原声带,"Robin Carolan,Sebastian Gainsborough",2022,★★★★★,2022-07-10,https://music.douban.com/subject/35870153/
Only Monk,Steve Lacy,1993,★★★★★,2022-07-07,https://music.douban.com/subject/3882089/
Interpretations of Monk,Various Artists,1994,★★★★★,2022-07-06,https://music.douban.com/subject/3211027/
Cavalcade,black midi,2021,★★★★,2022-06-30,https://music.douban.com/subject/35410285/
Let Go / 展翅高飞,Avril Lavigne,2002,★★★★,2022-06-30,https://music.douban.com/subject/1394992/
Time Tourist,B12,1996,★★★★★,2022-06-30,https://music.douban.com/subject/1938393/
Electro-Soma,B12,1993,★★★★,2022-06-30,https://music.douban.com/subject/1781058/
Lunatic Harness,µ-Ziq,1997,★★★★★,2022-06-29,https://music.douban.com/subject/1821473/
Ambient 1: Music For Airports / 氛围1号：机场音乐,Brian Eno,1979,★★★★,2022-06-29,https://music.douban.com/subject/1395064/
Drukqs / 磕药,Aphex Twin,2001,★★★★★,2022-06-29,https://music.douban.com/subject/1418673/
The Blue Notebooks - 15 Years,Max Richter,2018,★★★,2022-06-28,https://music.douban.com/subject/30303537/
First Take,"Archie Shepp,Siegfried Kessler",2005,★★★★★,2022-06-27,https://music.douban.com/subject/4046970/
"Live At Antibes Jazz Festival Juan-Les-Pins July 21, 1968",费拉·桑德斯 Pharoah Sanders,2019,★★★★,2022-06-25,https://music.douban.com/subject/34799013/
Seabed-Sunbath,Loris S. Sarid,2022,★★★★,2022-06-24,https://music.douban.com/subject/35942401/
Flood,Boris,2000,★★★★★,2022-06-24,https://music.douban.com/subject/1417509/
Real Trues Paying Dues,Mass 187,1996,,2022-06-23,https://music.douban.com/subject/4925998/
Free Fall,"Jimmy Giuffre,Paul Bley,Steve Swallow",1963,,2022-06-22,https://music.douban.com/subject/1768721/
Space Is the Place / 太空即歸宿,Sun Ra and His Astro Intergalactic Infinity Arkestra,1973,★★★★,2022-06-22,https://music.douban.com/subject/1499415/
"Open, To Love",Paul Bley,2000,★★★★★,2022-06-22,https://music.douban.com/subject/1433210/
Heavy Spirits,Oliver Lake,1997,★★★★★,2022-06-21,https://music.douban.com/subject/2032828/
Vietnam,Revolutionary Ensemble,1972,★★★★★,2022-06-21,https://music.douban.com/subject/4143874/
Rambler,Bill Frisell,1985,★★★,2022-06-21,https://music.douban.com/subject/1827675/
Trilogy,"Chick Corea,Chick Corea Trio",2014,★★★★★,2022-06-20,https://music.douban.com/subject/26320482/
Memphis Underground,Herbie Mann,1991,★★★★★,2022-06-19,https://music.douban.com/subject/1481867/
Sarah Vaughan With Clifford Brown,"Sarah Vaughan,Clifford Brown",1955,,2022-06-19,https://music.douban.com/subject/1762842/
Music for Loving - Ben Webster with Strings,Ben Webster,1995,★★★★,2022-06-17,https://music.douban.com/subject/3417804/
Music for Large &amp; Small Ensembles,Kenny Wheeler,2000,★★★★★,2022-06-17,https://music.douban.com/subject/1789555/
Free Spirits,Mary Lou Williams,1994,★★★★★,2022-06-16,https://music.douban.com/subject/3440291/
"The Flower, the Bird and the Mountain",The Kyoto Connection,2022,★★★★★,2022-06-16,https://music.douban.com/subject/35928578/
Suffering From Melancholia,Sewerslvt,2021,★★★★★,2022-06-15,https://music.douban.com/subject/35730157/
The Real McCoy,McCoy Tyner,1999,★★★★★,2022-06-12,https://music.douban.com/subject/1455986/
A Rare Genius,Ustad Vilayat Khan,2010,,2022-06-11,https://music.douban.com/subject/33631347/
Shaman,"Idris Ackamoor,The Pyramids",2020,★★★★★,2022-06-11,https://music.douban.com/subject/35081327/
Bach: Cello Suites,Pierre Fournier,2007,★★★★★,2022-06-11,https://music.douban.com/subject/3082678/
I Am A Bird Now,Antony And The Johnsons,2005,★★★★,2022-06-10,https://music.douban.com/subject/1417196/
Passing Ships,Andrew Hill,2003,★★★★★,2022-06-10,https://music.douban.com/subject/3317603/
Symbolic,Death,1995,★★★★★,2022-06-10,https://music.douban.com/subject/1770423/
Last Performance at Newport July 2 1966,John Coltrane,2009,★★★★★,2022-06-10,https://music.douban.com/subject/4724267/
Bloom,Beach House,2012,★★★,2022-06-10,https://music.douban.com/subject/10543651/
Andrew!!!,Andrew Hill,2005,★★★★★,2022-06-10,https://music.douban.com/subject/2244546/
Taiu,This Morn&#39; Omina,2001,★★,2022-06-10,https://music.douban.com/subject/34964747/
The Deep,Calibre,2017,★★★,2022-06-10,https://music.douban.com/subject/27011066/
Dark Matter,Moses Boyd,2020,★★★★,2022-06-10,https://music.douban.com/subject/34904933/
Purple Rain / 紫雨,Prince &amp; the Revolution,1984,,2022-06-10,https://music.douban.com/subject/2332225/
Baby / 宝贝,"Four Tet,艾莉·古尔丁 Ellie Goulding",2020,★★,2022-06-10,https://music.douban.com/subject/34962168/
24EFFECTS,"ゆうゆ,kiichi,iroha(sasaki),alfred,snowman(kuma+iroha)",2009,★★★★,2022-06-08,https://music.douban.com/subject/5267130/
Sibling,Ben Bondy,2020,★★★★★,2022-06-08,https://music.douban.com/subject/35117733/
The Big Gundown: John Zorn Plays the Music of Ennio Morricone ...,John Zorn,2000,★★★★★,2022-06-04,https://music.douban.com/subject/1467980/
Jazz at Massey Hall,"The Quintet,Dizzy Gillespie,Charlie Parker,Bud Powell,Charles Mingus,Max Roach",2006,★★★★★,2022-06-04,https://music.douban.com/subject/1895839/
A Portrait of Thelonious,Bud Powell,1965,★★★★★,2022-06-04,https://music.douban.com/subject/3424248/
Time Further Out,Dave Brubeck,1961,★★★★★,2022-06-04,https://music.douban.com/subject/2000105/
Symphony for Improvisers,Don Cherry,1967,★★★★★,2022-06-02,https://music.douban.com/subject/1892467/
Current Trends In Racism In Modern America (A Work In Progress),Butch Morris,2000,★★★★★,2022-06-02,https://music.douban.com/subject/7054515/
Enchance,Billy Hart,1990,★★★★★,2022-06-01,https://music.douban.com/subject/7064123/
Eye on You,Ronald Shannon Jackson &amp; The Decoding Society,1980,★★★★★,2022-06-01,https://music.douban.com/subject/4272098/
Buddha / 仏陀,声明VSジャズ,1977,,2022-06-01,https://music.douban.com/subject/30274622/
Ironic Universe,Janet Feder,2007,,2022-05-31,https://music.douban.com/subject/2023784/
Panthalassa: The Music Of Miles Davis 1969-1974,"Miles Davis,Miles Davis,Bill Laswell",1998,★★★,2022-05-25,https://music.douban.com/subject/1560748/
Nihil,Shrine,2014,★★★★★,2022-05-24,https://music.douban.com/subject/26075657/
"J. S. Bach: The Art Of Fugue, Emerson String Quartet / 巴赫《赋格...","J. S.Bach,The Emerson String Quartet,violin Philip Setzer,violin Eugene Drucker,viola (alto) Lawrence Dutton,violincello David Finckel",2003,★★★★★,2022-05-23,https://music.douban.com/subject/1419120/
Love In Shadow,Sumac,2018,★★★★★,2022-05-19,https://music.douban.com/subject/30316655/
Topical Dancer,"Charlotte Adigery,Bolis Pupul",2022,★★★,2022-05-19,https://music.douban.com/subject/35651253/
The 7th Hand,Immanuel Wilkins,2022,★★★★★,2022-05-19,https://music.douban.com/subject/35729482/
Ne Aggódj!!,Dzsindzsa,2019,★★★,2022-05-19,https://music.douban.com/subject/34028557/
A Light For Attracting Attention,The Smile,2022,★★★★★,2022-05-13,https://music.douban.com/subject/35875237/
To You,Carsten Meinert Kvartet ‎,1968,★★★★★,2022-05-13,https://music.douban.com/subject/26737420/
Jazz Impressions of Japan,Dave Brubeck Quartet,2001,★★★★★,2022-05-11,https://music.douban.com/subject/1476163/
ABYSSKISS,Adrianne Lenker,2018,★★★,2022-05-09,https://music.douban.com/subject/30294797/
Hours Were The Birds,Adrianne Lenker,2014,★★★★,2022-05-09,https://music.douban.com/subject/30296399/
songs,Adrianne Lenker,2020,★★★★,2022-05-08,https://music.douban.com/subject/35198004/
Mixing Colours,"Brian Eno,Roger Eno",2020,★★★,2022-05-08,https://music.douban.com/subject/34958769/
Six Songs for Invisible Gardens,Green-House,2020,★★★★,2022-05-08,https://music.douban.com/subject/34947002/
Peculiar,Kentaro Hayashi,2021,★★★★,2022-05-05,https://music.douban.com/subject/35420362/
Music Is the Healing Force of the Universe,Albert Ayler,2003,★★★★★,2022-05-04,https://music.douban.com/subject/1437277/
The Greeting,McCoy Tyner,1978,★★★★★,2022-05-04,https://music.douban.com/subject/34521463/
Homage to John Coltrane,Dave Liebman,2007,★★★★★,2022-05-04,https://music.douban.com/subject/2295424/
Let My Children Hear Music,Charles Mingus,1972,★★★★★,2022-05-04,https://music.douban.com/subject/2002090/
Charles Tyler Ensemble,Charles Tyler Ensemble,1966,★★★★★,2022-05-01,https://music.douban.com/subject/3562458/
Eastern Man Alone,Charles Tyler,1993,★★★★★,2022-05-01,https://music.douban.com/subject/3219474/
山下毅雄を斬る / 山下毅雄を斬る 大友良英プレイズ ミュージ...,"大友良英,Yoshihide Otomo",1999,★★★★,2022-04-25,https://music.douban.com/subject/1787288/
Feeding The Machine,Binker and Moses,2022,★★★★★,2022-04-14,https://music.douban.com/subject/35730761/
The Immortal Tide,GUAN,2022,★★,2022-03-31,https://music.douban.com/subject/35840186/
Clouds,Joni Mitchell,1969,★★★★★,2022-03-29,https://music.douban.com/subject/1422249/
The Amazing Adventures of Simon Simon,"John Surman,Jack DeJohnette",1981,★★★★,2022-03-26,https://music.douban.com/subject/1867363/
Live at Akbank Jazz Festival,"Evan Parker,KonstruKt",2016,★★★★★,2022-03-24,https://music.douban.com/subject/33939555/
Starship Africa,Creation Rebel,2011,,2022-03-24,https://music.douban.com/subject/19968299/
CRASH / 強烈衝擊,Charli XCX,2022,★★,2022-03-24,https://music.douban.com/subject/35651760/
Conference of the Birds,Dave Holland,1973,★★★★★,2022-03-18,https://music.douban.com/subject/1771162/
Time for Tyner,McCoy Tyner,2005,★★★★★,2022-03-15,https://music.douban.com/subject/1829117/
El Hombre [Rudy Van Gelder edition],Pat Martino,2007,★★★★★,2022-03-14,https://music.douban.com/subject/34596581/
Presence,As If,2017,★★★★,2022-03-14,https://music.douban.com/subject/27050914/
Plonk,Huerco S.,2022,★★★★★,2022-03-11,https://music.douban.com/subject/35665977/
Deadbeat Meets The Mole,Deadbeat,2020,★★★,2022-03-11,https://music.douban.com/subject/35242433/
Love Of Plastic,Shinichi Atobe,2022,★★,2022-03-10,https://music.douban.com/subject/35737499/
Parks &amp; Wreck,Aaron Parks,2020,★★,2022-03-10,https://music.douban.com/subject/35109935/
Find The Way,"Aaron Parks,Ben Street,Billy Hart",2017,★★★,2022-03-09,https://music.douban.com/subject/27037311/
Arborescence,Aaron Parks,2013,★★★★,2022-03-09,https://music.douban.com/subject/25743382/
"György Ligeti Edition 6: Keyboard Works (Piano Four-Hands, ...","Irina Kataeva,Pierre-Laurent Aimard,Elisabeth Chojnacka,Zsigmond Szathmáry",1997,,2022-03-07,https://music.douban.com/subject/1903930/
Monk&#39;s Music,Thelonious Monk,1957,★★★★★,2022-03-07,https://music.douban.com/subject/1797708/
Groovin&#39; High,Dizzy Gillespie,1993,★★★★★,2022-03-07,https://music.douban.com/subject/3077070/
Prologue,Renaissance,1972,★★★★★,2022-03-07,https://music.douban.com/subject/3290558/
The Rising Tide,Sunny Day Real Estate,2000,★★★,2022-03-06,https://music.douban.com/subject/1774858/
Double Trouble,"Barry Guy,The London Jazz Composers&#39; Orchestra",1990,★★★★★,2022-03-03,https://music.douban.com/subject/3425416/
Staying on the Watch,Sonny Simmons,2002,★★★★★,2022-03-03,https://music.douban.com/subject/3201950/
Oh Yeah,Charles Mingus,1962,★★★★★,2022-03-03,https://music.douban.com/subject/3615730/
On Meaning,Steve Lehman Quintet,2007,★★★★★,2022-03-03,https://music.douban.com/subject/3648095/
Tape Hymns,"zakè,City of Dawn",2022,★★★★★,2022-03-02,https://music.douban.com/subject/35737116/
Frizzell &amp; Duque: Orison,zakè &amp; City of Dawn,2022,★★★★★,2022-03-02,https://music.douban.com/subject/35608244/
Remembrance,zakè,2022,★★★★★,2022-03-01,https://music.douban.com/subject/35737113/
Phantasiai,LEILA ABDUL-RAUF,2021,★★★★,2022-03-01,https://music.douban.com/subject/35493775/
Noah Howard Quartet,Noah Howard Quartet,1993,★★★★★,2022-02-28,https://music.douban.com/subject/3268546/
Drums From The West,"Hodge,Simo Cell",2021,★★★,2022-02-28,https://music.douban.com/subject/35676772/
365,"血男孩 Bloodz Boi,Quit Life",2022,★★★,2022-02-27,https://music.douban.com/subject/35777833/
他们知道我们知道他们在撒谎 / They Know We Know They&#39;...,红领巾乐队 RED SCARF,2018,★★★★★,2022-02-25,https://music.douban.com/subject/30237653/
My Name Is Albert Ayler,Albert Ayler,1965,★★★★★,2022-02-24,https://music.douban.com/subject/1864103/
We Insist! Max Roach&#39;s Freedom Now Suite,Max Roach,1960,★★★★★,2022-02-23,https://music.douban.com/subject/1768797/
Winter Garden,"FLOW TRIO,JOE MCPHEE",2021,★★★★★,2022-02-23,https://music.douban.com/subject/35411164/
Eastern Saga: Live at TUSK,"Konstrukt,大友良英 Otomo Yoshihide",2020,★★★★★,2022-02-22,https://music.douban.com/subject/35192136/
Black Orpheus / 黑色俄耳甫斯,Isao Suzuki Trio (铃木勋三重奏),1976,★★★★,2022-02-21,https://music.douban.com/subject/1839951/
Shortwave Memories,Biosphere,2022,★★★,2022-02-21,https://music.douban.com/subject/35663565/
May the Blood of Many a Valiant Knight Be Avenged,Soil Bleeds Black,1998,★★★★,2022-02-18,https://music.douban.com/subject/1806739/
Behind The Gates Of Black Abyss,Lugburz,2003,★★★★,2022-02-17,https://music.douban.com/subject/2982675/
Enchantment Of The Ring,Secret Stairways,1997,★★★★,2022-02-17,https://music.douban.com/subject/27602734/
Clear,Cybotron,1990,★★★★★,2022-02-17,https://music.douban.com/subject/3279578/
Communicate,543ff,2021,★★★★,2022-02-17,https://music.douban.com/subject/35723359/
Come Heavy Sleep,Die Verbannten Kinder Evas,1997,★★★★,2022-02-16,https://music.douban.com/subject/1768161/
Ånden Som Gjorde Opprør,Mortiis,1995,★★★★,2022-02-16,https://music.douban.com/subject/1800393/
Gittin to Know Y&#39;all,Baden Baden Free Jazz Orchestra,2003,★★★★★,2022-02-16,https://music.douban.com/subject/3321314/
Kid Amnesiae,电台司令 Radiohead,2021,★★★★★,2022-02-16,https://music.douban.com/subject/35591590/
Nova / Moth,Burial &amp; Four Tet,2022,★★★,2022-02-16,https://music.douban.com/subject/35769088/
Parede,Angles 3,2018,★★★★★,2022-02-15,https://music.douban.com/subject/35202282/
Fake Train,Unwound,1994,★★★★★,2022-02-14,https://music.douban.com/subject/3114737/
Sleep&#39;s Holy Mountain,Sleep,1992,,2022-02-14,https://music.douban.com/subject/1888888/
Athos,Stephan Micus,2000,★★★★,2022-02-13,https://music.douban.com/subject/1431908/
Snow,Stephan Micus,2008,★★★★,2022-02-12,https://music.douban.com/subject/3103165/
Darkness and Light,Stephan Micus,1994,★★★★★,2022-02-12,https://music.douban.com/subject/1798546/
From In To Out,Dizzy Reece,2009,★★★★★,2022-02-12,https://music.douban.com/subject/26265639/
Another Thought,Arthur Russell,2006,★★,2022-02-12,https://music.douban.com/subject/1863277/
Pole 1,Pole,1999,★★★,2022-02-10,https://music.douban.com/subject/1424259/
I Spider,Web,2008,★★★★★,2022-02-10,https://music.douban.com/subject/3440763/
Bytes,Black Dog Productions,1993,★★★★★,2022-02-09,https://music.douban.com/subject/1763587/
The Futuristic Sounds of Sun Ra,Sun Ra,1994,★★★★★,2022-02-04,https://music.douban.com/subject/4164905/
Piano Solo,Stefano Bollani,2007,★★★★,2022-02-04,https://music.douban.com/subject/1975628/
BAD MODE / BADモード,宇多田ヒカル,2022,★★★,2022-02-04,https://music.douban.com/subject/35691722/
Tati,"Enrico Rava,Stefano Bollani,Paul Motian",2005,★★★★★,2022-02-03,https://music.douban.com/subject/1781420/
Dead Magic / 逝者魔幻,Anna Von Hausswolff,2018,★★★★,2022-02-03,https://music.douban.com/subject/27600281/
Recycled Plastik,Plastikman,1994,★★★★★,2022-02-02,https://music.douban.com/subject/2051236/
Operation: Doomsday,MF Doom,1999,★★★★★,2022-02-01,https://music.douban.com/subject/1784376/
Madvillainy,Madvillain,2004,★★★★★,2022-02-01,https://music.douban.com/subject/1419457/
Billy Breathes,Phish,1996,★★★★,2022-02-01,https://music.douban.com/subject/1886440/
4 Corners,"Adam Lane,Ken Vandermark,Magnus Broo,Paal Nilssen-Love",2016,★★★★★,2022-01-31,https://music.douban.com/subject/30363801/
Jeopardy,The Sound,2003,,2022-01-30,https://music.douban.com/subject/1906370/
King of Kings,The Pyramids,1974,★★★★,2022-01-28,https://music.douban.com/subject/20327037/
Atrocity Exhibition / 暴行展示品,Danny Brown,2016,★★★★★,2022-01-28,https://music.douban.com/subject/26860237/
The Blues and the Abstract Truth,"Freddie Hubbard,Eric Dolphy,Oliver Nelson,George Barrow,Bill Evans,Paul Chambers,Roy Haynes",1961,★★★★★,2022-01-21,https://music.douban.com/subject/1467579/
4-Track Guitar Music,Mats Erlandsson,2021,★★★★★,2022-01-20,https://music.douban.com/subject/35410979/
Silent Hill 4: The Room Original Soundtrack,山冈晃,2004,★★★★★,2022-01-20,https://music.douban.com/subject/3781364/
Sheet One,Plastikman,1993,★★★★★,2022-01-19,https://music.douban.com/subject/1798395/
アローン・イン・徳山 / Alone In Tokuyama,"明田川荘之,Shoji Aketagawa",2019,★★★★,2022-01-19,https://music.douban.com/subject/34798752/
スマイル / Smile,"初山博,Hiroshi Hatsuyama",2019,★★★,2022-01-18,https://music.douban.com/subject/35013710/
Unlovely Drum,Takeshi Nakamura,2020,★★★★,2022-01-18,https://music.douban.com/subject/35262160/
Mari,Mari Nakamoto,1977,★★★,2022-01-18,https://music.douban.com/subject/10867268/
Industrial Strength,Borbetomagus And Friends,1983,,2022-01-18,https://music.douban.com/subject/35708248/
Free Form Suite,Masayuki &#34;Jojo&#34; Takayanagi &amp; New Direction for the Arts,1972,★★★★★,2022-01-18,https://music.douban.com/subject/2334241/
Q,"Hideto Kanai Group,金井英人",2013,★★★★★,2022-01-17,https://music.douban.com/subject/26608738/
Live At The Montreux Jazz Festival,Anna von Hausswolff,2022,★★★★★,2022-01-17,https://music.douban.com/subject/35684961/
Peitzer Grand Mit Vieren,"Günter Baby Sommer,Manfred Schoof,Gianluigi Trovesi,Barre Phillips",2009,★★★★★,2022-01-17,https://music.douban.com/subject/33397165/
Pu Poo Platter Vol​.​1,Pu Poo Platter,2022,★★★★★,2022-01-14,https://music.douban.com/subject/35722292/
Caprisongs,小枝女孩 Fka Twigs,2022,★★★★,2022-01-14,https://music.douban.com/subject/35727141/
Blues,Jimi Hendrix,1994,★★★★★,2022-01-14,https://music.douban.com/subject/1461911/
Gumbo Millennium,24-7 Spyz,1990,★★★★★,2022-01-13,https://music.douban.com/subject/3104357/
Hounds of Love / 爱的猎犬,Kate Bush,1985,★★★★★,2022-01-13,https://music.douban.com/subject/1438004/
Parallel,The Black Dog,1995,★★★★★,2022-01-12,https://music.douban.com/subject/2039778/
Penderecki: Threnody to the Victims of Hiroshima; Canticum Can...,"Krzysztof Penderecki,London Symphony Orchestra,Polish Radio National Symphony Orchestra,Wanda Wilkomirska,Krakow Philharmonic Chorus",1994,★★★★★,2022-01-12,https://music.douban.com/subject/2287466/
Penderecki: Threnody for the Victims of Hiroshima; Polymorphia...,"Krzysztof Penderecki,Jonny Greenwood",2012,★★★★★,2022-01-12,https://music.douban.com/subject/10531039/
The Power of the Dog (Soundtrack from the Netflix Film) / 犬之力 ...,强尼·格林伍德 Jonny Greenwood,2021,★★★★★,2022-01-11,https://music.douban.com/subject/35656560/
Legalize It,Peter Tosh,1976,★★★★★,2022-01-11,https://music.douban.com/subject/1776092/
Glen Rose Formation,Field Works,2018,★★★★,2022-01-10,https://music.douban.com/subject/30387652/
Trainspotting Vol. #2,Original Soundtrack,1997,★★★★★,2022-01-10,https://music.douban.com/subject/1456631/
Trainspotting,Original Soundtrack,1996,★★★★★,2022-01-10,https://music.douban.com/subject/1395200/
Trio,Mike Taylor,2004,,2022-01-09,https://music.douban.com/subject/5291026/
Monk!,Wolfgang Schmidtke Orchestra,2018,★★★★,2022-01-08,https://music.douban.com/subject/35705098/
The Illinois Concert / 伊利诺伊现场,Eric Dolphy,1999,★★★★★,2022-01-08,https://music.douban.com/subject/1755219/
多米力高断断断电星,脏手指 Oh! Dirty Fingers,2021,★★★★★,2022-01-08,https://music.douban.com/subject/35693492/
Icons+,Eli Keszler,2021,★★★★,2022-01-08,https://music.douban.com/subject/35671204/
Cracks,Bendik Giske,2021,★★★,2022-01-07,https://music.douban.com/subject/35577784/
Comainu.de / コマイヌで,Comainu,2008,★★★★★,2022-01-05,https://music.douban.com/subject/35554510/
Red Kite,Sarah Cracknell,2015,★★★,2022-01-05,https://music.douban.com/subject/26368222/
Darkly,Long Arm,2018,★★★,2022-01-05,https://music.douban.com/subject/30295623/
A Visible Length of Light,Lea Bertucci,2021,★★★★★,2022-01-04,https://music.douban.com/subject/35378491/
Solid Ether,Nils Petter Molvaer,2001,★★★★,2022-01-04,https://music.douban.com/subject/1776232/
DIWAN,Shahbaz Hussain and Helen Anahita Wilson,2019,★★★★★,2021-12-30,https://music.douban.com/subject/34095150/
7​.​37​/​2​.​11,Perila,2021,★★★★,2021-12-29,https://music.douban.com/subject/35620326/
a softer focus,claire rousay,2021,★★★★,2021-12-29,https://music.douban.com/subject/35359577/
無罪モラトリアム / 无限偿还 / 无罪偿还,椎名林檎 Sheena Ringo,1999,★★★★★,2021-12-27,https://music.douban.com/subject/3338590/
Nude Rolling Down An Escalator / Studies For Disklavier,Kyle Gann,2005,,2021-12-27,https://music.douban.com/subject/35629673/
边界之境 / Eight Dreams,"SHAO,汪文伟",2021,★★★★★,2021-12-23,https://music.douban.com/subject/35707165/
Loveless / 感觉不会再爱了,My Bloody Valentine,1991,★★★★★,2021-12-23,https://music.douban.com/subject/1394751/
David Del Tredici: Steps / Haddocks&#39; Eyes,"Zubin Mehta,New York Philharmonic,Susan Narucki,Claire Bloom",1990,★★★★★,2021-12-22,https://music.douban.com/subject/33398502/
歌の星座 / チヨズ オン ステージ 第一集,チヨズ (Chiyo&#39;s),1999,,2021-12-22,https://music.douban.com/subject/35568604/
Grape Iris,D-Day,1986,★★★★★,2021-12-21,https://music.douban.com/subject/35685118/
Música Dispersa,Música Dispersa,1971,★★★★★,2021-12-16,https://music.douban.com/subject/3177365/
Pan Y Regaliz,Pan &amp; Regaliz,1971,★★★,2021-12-16,https://music.douban.com/subject/3080942/
Semi-Impressionism,"Tetuzi Akiyama,中村としまる Toshimaru Nakamura",2009,★★★★,2021-12-15,https://music.douban.com/subject/4050345/
No era sólida,Lucrecia Dalt,2020,★★★,2021-12-15,https://music.douban.com/subject/35125385/
Trivial Occupations,Francis Harris,2018,★★★★,2021-12-11,https://music.douban.com/subject/30357321/
Soundtrack from Twin Peaks / 双峰镇,安杰洛·巴达拉曼蒂 Angelo Badalamenti,1990,★★★★★,2021-12-09,https://music.douban.com/subject/1394972/
Kieslowski / 基斯洛夫斯基 － 普莱斯纳 / 影片配乐集,Zbigniew Preisner,2002,★★★★★,2021-12-09,https://music.douban.com/subject/1451576/
London Calling / 伦敦呼叫,The Clash,1979,,2021-12-09,https://music.douban.com/subject/1422363/
From Filthy Tongue of Gods &amp; Griots,Dälek,2002,★★★★,2021-12-08,https://music.douban.com/subject/1870654/
"Make All My Dreams Come True, Day by Day","黒岩静枝,Shizue Kuroiwa (Suzie)",1988,,2021-12-07,https://music.douban.com/subject/35620478/
Experiencing The Deposit Of Faith,Yves Tumor,2017,★★★★★,2021-12-07,https://music.douban.com/subject/27177107/
会飞的贼,曾轶可,2013,★★★,2021-12-06,https://music.douban.com/subject/24537350/
サタデーナイト・ゴシップ（初回生産限定アナログ盤）,椎名林檎,2009,,2021-12-06,https://music.douban.com/subject/3801613/
kiCK iiiii,Arca,2021,★★★,2021-12-06,https://music.douban.com/subject/35685113/
Olias of Sunhillow,Jon Anderson,1998,★★★★★,2021-12-02,https://music.douban.com/subject/1857691/
kick iiii,Arca,2021,★★,2021-12-02,https://music.douban.com/subject/35666807/
Blow,Swallow,1992,★★★★,2021-12-01,https://music.douban.com/subject/1493396/
KicK iii,Arca,2021,★★★★,2021-12-01,https://music.douban.com/subject/35656370/
Hidemi,Patrick Shiroishi,2021,★★★★,2021-11-30,https://music.douban.com/subject/35575272/
Descension,Patrick Shiroishi,2020,★★★★,2021-11-30,https://music.douban.com/subject/35049049/
Implosions,Stephan Micus,1994,★★★★★,2021-11-30,https://music.douban.com/subject/3523938/
Hurricane Belle,Joviale,2021,★★★,2021-11-30,https://music.douban.com/subject/35507781/
Foulden Road,"Neue Grafik Ensemble,Neue Grafik",2019,★★★★,2021-11-30,https://music.douban.com/subject/34935238/
KICK ii,Arca,2021,★★,2021-11-30,https://music.douban.com/subject/35617705/
Dogs Blood Rising / 狗血沸腾,Current 93,1995,★★★★,2021-11-29,https://music.douban.com/subject/1433373/
Thunder Perfect Mind,Current 93,1992,★★★★★,2021-11-29,https://music.douban.com/subject/1428503/
唄ひ手冥利~其の壱~ / Utaite Myori-Sono ichi- (歌手價值),椎名林檎,2002,★★★★,2021-11-29,https://music.douban.com/subject/1507183/
加爾基 精液 栗ノ花 / 加尔基 精液 栗子花,"Shiina Ringo,椎名林檎",2003,★★★★★,2021-11-26,https://music.douban.com/subject/1451538/
勝訴ストリップ / 胜诉的新宿舞娘,椎名林檎,2000,★★★★★,2021-11-26,https://music.douban.com/subject/1394555/
平成風俗 / 平成风俗,椎名林檎×斎藤ネコ,2007,★★★★★,2021-11-26,https://music.douban.com/subject/1950060/
"We Had Good Times Together, Don&#39;t Forget That",Sewerslvt,2021,★★★★,2021-11-25,https://music.douban.com/subject/35664288/
The Touchstone,Azimuth,,★★★★★,2021-11-23,https://music.douban.com/subject/1831705/
The Great Crossover Potential / 方糖精選集,The Sugarcubes,1998,★★★★★,2021-11-22,https://music.douban.com/subject/1840918/
And When Rome Falls,Current 93,2012,★★★★★,2021-11-22,https://music.douban.com/subject/10601525/
Remastered Pop Songs,"Monkey Power,Self Party",2009,★★★★,2021-11-21,https://music.douban.com/subject/3824969/
Gateway,John Abercrombie with Dave Holland and Jack DeJohnette,2000,★★★★★,2021-11-19,https://music.douban.com/subject/1785901/
"Bach, J.S.: French Suites Nos. 1 - 6 / Italian Concerto etc.",András Schiff,1993,,2021-11-17,https://music.douban.com/subject/34578242/
"Bach: French Suites, Nos. 1-6 / English Suite, No. 3 / Italian...","Andrei Gavrilov,Stanislav Bunin",2006,★★★★★,2021-11-17,https://music.douban.com/subject/1907195/
Lee &#34;Scratch&#34; Perry&#39;s Guide To The Universe,"New Age Doom,Lee &#34;Scratch&#34; Perry",2021,★★★★★,2021-11-13,https://music.douban.com/subject/35655781/
Together In Static,Daniel Avery,2021,★★★,2021-11-12,https://music.douban.com/subject/35433163/
Batik,"Ralph Towner,Eddie Gomez,Jack DeJohnette",1993,★★★★★,2021-11-10,https://music.douban.com/subject/1770288/
Fluid Rustle,Eberhard Weber,2001,★★★★★,2021-11-09,https://music.douban.com/subject/1484450/
Swimming with a Hole in My Body,Bill Connors,2000,★★★★★,2021-11-09,https://music.douban.com/subject/1827482/
Dolmen Music,Meredith Monk,2000,★★★★★,2021-11-09,https://music.douban.com/subject/1860250/
Bob Dylan,Bob Dylan,1962,★★★★★,2021-11-09,https://music.douban.com/subject/1428394/
موسيقى كلاسيكية ج...,"محمد خزناجي,Mohamed Khaznadji",1970,,2021-11-08,https://music.douban.com/subject/35632938/
Across the Shifting Abyss,Dahlia&#39;s Tear,2019,★★★★,2021-11-08,https://music.douban.com/subject/34894993/
TKOL RMX8,"Radiohead,Jamie xx,Anstam,Nathan Fake Harshdub",2011,★★★★★,2021-11-05,https://music.douban.com/subject/6990592/
KID A MNESIA,Radiohead,2021,★★★★,2021-11-05,https://music.douban.com/subject/35591343/
There&#39;s a Riot Goin&#39; On,Sly &amp; the Family Stone,1971,★★★★★,2021-11-04,https://music.douban.com/subject/1477282/
Violent Femmes / 泼妇,Violent Femmes,1983,★★★★,2021-11-04,https://music.douban.com/subject/1431935/
Sgt. Pepper&#39;s Lonely Hearts Club Band,The Beatles,1967,★★★★★,2021-11-04,https://music.douban.com/subject/1394665/
Jane Doe / 无名女尸,Converge,2001,★★★★★,2021-11-04,https://music.douban.com/subject/1897607/
Daemonum + Daemoniacum,raison d&#39;être,2021,★★★★★,2021-11-04,https://music.douban.com/subject/35505309/
Man Alive!,King Krule,2020,★★★,2021-11-03,https://music.douban.com/subject/34948621/
Il Tempo Della Gioia,Various Artists,2000,,2021-11-03,https://music.douban.com/subject/2173367/
Inception,McCoy Tyner,1962,★★★★★,2021-11-02,https://music.douban.com/subject/3621447/
Suicide (First Album),Suicide,1977,,2021-11-02,https://music.douban.com/subject/1424792/
Suicide,Suicide,1998,,2021-11-02,https://music.douban.com/subject/5989580/
Ocean to Ocean / 海洋呼喚,Tori Amos,2021,★★★,2021-11-02,https://music.douban.com/subject/35597256/
LP!,JPEGMAFIA,2021,★★★,2021-11-02,https://music.douban.com/subject/35630303/
Missus Beastly,Missus Beastly,1970,★★★★★,2021-11-01,https://music.douban.com/subject/3106243/
GZN RMX,"下山 Gezan,EYヨ(Boredoms)",2021,★★★,2021-11-01,https://music.douban.com/subject/35577019/
Annulus,koeosaeme,2021,★★★,2021-11-01,https://music.douban.com/subject/35529019/
Dune (Original Motion Picture Soundtrack) / 沙丘 电影原声带,汉斯·季默 Hans Zimmer,2021,★★★,2021-11-01,https://music.douban.com/subject/35600688/
創刊號,Sohkangoh,1971,★★★★,2021-11-01,https://music.douban.com/subject/35446550/
Enter The Zenmenn,The Zenmenn,2021,★★★★,2021-10-30,https://music.douban.com/subject/35438093/
Owabi Disk / お詫びDisk,渋さ知らズ,1992,★★★★★,2021-10-29,https://music.douban.com/subject/33421758/
Flower&#39;s Grave / 花之墓,Yikii,2019,★★★,2021-10-29,https://music.douban.com/subject/35054127/
Travelers / 旅行者,"Nicolas Masson,Lionel Friedli,Patrice Moret,Colin Vallon",2018,★★★,2021-10-29,https://music.douban.com/subject/30155415/
Fasil,Marc Sinan &amp; Julia Hülsmann,2009,★★★★★,2021-10-29,https://music.douban.com/subject/3592465/
The Ridge,Sarah Neufeld,2016,★★★,2021-10-28,https://music.douban.com/subject/26667809/
Rubicon,"Mats Eilertsen,Trygve Seim,Eirik Hegdal,Thomas Dahl,Rob Waring,Harmen Fraanje,Olavi Louhivuori",2016,★★★★,2021-10-28,https://music.douban.com/subject/26901185/
The Call,Charles Lloyd,1994,★★★,2021-10-28,https://music.douban.com/subject/2342172/
Filth Pig,Ministry,1996,★★★★,2021-10-28,https://music.douban.com/subject/1465521/
Dark Wood,David Darling,2000,★★★★,2021-10-27,https://music.douban.com/subject/1484839/
Cello,David Darling,1994,★★★★★,2021-10-27,https://music.douban.com/subject/1764563/
Blue Banisters / 蓝色扶手 / 蓝杆,Lana Del Rey,2021,★★★★,2021-10-27,https://music.douban.com/subject/35447534/
Terje Rypdal - Miroslav Vitous - Jack DeJohnette,"Terje Rypdal,Miroslav Vitous,Jack DeJohnette",1979,★★★★★,2021-10-27,https://music.douban.com/subject/2039961/
Hard Rain,Bob Dylan,1976,★★★★★,2021-10-26,https://music.douban.com/subject/1469654/
槟榔小曲 / Pinang Tunes,Sleeping Dogs,2021,★★★★★,2021-10-17,https://music.douban.com/subject/35623286/
Mangetsu / 満月,"Monday満ちる,Monday Michiru,秋吉満ちる",1991,★★★★★,2021-10-14,https://music.douban.com/subject/26363226/
Memo From,"Giancarlo Schiaffini,Michele Iannaccone",2007,,2021-10-13,https://music.douban.com/subject/6800632/
Txalaparta &#39;75 Iraila,Arza Anaiak,2007,,2021-10-13,https://music.douban.com/subject/5297485/
The Trio,"小山彰太,Shōta Koyama,林栄一,Ei-ichi Hayashi,國仲勝男,Katsuo Kuninaka",1988,★★★★★,2021-10-13,https://music.douban.com/subject/35606032/
Ame Triste,A Gethsémani,1987,,2021-10-12,https://music.douban.com/subject/26422996/
Complete Solo Works Of Masaki Batoh,Masaki Batoh,2017,,2021-10-12,https://music.douban.com/subject/27132496/
Penderecki &amp; Lutosławski: String Quartets,Royal String Quartet,2013,,2021-10-12,https://music.douban.com/subject/21371858/
Waka And Other Compositions,Michiko Toyama,1960,,2021-10-12,https://music.douban.com/subject/35608626/
Krzysztof Sadowski And His Hammond Organ,Krzysztof Sadowski,1970,★★★★,2021-10-11,https://music.douban.com/subject/30308938/
Maxinquaye,Tricky,1995,★★★★★,2021-10-11,https://music.douban.com/subject/1394916/
The Tradition,Archie Shepp,1978,★★★★★,2021-10-10,https://music.douban.com/subject/35488047/
94 Diskont,Oval,1996,★★★★,2021-10-09,https://music.douban.com/subject/1780458/
Endless Summer,Fennesz,2001,★★★,2021-10-09,https://music.douban.com/subject/1467427/
Dig Your Own Hole / 自掘洞窟,The Chemical Brothers,1997,★★★,2021-10-09,https://music.douban.com/subject/1408401/
Tri Repetae,Autechre,1995,★★★★★,2021-10-09,https://music.douban.com/subject/3124015/
Horses / Horses,Patti Smith,1975,,2021-10-09,https://music.douban.com/subject/1395478/
The North Water (Original Score),Tim Hecker,2021,★★★★★,2021-10-09,https://music.douban.com/subject/35593387/
Talk Memory,BADBADNOTGOOD,2021,★★★★★,2021-10-08,https://music.douban.com/subject/35525585/
Kimono My House,Sparks,1974,★★★,2021-10-08,https://music.douban.com/subject/1948539/
Double Nickels On The Dime,Minutemen,1984,,2021-10-08,https://music.douban.com/subject/1729233/
Let It Be,The Replacements,1984,,2021-10-08,https://music.douban.com/subject/1737734/
Stretch Music,Christian Scott,2015,★★★★★,2021-10-07,https://music.douban.com/subject/26631371/
Sextant,Herbie Hancock,1998,★★★★★,2021-10-06,https://music.douban.com/subject/2147936/
Frequencies,LFO,1991,★★★★,2021-10-05,https://music.douban.com/subject/1867632/
"The Genius of Charlie Parker, Vol. 3: Now&#39;s the Time",Charlie Parker,1990,,2021-10-04,https://music.douban.com/subject/1945598/
Bird with the Herd,Charlie Parker &amp; Woody Herman,1996,,2021-10-04,https://music.douban.com/subject/4726903/
"Town Hall, New York City, June 22, 1945","Dizzy Gillespie,Charlie Parker",2005,★★★★★,2021-10-02,https://music.douban.com/subject/1463171/
Exodus,Bob Marley &amp; The Wailers,1977,★★★★★,2021-10-02,https://music.douban.com/subject/1480178/
Forever Changes / 永远的改变,Love,1967,,2021-10-01,https://music.douban.com/subject/1395483/
Blood On the Tracks,Bob Dylan,1975,★★★★★,2021-09-30,https://music.douban.com/subject/1433139/
Daydream Nation,Sonic Youth,1988,★★★★★,2021-09-30,https://music.douban.com/subject/1401801/
Melody Nelson,Portishead,2002,,2021-09-30,https://music.douban.com/subject/5374553/
Histoire de Melody Nelson,Serge Gainsbourg,1971,,2021-09-30,https://music.douban.com/subject/1394585/
Astral Weeks,Van Morrison,1968,★★★★,2021-09-30,https://music.douban.com/subject/1439417/
Sound of Silver,LCD Soundsystem,2007,★★★,2021-09-30,https://music.douban.com/subject/1981074/
Lonerism,Tame Impala,2012,★★★★,2021-09-29,https://music.douban.com/subject/11499053/
Sunbather / 晒太阳的人,Deafheaven,2013,★★★★,2021-09-29,https://music.douban.com/subject/23966977/
Doolittle / 小作一番,Pixies,1989,★★★★★,2021-09-29,https://music.douban.com/subject/1418388/
Goat / 山羊,The Jesus Lizard,1992,★★★★,2021-09-28,https://music.douban.com/subject/1781808/
Pink,Boris,2005,★★★★★,2021-09-28,https://music.douban.com/subject/1464204/
Wowee Zowee / 无为所为,Pavement,1995,★★★,2021-09-28,https://music.douban.com/subject/1397360/
Blue Lines / 蓝线,Massive Attack,1991,★★★★,2021-09-28,https://music.douban.com/subject/1418072/
Laughing Stock / 笑柄,Talk Talk,1991,,2021-09-27,https://music.douban.com/subject/1433447/
Cherry Drops I,Call Super,2021,★★★★★,2021-09-27,https://music.douban.com/subject/35607273/
Screamadelica / 吊炸天,Primal Scream,1991,★★★★,2021-09-27,https://music.douban.com/subject/1395321/
The Man-Machine / The Man•Machine,Kraftwerk,1978,★★★,2021-09-26,https://music.douban.com/subject/1401792/
Souvlaki,Slowdive,1993,★★★★★,2021-09-26,https://music.douban.com/subject/1394748/
I Can Hear the Heart Beating as One / 我能听见唯一的心跳声,Yo La Tengo,1997,★★★★★,2021-09-26,https://music.douban.com/subject/1401639/
Songs For The Deaf,Queens Of The Stone Age,2002,★★★,2021-09-26,https://music.douban.com/subject/1451623/
Embryonic / 发芽胚胎,The Flaming Lips,2009,★★★,2021-09-26,https://music.douban.com/subject/4000269/
Cross / †,Justice,2007,★★,2021-09-26,https://music.douban.com/subject/2081505/
Ladies and Gentlemen We Are Floating in Space,Spiritualized,1997,★★★★,2021-09-26,https://music.douban.com/subject/1395094/
Heaven or Las Vegas / 天堂或拉斯维加斯,Cocteau Twins,1990,★★★★★,2021-09-24,https://music.douban.com/subject/1395260/
Analphabetapolothology,Cap&#39;n Jazz,1998,★★★★★,2021-09-24,https://music.douban.com/subject/2037789/
Built to Spill Plays the Songs of Daniel Johnston,Built to Spill,2020,★★★,2021-09-24,https://music.douban.com/subject/35040287/
Who&#39;s Next / 谁是下一个,The Who,1971,★★★★★,2021-09-24,https://music.douban.com/subject/1437579/
The Queen Is Dead,The Smiths,1986,★★★,2021-09-23,https://music.douban.com/subject/1394616/
Low,David Bowie,1977,,2021-09-23,https://music.douban.com/subject/1438206/
Spectrum of Death,Morbid Saint,1988,★★★★★,2021-09-23,https://music.douban.com/subject/2156929/
Epicus Doomicus Metallicus,Candlemass,1986,★★★★★,2021-09-22,https://music.douban.com/subject/1808185/
Nightfall In Middle-Earth,Blind Guardian,1998,★★★★,2021-09-22,https://music.douban.com/subject/1440663/
In the Nightside Eclipse,Emperor,1994,★★★★★,2021-09-22,https://music.douban.com/subject/1419028/
Yankee Hotel Foxtrot / 洋基佬旅馆的狐步舞,Wilco,2002,,2021-09-22,https://music.douban.com/subject/1408537/
If You&#39;re Feeling Sinister,Belle &amp; Sebastian,1996,★★★★,2021-09-22,https://music.douban.com/subject/1394583/
Either/Or / 模棱两可,Elliott Smith,1997,,2021-09-22,https://music.douban.com/subject/1394603/
The Shape of Punk to Come: A Chimerical Bombation In 12 Bursts,Refused,1998,★★★★★,2021-09-22,https://music.douban.com/subject/1437813/
Odelay / 欧迪雷,Beck,1996,★★★★★,2021-09-22,https://music.douban.com/subject/1394632/
Parklife,Blur,1994,★★★★★,2021-09-19,https://music.douban.com/subject/1394559/
Never Forget Death [RARE],Import,,★★,2021-09-19,https://music.douban.com/subject/3884711/
The Devil And God Are Raging Inside Me,Brand New,2006,★★,2021-09-19,https://music.douban.com/subject/1928039/
Grace / 恩典,Jeff Buckley,1994,★★★★,2021-09-19,https://music.douban.com/subject/1394793/
De-Loused In The Comatorium,The Mars Volta,2003,★★★★,2021-09-19,https://music.douban.com/subject/1473003/
Demon Days / GORILLAZ DEMON DAYS,Gorillaz,2005,★★★,2021-09-19,https://music.douban.com/subject/1395784/
Crystal Castles (II),Crystal Castles,2010,★★,2021-09-19,https://music.douban.com/subject/4775120/
"You&#39;re A Woman, I&#39;m A Machine",Death From Above 1979,1979,★★★,2021-09-19,https://music.douban.com/subject/1457354/
Fleet Foxes / 同名專輯,Fleet Foxes,2008,★★★,2021-09-18,https://music.douban.com/subject/3101574/
"Spirit They&#39;re Gone, Spirit They&#39;ve Vanished",Animal Collective,2000,★★★★★,2021-09-18,https://music.douban.com/subject/5978874/
"Once In A Long, Long While...",Low Roar,2017,★★★,2021-09-18,https://music.douban.com/subject/27019658/
Person Pitch,Panda Bear,2007,★★★★,2021-09-18,https://music.douban.com/subject/1983502/
Siamese Dream / 暹逻之梦,The Smashing Pumpkins,1993,★★★★★,2021-09-18,https://music.douban.com/subject/1417135/
Illinois / Illinoise,Sufjan Stevens,2005,★★★★,2021-09-17,https://music.douban.com/subject/1417805/
The Lonesome Crowded West / 孤廖熙攘的西部,Modest Mouse,1997,★★★★★,2021-09-17,https://music.douban.com/subject/1456211/
Turn On The Bright Lights,Interpol,2002,,2021-09-17,https://music.douban.com/subject/1408380/
Richard D. James Album / 理查迪詹姆斯,Aphex Twin,1996,★★★★★,2021-09-17,https://music.douban.com/subject/1432291/
Weezer (Blue Album),Weezer,1994,★★★,2021-09-17,https://music.douban.com/subject/1418380/
Toxicity,System Of A Down,2001,★★★★★,2021-09-17,https://music.douban.com/subject/1428128/
Hybrid Theory / 混合理论,Linkin Park,2000,★★★★,2021-09-17,https://music.douban.com/subject/1394771/
Welcome To Sky Valley,Kyuss,1994,★★★★★,2021-09-17,https://music.douban.com/subject/1506712/
Emergency &amp; I,The Dismemberment Plan,1999,★★★★★,2021-09-16,https://music.douban.com/subject/1789508/
Smile,Brian Wilson,2004,★★★★★,2021-09-16,https://music.douban.com/subject/1462613/
Discovery / 发现,Daft Punk,2001,★★,2021-09-16,https://music.douban.com/subject/1395014/
Nowhere / 面朝大海，修修盖子,Ride,1990,★★★★,2021-09-16,https://music.douban.com/subject/1394974/
The Moon &amp; Antarctica / 月球与南极,Modest Mouse,2000,★★★,2021-09-16,https://music.douban.com/subject/1456210/
James Blake / 同名专辑,James Blake,2011,★★★,2021-09-16,https://music.douban.com/subject/5376143/
Bengt,Mats Gustafsson,2012,★★★★,2021-09-16,https://music.douban.com/subject/10792470/
Crystal Castles,Crystal Castles,2008,★★,2021-09-16,https://music.douban.com/subject/3012694/
Dinner Party,"Dinner Party,Terrace Martin,Robert Glasper,9th Wonder,Kamasi Washington",2020,★★★,2021-09-15,https://music.douban.com/subject/35118865/
Space 1.8,Nala Sinephro,2021,★★★★,2021-09-14,https://music.douban.com/subject/35587456/
Shore Rituals,Ruptured World,2021,★★★★★,2021-09-14,https://music.douban.com/subject/35402372/
The Dark Side of the Moon / 月之暗面,Pink Floyd,1973,★★★★★,2021-09-13,https://music.douban.com/subject/1395685/
In The Court Of The Crimson King,King Crimson,1969,★★★★★,2021-09-13,https://music.douban.com/subject/1417523/
Guru Guru,Guru Guru,2005,★★★,2021-09-12,https://music.douban.com/subject/1973103/
Elpmas,Moondog,1991,,2021-09-12,https://music.douban.com/subject/2154262/
Kamil Manqus كَامِل مَنْقو... / Kamil Manqus / Perfect...,Muqata&#39;a,2021,★★★★,2021-09-09,https://music.douban.com/subject/35324744/
Thick as a Brick,Jethro Tull,1972,,2021-09-09,https://music.douban.com/subject/1754070/
Selling England By The Pound / 大英帝国论斤卖,Genesis,1973,★★★★★,2021-09-09,https://music.douban.com/subject/1468629/
Close To The Edge / 靠近边缘,Yes,2003,★★★★★,2021-09-09,https://music.douban.com/subject/1436847/
Certified Lover Boy,Drake,2021,★★,2021-09-08,https://music.douban.com/subject/35310445/
Sometimes I Might Be Introvert / 时而 i 人,Little Simz,2021,★★★★★,2021-09-08,https://music.douban.com/subject/35441556/
Moonstone Journey,John Tchicai,1999,★★★,2021-09-08,https://music.douban.com/subject/3262498/
Tribal Ghost,"John Tchicai,Charlie Kohlhase,Garrison Fewell,Cecil McBee,Billy Hart",2013,★★★★★,2021-09-07,https://music.douban.com/subject/25764027/
Moon Day,"Binker Golding,John Edwards,Steve Noble",2021,★★★★,2021-09-07,https://music.douban.com/subject/35402235/
Untitled (Black Is),Sault,2020,★★,2021-09-06,https://music.douban.com/subject/35110363/
Salute to the Sun,Matthew Halsall,2020,★★★★★,2021-09-03,https://music.douban.com/subject/35212758/
WE ARE,Jon Batiste,2021,★★★★,2021-09-03,https://music.douban.com/subject/35404379/
Cairn,Fergus McCreadie,2021,★★★★,2021-09-03,https://music.douban.com/subject/35353287/
Good Ones,Charli XCX,2021,★,2021-09-03,https://music.douban.com/subject/35584781/
Rain Dogs / 雨狗,Tom Waits,1985,,2021-09-02,https://music.douban.com/subject/1395201/
Diary,Sunny Day Real Estate,1994,★★★★,2021-09-02,https://music.douban.com/subject/1774856/
Ethnic Expression,"Roy Brooks,Artistic Truth",2010,★★★★★,2021-09-01,https://music.douban.com/subject/4865261/
Black Market Music / 黑市音乐,Placebo,2001,★★★★★,2021-09-01,https://music.douban.com/subject/1830516/
Inna De Yard,Inna De Yard,2019,,2021-08-31,https://music.douban.com/subject/33400282/
Microcastle / 显微城堡,Deerhunter,2008,★★★,2021-08-31,https://music.douban.com/subject/3190278/
Trout Mask Replica,Captain Beefheart,1969,★★★,2021-08-31,https://music.douban.com/subject/1441642/
Untrue,Burial,2007,★★★★,2021-08-31,https://music.douban.com/subject/2298665/
Kakofonie Cesty,Pavel Zajíček,2007,★★★★★,2021-08-31,https://music.douban.com/subject/35483287/
Guitar Guitar,Uwe Kropinski,1991,★★★★★,2021-08-30,https://music.douban.com/subject/35509709/
ごきみっつあん,"砂時計,あやつり人形",1973,,2021-08-30,https://music.douban.com/subject/35574246/
J.S. Bach Italian Concerto [Solo Keyboard Works],Andras Schiff,2003,★★★★★,2021-08-30,https://music.douban.com/subject/1891981/
"J.S. Bach: Toccata, Partita, English Suite 2/ Martha Argerich",Martha Argerich,2000,★★★★★,2021-08-30,https://music.douban.com/subject/1452822/
DONDA,Kanye West,2021,,2021-08-30,https://music.douban.com/subject/35148000/
J.S. Bach: Brandenburg Concertos Nos. 1 - 6 / 勃兰登堡协奏曲,"Johann Sebastian Bach,Münchener Bach-Orchester,Karl Richter",1989,★★★★★,2021-08-29,https://music.douban.com/subject/1419321/
Night Dreamer,Wayne Shorter,1964,★★★★★,2021-08-29,https://music.douban.com/subject/1761781/
Forest Flower: Live in Monterey / Forest FLower,Charles Lloyd,1967,★★★★★,2021-08-29,https://music.douban.com/subject/1941378/
Gulda plays Bach,Friedrich Gulda,2008,★★★★★,2021-08-29,https://music.douban.com/subject/3448135/
Live at the Berlin Jazz Days,Trilogue,2000,★★★★★,2021-08-29,https://music.douban.com/subject/5282364/
Disco 2001,Tokyo Ghetto Pussy,1995,★★★★,2021-08-29,https://music.douban.com/subject/3286814/
Golden Years Of The Soviet New Jazz Volume IV,"Vyacheslav Ganelin,Vladimir Chekasin,Vladimir Tarasov",2003,★★★★★,2021-08-28,https://music.douban.com/subject/1946833/
色即是空空即是色 / Shikisokuzekuu-Kuusokuzeshiki,一柳慧 Toshi Ichiyanagi,2016,★★★★,2021-08-28,https://music.douban.com/subject/35213753/
Without You I&#39;m Nothing,Placebo,1998,★★★★,2021-08-28,https://music.douban.com/subject/1394915/
J.S. Bach: Orgelwerke / 巴赫《管风琴作品集》 / 卡尔·李希特演奏,Karl Richter,2005,★★★★★,2021-08-28,https://music.douban.com/subject/1775663/
Music for Saxofone and Bass Guitar More Songs,"Sam Gendel,Sam Wilkes",2021,,2021-08-26,https://music.douban.com/subject/35551566/
Music for Saxofone and Bass Guitar,"Sam Gendel,Sam Wilkes",2018,★★★★★,2021-08-26,https://music.douban.com/subject/34763454/
Tin Can Alley / 锡巷胡同 / Jack DeJohnette 81年专辑重版,Jack DeJohnette&#39;s Special Edition,1998,★★★★,2021-08-26,https://music.douban.com/subject/1827533/
An Electric Storm,White Noise,1969,★★★★,2021-08-26,https://music.douban.com/subject/1814113/
Bach: Goldberg Variations,Wilhelm Kempff,1994,★★★★★,2021-08-25,https://music.douban.com/subject/1860484/
The Anteroom,How to Dress Well,2018,★★★,2021-08-25,https://music.douban.com/subject/30322775/
Ultraviolet,Kelly Moran,2018,★★★★★,2021-08-25,https://music.douban.com/subject/30328601/
Portrait of a Gemini,Penny Goodwin,2016,★★★★★,2021-08-24,https://music.douban.com/subject/30190118/
FORGET,Xiu Xiu,2017,★★★,2021-08-24,https://music.douban.com/subject/26932587/
OH NO,Xiu Xiu,2021,★★★★,2021-08-24,https://music.douban.com/subject/35343718/
The Masterpiece,Toyozumi Unit,1981,,2021-08-24,https://music.douban.com/subject/30283843/
Live At MOCA,Airway,2018,★★★★★,2021-08-24,https://music.douban.com/subject/35563307/
Golden Years Of The Soviet New Jazz Volume III,"Homo Liber,Vladimir Chekasin Big Bands,Sainkho Namtchylak Sainkho Namtchylak,Tri-O,Vladislav Makarov,Andrew Solovyev,Igor Grigoriev",2003,★★★★★,2021-08-24,https://music.douban.com/subject/1860458/
Liberation Music Orchestra,Charlie Haden,1996,,2021-08-22,https://music.douban.com/subject/1812162/
Roger Nichols &amp; the Small Circle of Friends,Roger Nichols &amp; the Small Circle of Friends,2005,,2021-08-21,https://music.douban.com/subject/3721056/
Clin d&#39;Oeil,Jazz Liberatorz,2008,★★★★,2021-08-20,https://music.douban.com/subject/2379577/
Dropped Pianos,Tim Hecker,2011,★★★★★,2021-08-20,https://music.douban.com/subject/6870617/
Electroacoustic Sludge Dither Transformation Smear Grind Decom...,Russell Haswell &amp; PAIN JERK,2014,★★★★★,2021-08-19,https://music.douban.com/subject/25881283/
Nelson Ayres,Nelson Ayres,1979,★★★★★,2021-08-19,https://music.douban.com/subject/35414178/
Clara,loscil,2021,★★★★★,2021-08-19,https://music.douban.com/subject/35418073/
Come on Primates,Frog Pocket,2007,★★,2021-08-19,https://music.douban.com/subject/2294578/
Photos of Ghosts,PFM,2005,★★★★,2021-08-18,https://music.douban.com/subject/2344353/
Impropositions,Mats Gustafsson,1996,★★★★★,2021-08-18,https://music.douban.com/subject/3694401/
ソウル・トマト / Soul Tomato,宮坂高史,2019,★★★★,2021-08-18,https://music.douban.com/subject/35013716/
Lost Tribes,The Zawinul Syndicate,1992,★★★,2021-08-18,https://music.douban.com/subject/3198198/
Zawinul,Joe Zawinul,1990,★★★★★,2021-08-18,https://music.douban.com/subject/2134709/
Electric Ladyland,The Jimi Hendrix Experience,1968,★★★★★,2021-08-18,https://music.douban.com/subject/1401828/
Are You Experienced / Are You Experienced ?,The Jimi Hendrix Experience,1967,★★★★★,2021-08-17,https://music.douban.com/subject/2142489/
Daybreak Basements and Broken Hearts,Earth House Hold,2021,★★,2021-08-17,https://music.douban.com/subject/35544500/
Icons,Eli Keszler,2021,★★★★★,2021-08-17,https://music.douban.com/subject/35467108/
Sunrise Reprise,Chris Potter,2021,★★★★★,2021-08-16,https://music.douban.com/subject/35458762/
Afrodisiaca,"John Tchicai,Cadentia Nova Danica",2008,★★★★★,2021-08-16,https://music.douban.com/subject/3640764/
M&#39;Boom,Max Roach,1994,★★★★,2021-08-14,https://music.douban.com/subject/3659995/
Chattahoochee Red,Max Roach,1981,★★★★★,2021-08-13,https://music.douban.com/subject/34894835/
Never the Right Time,Andy Stott,2021,★★★,2021-08-12,https://music.douban.com/subject/35410929/
Only Sky,David Torn,2015,★★★,2021-08-12,https://music.douban.com/subject/26359404/
Collapsed In Sunbeams,Arlo Parks,2021,★★★★,2021-08-11,https://music.douban.com/subject/35231930/
Source,Nubya Garcia,2020,★★★,2021-08-11,https://music.douban.com/subject/35182179/
NAADAM 2020,林栄一 MAZURU ORCHESTRA,2020,★★★★★,2021-08-07,https://music.douban.com/subject/35505136/
Lorca: Lost Tapes (1989-1991),Miguel Flores,2019,★★★★★,2021-08-05,https://music.douban.com/subject/34870794/
Inspiration Information 3,"Mulatu Astatke,Heliocentrics",2009,★★★★,2021-08-04,https://music.douban.com/subject/3578743/
Daath,NORDVARGR,2019,★★★★,2021-08-04,https://music.douban.com/subject/34899095/
Free Blacks (Clarinet-Duos),"Perry Robinson,Hans Kumpf",1976,,2021-08-03,https://music.douban.com/subject/35436045/
Sargeng,Jin Hi Kim,1990,★★★★,2021-08-03,https://music.douban.com/subject/3140907/
In Time,Theo Jörgensmann,1977,★★★★★,2021-08-03,https://music.douban.com/subject/35509374/
From The Mystic World,Novela,1984,★★★,2021-08-02,https://music.douban.com/subject/26249510/
Once We Were Trees,Beachwood Sparks,2001,,2021-07-29,https://music.douban.com/subject/1766143/
African Piano,"Dollar Brand,Abdullah Ibrahim",2001,★★★★★,2021-07-29,https://music.douban.com/subject/1906101/
More Eaze / A​.​F Jones &amp; Steve Flato,"More Eaze,A.F. Jones,Steve Flato",2017,★★★★,2021-07-28,https://music.douban.com/subject/35456172/
Implosions,Stephan Micus,2009,★★★★★,2021-07-23,https://music.douban.com/subject/1798544/
The World Of Cecil Taylor,Cecil Taylor,2001,★★★★★,2021-07-22,https://music.douban.com/subject/1849760/
サマー・サンバ,つのだひろと体力バンド,2019,★★★★★,2021-07-21,https://music.douban.com/subject/35013725/
On Impulse!,Sonny Rollins,2007,★★★★★,2021-07-21,https://music.douban.com/subject/3197181/
Esta Es La Victoria,Skeleton Crew,1986,,2021-07-21,https://music.douban.com/subject/35521642/
一時的な腸,下山 Gezan,2010,★★★★,2021-07-20,https://music.douban.com/subject/35528964/
Doko E. Live In Cologne 1973,Can ‎,2019,★★★★★,2021-07-20,https://music.douban.com/subject/34455265/
Thema Prima,Aki Takase Japanic,2019,★★★★,2021-07-12,https://music.douban.com/subject/33412688/
Lifeforms (Remixes),The Future Sound of London,1994,★★★★★,2021-07-12,https://music.douban.com/subject/1480752/
Hush Harbor Mixtape Vol. 1 Doxology,Angel Bat Dawid,2021,★★★★,2021-07-09,https://music.douban.com/subject/35502613/
Moving In,Chris Potter,1996,★★★★,2021-07-08,https://music.douban.com/subject/30172349/
The High End of Low / 高端大气上档次，低调奢华有内涵,Marilyn Manson,2009,★★,2021-07-07,https://music.douban.com/subject/3692754/
The Golden Age Of Grotesque,Marilyn Manson,2003,★★,2021-07-07,https://music.douban.com/subject/1417965/
Nevermind / 别介意,Nirvana,1991,★★★,2021-07-07,https://music.douban.com/subject/1394568/
In My Element,Robert Glasper,2007,★★★★★,2021-07-06,https://music.douban.com/subject/2038001/
"Oltre... lontano, lontano",Gleemen,2013,★★★,2021-07-06,https://music.douban.com/subject/34378665/
Blurred in My Mirror,Tujiko Noriko,2005,★★★★,2021-07-04,https://music.douban.com/subject/2237796/
Solar Drone Ceremony,Neptunian Maximalism,2021,★★★★,2021-06-28,https://music.douban.com/subject/35457671/
Power Spot,Jon Hassell,1986,★★★★★,2021-06-28,https://music.douban.com/subject/1788780/
БОДАЙ-КОО / Из Алтайского Эпоса,Алексей Калкин,1982,,2021-06-27,https://music.douban.com/subject/35502111/
山田千里の不思議な世界,"山田千里,笹森建英,灰野敬二",1996,★★★★,2021-06-27,https://music.douban.com/subject/3262718/
In Extremis,Organum,1985,★★★,2021-06-27,https://music.douban.com/subject/35453291/
Live in Amsterdam,Max Roach Quartet,1979,★★★★★,2021-06-27,https://music.douban.com/subject/35483291/
"Psychedelic Judgeman Comes, He Has The Cherry Blossom On The S...",サイケ奉行 Psyche Bugyo,2011,★★★★★,2021-06-27,https://music.douban.com/subject/20440320/
Live at the Village Vanguard Again!,John Coltrane,2001,★★★★★,2021-06-26,https://music.douban.com/subject/1889855/
Caipi,Kurt Rosenwinkel,2017,★★★,2021-06-26,https://music.douban.com/subject/26972544/
REMIX 2005-2008,ゆらゆら帝国,2008,★★★,2021-06-23,https://music.douban.com/subject/3147761/
YURA YURA TEIKOKU LIVE 2005-2009-CD-,ゆらゆら帝国,2011,★★★★★,2021-06-23,https://music.douban.com/subject/5381781/
Blue,Joni Mitchell,1971,★★★★★,2021-06-22,https://music.douban.com/subject/1404839/
Deep River,"宇多田ヒカル,宇多田光",2002,★★★★★,2021-06-21,https://music.douban.com/subject/3647551/
Beginning Of Spring 立春,包峻睿RENY BAO,2021,★★★,2021-06-21,https://music.douban.com/subject/35361065/
Xièxie,Celer,2019,★★★★,2021-06-19,https://music.douban.com/subject/30445658/
The Empty Man / 躯壳,"Lustmord,克里斯多夫·扬 Christopher Young",2020,★★★★,2021-06-19,https://music.douban.com/subject/35232299/
Moon Drenched,"John Dwyer,Ryan Sawyer,Peter Kerlin,Tom Dolas,Brad Caulkins,Kyp Malone,Soubiran,Laena Myers-Ionita,Andres Renteria",2021,★★★★★,2021-06-19,https://music.douban.com/subject/35431084/
Black Metal 2,Dean Blunt,2021,★★★,2021-06-19,https://music.douban.com/subject/35490192/
HEART STATION / 心房 / 心之站,宇多田光,2008,★★★★★,2021-06-18,https://music.douban.com/subject/2971422/
Jay,周杰伦,2000,★★★★★,2021-06-18,https://music.douban.com/subject/1422300/
七里香 / Common Jasmin Orange,周杰伦,2004,★★★★,2021-06-18,https://music.douban.com/subject/1401853/
我很忙 / JAY CHOU ON THE RUN,周杰伦,2007,★★,2021-06-18,https://music.douban.com/subject/1846771/
依然范特西 / Still Fantasy,周杰伦,2006,★★★,2021-06-18,https://music.douban.com/subject/2210561/
十一月的萧邦 / 11月的蕭邦 / 11月的萧邦,周杰伦,2005,★★★,2021-06-18,https://music.douban.com/subject/1436975/
八度空间 / The Eight Dimensions,周杰伦,2002,★★★★,2021-06-18,https://music.douban.com/subject/1403832/
范特西 / Fantasy,周杰伦,2001,★★★★,2021-06-18,https://music.douban.com/subject/1403307/
叶惠美 / 葉惠美,周杰伦,2003,★★★★★,2021-06-18,https://music.douban.com/subject/1406522/
New York Eye &amp; Ear Control / New York Eye And Ear Control,"John Tchicai,Roswell Rudd,Gary Peacock,Sonny Murray,Albert Ayler,Don Cherry",1966,★★★★★,2021-06-16,https://music.douban.com/subject/1853711/
Unspoken,Chris Potter,1997,★★★★,2021-06-14,https://music.douban.com/subject/35487818/
Environment Five,Future Sound of London,2014,★★★★★,2021-06-10,https://music.douban.com/subject/25976717/
Dividuality,"Evan Parker,Barry Guy,Lawrence Casserley",2008,★★★★,2021-06-09,https://music.douban.com/subject/26899518/
New Excursions,"Evan Parker,Ghost-In-The-Machine",2000,★★★★★,2021-06-09,https://music.douban.com/subject/4189778/
Obliquities,"Evan Parker,Barry Guy",,★★★★★,2021-06-09,https://music.douban.com/subject/3817750/
Proof,BLOOP (Lina Allemano,2021,★★★★,2021-06-08,https://music.douban.com/subject/35454475/
Have You Seen This Ghost? / 有你妈个鬼,Sopor Aeternus &amp; the Ensemble of Shadows,2011,★★★,2021-06-08,https://music.douban.com/subject/6068280/
Sensational,Erika De Casier,2021,★★★,2021-06-08,https://music.douban.com/subject/35431080/
Vanity Demos,Various Artists,2020,★★★★★,2021-06-07,https://music.douban.com/subject/35197395/
More Monk,Steve Lacy,1993,★★★★,2021-06-07,https://music.douban.com/subject/3101214/
Sacred Horror in Design,Sote,2017,★★★★,2021-06-07,https://music.douban.com/subject/27105229/
The World I&#39;m Going To Hell For,Nathan Micay,2020,★★★,2021-06-07,https://music.douban.com/subject/35065797/
Freedom in the Groove,Joshua Redman,1996,★★★★,2021-06-07,https://music.douban.com/subject/3001602/
Bach: Suites for Solo Cello / 巴赫：无伴奏大提琴组曲,"Janos Starker,Johann Sebastian Bach",1997,★★★★★,2021-06-04,https://music.douban.com/subject/1428566/
A Satin Sight,Pan Daijing,2017,★★★★,2021-06-04,https://music.douban.com/subject/26953200/
玉观音 / Jade,Pan Daijing,2021,★★★★★,2021-06-04,https://music.douban.com/subject/35431464/
LAST LIVE,静寂,2015,★★★★★,2021-06-03,https://music.douban.com/subject/26579722/
Festival de Valbonne 25. Juillet 1970,"扎帕 Frank Zappa,Jean-Luc Ponty",1970,★★★★,2021-06-03,https://music.douban.com/subject/35280132/
"The John Coltrane Quintet with Eric Dolphy in Copenhagen, 1961...","Eric Dolphy,The John Coltrane Quintet",2015,★★★★★,2021-06-02,https://music.douban.com/subject/34138871/
Mortal Coil,Dödsrit,2021,★★★,2021-05-31,https://music.douban.com/subject/35423551/
April.#02,Kashiwa Daisuke,2006,★★★,2021-05-31,https://music.douban.com/subject/2282360/
Soup,Bola,2004,★★★★,2021-05-30,https://music.douban.com/subject/1791873/
Monoliths &amp; Dimensions,Sunn O))),2009,★★★★★,2021-05-27,https://music.douban.com/subject/3785197/
Permutation,Amon Tobin,1998,★★★★,2021-05-25,https://music.douban.com/subject/1461646/
Koyaanisqatsi / 失衡生活 / 机械世界,Philip Glass,1999,★★★★★,2021-05-25,https://music.douban.com/subject/1998654/
Immunity,Jon Hopkins,2013,★★★★,2021-05-24,https://music.douban.com/subject/24203589/
Annihilation of the Wicked,Nile,2005,★★★★★,2021-05-24,https://music.douban.com/subject/1781285/
Krakoff,Bester Quartet,2013,★★★★★,2021-05-24,https://music.douban.com/subject/25698997/
Vulture Prince,Arooj Aftab,2021,★★★★,2021-05-22,https://music.douban.com/subject/35390007/
Nova História Da Música Popular Brasileira - Egberto Gismont...,V.A.,1979,★★★,2021-05-22,https://music.douban.com/subject/35452396/
Bass Line,Krzysztof Ścierański,1983,★★★,2021-05-22,https://music.douban.com/subject/4917954/
II,絶対零度,2013,★★★★,2021-05-21,https://music.douban.com/subject/24740352/
III,絶対零度,2013,★★★,2021-05-21,https://music.douban.com/subject/24740353/
絶対零度,絶対零度 (Zettai Reido),1980,★★★,2021-05-20,https://music.douban.com/subject/35446109/
Dawn of a New Day,O&#39;Donel Levy,2006,★★★★★,2021-05-20,https://music.douban.com/subject/3915990/
ANNULAR MUSIC,DMBQ,2001,★★★★,2021-05-18,https://music.douban.com/subject/3911672/
Concert by the Sea,Erroll Garner,1990,★★★★,2021-05-17,https://music.douban.com/subject/1779486/
Tales of Kidd Funkadelic,Funkadelic,1976,★★★★,2021-05-17,https://music.douban.com/subject/3016937/
Dance of Magic,Norman Connors,1972,★★★★★,2021-05-17,https://music.douban.com/subject/2287706/
Petedogs,"Sleeping Dogs,nehcetep",2021,★★★★,2021-05-17,https://music.douban.com/subject/35461264/
Persona,ARIGTO,2021,★★★,2021-05-17,https://music.douban.com/subject/35429462/
Out of Reach,Can,2008,★★★,2021-05-15,https://music.douban.com/subject/3259523/
Ur Djupan Dal,Atrium Carceri &amp; Herbst9,2018,★★★,2021-05-14,https://music.douban.com/subject/30121683/
Is This It,The Strokes,2001,★★★,2021-05-13,https://music.douban.com/subject/1460306/
Kumo No Ito (The Spider&#39;s Thread) / 蜘蛛の糸,"Hiroaki Minami,南弘明",2014,★★★★★,2021-05-13,https://music.douban.com/subject/26808784/
Latinoamerica,Siglo Cero,1970,★★★★★,2021-05-13,https://music.douban.com/subject/30249801/
憂歌団,"憂歌団,Yukadan",1975,,2021-05-11,https://music.douban.com/subject/34914240/
Energy Demonstration,GILA,2020,★★★,2021-05-11,https://music.douban.com/subject/35203538/
Debiasing EP,Barker,2018,★★★★,2021-05-10,https://music.douban.com/subject/30238487/
Musik,Plastikman,1994,★★★★★,2021-05-10,https://music.douban.com/subject/1766946/
New Moon In Zytron,Zytron,1978,★★★★★,2021-05-10,https://music.douban.com/subject/35433590/
Dancing Shadows,Sun Ra,1990,,2021-05-08,https://music.douban.com/subject/20496499/
Stone Speak,Apocryphos,2016,★★★★★,2021-05-08,https://music.douban.com/subject/26822634/
Thronal,KAMMARHEIT,2020,★★★★,2021-04-30,https://music.douban.com/subject/35257675/
Emotion In Rhythm. 10 Years Of Auxiliary,Various Artists,2021,★★★★★,2021-04-30,https://music.douban.com/subject/35392553/
Echo,"Atrium Carceri,Kammarheit,Apocryphos",2017,★★★★★,2021-04-29,https://music.douban.com/subject/26996120/
Years Lend a Golden Charm,Desiderii Marginis,1992,★★,2021-04-28,https://music.douban.com/subject/3679921/
Procession,Desiderii Marginis,2012,★★★★★,2021-04-28,https://music.douban.com/subject/10793698/
Marchin&#39; on,The Heath Brothers,1976,★★★★★,2021-04-28,https://music.douban.com/subject/3646977/
多米力高威威维利星 / Planet Dominico Vivavilli,脏手指 Oh! Dirty Fingers,2021,★★★★★,2021-04-28,https://music.douban.com/subject/35439588/
Tango From Obango,Wiener Art Orchester (Vienna Art Orchestra),1980,★★★★,2021-04-25,https://music.douban.com/subject/35410817/
Yokobue / 横笛／赤尾三千子の世界,赤尾三千子,1983,★★★★,2021-04-24,https://music.douban.com/subject/27009157/
The Sabbath Comes Softly,Hexentanz,2002,★★★,2021-04-24,https://music.douban.com/subject/3101641/
Hangable Auto Bulb,AFX,2005,★★★,2021-04-23,https://music.douban.com/subject/1480950/
Lei Line Eon,Iglooghost,2021,★★★★,2021-04-22,https://music.douban.com/subject/35356387/
Just Flash In The Cosmic Pan,Everything Is Everything,1970,★★★★★,2021-04-22,https://music.douban.com/subject/30396864/
Sleeper Wakes,Jeff Mills,2009,★★★,2021-04-21,https://music.douban.com/subject/4237883/
Live at Vidro &#39;77,Ryo Fukui Trio,2021,★★★★★,2021-04-20,https://music.douban.com/subject/35432714/
Filmworks XII: Three Documentaries,John Zorn,2002,★★★★,2021-04-20,https://music.douban.com/subject/25667614/
Music From Heaven,Magical Power Mako,1997,★★★★★,2021-04-16,https://music.douban.com/subject/3326474/
Blue Dot,Magical Power Mako,1997,★★★★★,2021-04-16,https://music.douban.com/subject/2337329/
常夜の幻 / Phantom of the Eternal Night,"水晶の舟,Suishou No Fune",2009,★★★,2021-04-13,https://music.douban.com/subject/3844779/
Black Flowers Of The Forest In The Cosmos,"Suishou No Fune,Numinous Eye",2013,★★★★,2021-04-13,https://music.douban.com/subject/27093339/
Eastern Sounds,Yusef Lateef,1961,★★★★★,2021-04-13,https://music.douban.com/subject/1756460/
Musique D&#39;Afrique Nouvelle Orleans,Alvin Batiste,1984,,2021-04-12,https://music.douban.com/subject/21615409/
Air Raid,Air,1976,,2021-04-12,https://music.douban.com/subject/2058401/
精神工学様変容 [Psychotronic Metamorphosis],Various Artist,1981,★★★★,2021-04-11,https://music.douban.com/subject/35299900/
Lubb-Dupp - 精神工学様変容 [Psychotronic Metamorphosis] II,Various Artists,1982,★★★★★,2021-04-11,https://music.douban.com/subject/35299897/
Curtain Call,Jaco Pastorius,1996,★★★,2021-04-11,https://music.douban.com/subject/26798043/
Jaco Pastorius,Jaco Pastorius,1976,★★★★★,2021-04-11,https://music.douban.com/subject/1419651/
"Masada, Vol. 2: Beit",Masada,1999,★★★★★,2021-04-11,https://music.douban.com/subject/2993017/
"Masada, Vol. 1: Alef",Masada,1994,★★★★★,2021-04-11,https://music.douban.com/subject/1899317/
"On the Torment of Saints, The Casting of Spells and the Evocat...",John Zorn,2013,★★★★★,2021-04-10,https://music.douban.com/subject/25777190/
Shir Hashirim,John Zorn,2013,★★★,2021-04-09,https://music.douban.com/subject/25790835/
Psychomagia,John Zorn,2014,★★★★,2021-04-09,https://music.douban.com/subject/25835443/
Hermetic Organ 2,John Zorn,2014,★★★,2021-04-09,https://music.douban.com/subject/25818092/
In The Hall of Mirrors,John Zorn,2014,★★★★★,2021-04-08,https://music.douban.com/subject/25933872/
Sonic Rivers,"Wadada Smith,George Lewis,John Zorn",2014,★★★★,2021-04-08,https://music.douban.com/subject/25912089/
On Leaves of Grass,John Zorn,2014,★★★★,2021-04-07,https://music.douban.com/subject/25912087/
Simulacrum,John Zorn,2015,★★★★★,2021-04-07,https://music.douban.com/subject/26367825/
Garden of Earthly Delights / 人间乐园,John Zorn,2017,★★★★★,2021-04-07,https://music.douban.com/subject/26992212/
Capacity,Big Thief,2017,★★★★★,2021-04-07,https://music.douban.com/subject/27030405/
Interpretation of Dreams,John Zorn,2017,★★★★★,2021-04-06,https://music.douban.com/subject/27157634/
Erebus,"Bvdub,Loscil",2013,★★★★,2021-04-05,https://music.douban.com/subject/25699318/
Lorn Coast,Boys Age,2021,★★★★★,2021-04-04,https://music.douban.com/subject/35393954/
Prayers on Fire,The Birthday Party,1981,★★★★,2021-04-04,https://music.douban.com/subject/1459126/
Hee-Haw,Birthday Party,2000,★★★★★,2021-04-03,https://music.douban.com/subject/1766265/
Toward the Within,Dead Can Dance,1994,★★★★★,2021-04-03,https://music.douban.com/subject/1417567/
The Serpent&#39;s Egg,Dead Can Dance,2006,★★★★,2021-04-03,https://music.douban.com/subject/3390335/
A Passage In Time,Dead Can Dance,1998,★★★★★,2021-04-02,https://music.douban.com/subject/1417568/
Wake,Dead Can Dance,2003,★★★★★,2021-04-02,https://music.douban.com/subject/1417566/
Dead Can Dance,Dead Can Dance,1984,★★★★★,2021-04-02,https://music.douban.com/subject/1417565/
Amaterasu Shiroi,Eldar,2010,★★★,2021-04-02,https://music.douban.com/subject/4807140/
Sapere Aude,Eldar,2009,★★★,2021-04-02,https://music.douban.com/subject/3632165/
Order 4,IRM,2010,★★★★★,2021-04-02,https://music.douban.com/subject/4737348/
The Waste Land,Golgatha,2009,★★★,2021-04-02,https://music.douban.com/subject/4006213/
Entropia,Banabila &amp; Machinefabriek,2019,★★★★,2021-03-31,https://music.douban.com/subject/30435448/
"Haunt Me Haunt Me, Do It Again",Tim Hecker,2004,★★★★★,2021-03-31,https://music.douban.com/subject/1781463/
Sketches From New Brighton,Loscil,2012,★★★★★,2021-03-31,https://music.douban.com/subject/11540729/
You Disappeared,Beyond the Ghost,2019,★★,2021-03-30,https://music.douban.com/subject/34808156/
Eternal Drift,Beyond the Ghost,2020,★★★,2021-03-29,https://music.douban.com/subject/35058931/
Crier&#39;s Bane,Dead Melodies &amp; Beyond the Ghost,2020,★★★★,2021-03-29,https://music.douban.com/subject/35235809/
The Last Resort,Beyond the Ghost,2021,,2021-03-29,https://music.douban.com/subject/35334221/
G_D&#39;s Pee At State&#39;s End!,Godspeed You! Black Emperor,2021,,2021-03-29,https://music.douban.com/subject/35383506/
Elaenia,Floating Points,2015,★★★★★,2021-03-29,https://music.douban.com/subject/26617469/
Reflections - Mojave Desert,Floating Points,2017,★★★,2021-03-29,https://music.douban.com/subject/27025598/
Promises,"Floating Points,Pharoah Sanders,The London Symphony Orchestra",2021,★★★★,2021-03-29,https://music.douban.com/subject/35365017/
Magical Power,Magical Power Mako,2003,★★★★,2021-03-29,https://music.douban.com/subject/2337324/
jump,Magical Power Mako,1977,★★★★★,2021-03-29,https://music.douban.com/subject/30250346/
Next Millennium Vibrations,Magical Power Mako,1993,★★★★★,2021-03-29,https://music.douban.com/subject/27059775/
Blow Up,Isao Suzuki,1973,★★★★,2021-03-28,https://music.douban.com/subject/1763191/
Within Ruins,Cryobiosis,2013,★★★,2021-03-28,https://music.douban.com/subject/26739118/
De9: Closer to the Edit,Richie Hawtin,2001,★★★★★,2021-03-27,https://music.douban.com/subject/1828456/
Thyagaraja Pancha Ratna Krithis,N. Ramani,2015,,2021-03-27,https://music.douban.com/subject/33921150/
Trio Flute,"N. Ramani,R. Thyagarajan,Athulkumar",2015,★★★★★,2021-03-27,https://music.douban.com/subject/33627772/
Divine Bamboo,N. Ramani,2015,★★★★★,2021-03-27,https://music.douban.com/subject/34191845/
La Flute De N. Ramani,N. Ramani,1978,★★★★★,2021-03-27,https://music.douban.com/subject/26693766/
Signals I-III,Sabled Sun,2014,★★★★★,2021-03-26,https://music.douban.com/subject/26280479/
2149,Sabled Sun,2021,★★★★,2021-03-26,https://music.douban.com/subject/35323009/
Lost in Fog,Phonothek,2016,★★★★★,2021-03-26,https://music.douban.com/subject/26797526/
AVA,Keosz,2017,★★★,2021-03-25,https://music.douban.com/subject/27074465/
The Horns Of Joy,:Golgatha:,2011,★★★,2021-03-25,https://music.douban.com/subject/6712975/
Celestite,Wolves in the Throne Room,2014,★★★★,2021-03-25,https://music.douban.com/subject/25900646/
Ghosts I - IV,Nine Inch Nails,2008,★★★★★,2021-03-25,https://music.douban.com/subject/1904792/
Panzerfaust,Darkthrone,2000,,2021-03-24,https://music.douban.com/subject/1785712/
Transilvanian Hunger,Darkthrone,1994,★★★★★,2021-03-24,https://music.douban.com/subject/1785711/
Chopin - Mazurkas / 肖邦：玛祖卡,傅聪,1993,,2021-03-24,https://music.douban.com/subject/1916997/
Penny &amp; Pound EP,Ansome,2014,★★★,2021-03-24,https://music.douban.com/subject/34889008/
Smeatons,Ansome,2014,★,2021-03-24,https://music.douban.com/subject/34067444/
The Room At The End,Bas Mooy,2012,★★★★,2021-03-24,https://music.douban.com/subject/27024782/
Zangaar,Rojin Sharafi,2020,★★★★★,2021-03-23,https://music.douban.com/subject/35238933/
Beckoning at the Black,Funerary Call,2004,★★★★,2021-03-23,https://music.douban.com/subject/3141344/
Dark Waters Stirred,Funerary Call,2010,★★★,2021-03-23,https://music.douban.com/subject/5735420/
Nightside Emanations,Funerary Call,2012,★★,2021-03-23,https://music.douban.com/subject/10809967/
"Conquest, Love &amp; Self-Perseverance",Ordo Equilibrio,1998,★★★,2021-03-23,https://music.douban.com/subject/1808113/
E.V.I.L  / 魔·鬼,Zaliva-D,2015,★★★,2021-03-23,https://music.douban.com/subject/26595171/
Hliðskjálf,Burzum,1999,★★★★,2021-03-23,https://music.douban.com/subject/1474357/
Daudi Baldrs,Burzum,2004,★★★★★,2021-03-23,https://music.douban.com/subject/1790618/
Arise of Fallen Conception,Halgrath,2012,★★★,2021-03-23,https://music.douban.com/subject/20279764/
Cantar de Procella,Arcana,1997,★★★★,2021-03-22,https://music.douban.com/subject/1408116/
The African Flower,James Newton,1990,★★★,2021-03-22,https://music.douban.com/subject/3213612/
The Mystery School,James Newton,1980,★★★★★,2021-03-21,https://music.douban.com/subject/32580001/
Lizabeth,Arcana,1997,★★★,2021-03-21,https://music.douban.com/subject/3149968/
"Out Of The Darkling Light, Into The Bright Shadow","Peter Bjärgö,Gustaf Hildebrand",2005,★★★,2021-03-21,https://music.douban.com/subject/3647756/
The King of Limbs,Radiohead,2011,★★★★★,2021-03-20,https://music.douban.com/subject/5977402/
Structures And Downfall,PETER BJÄRGÖ,2019,★★★★★,2021-03-19,https://music.douban.com/subject/34801885/
Animus Retinentia,Peter Bjargo,2017,★★★★★,2021-03-19,https://music.douban.com/subject/26999332/
DJ-Kicks: Special Request,Special Request,2021,★★★★,2021-03-19,https://music.douban.com/subject/35366425/
opaquer,KMRU,2020,★★★★,2021-03-19,https://music.douban.com/subject/35197133/
Jar,KMRU,2020,★★★,2021-03-18,https://music.douban.com/subject/35205372/
Rushup Edge,The Tuss,2007,★★★★★,2021-03-17,https://music.douban.com/subject/2141260/
Stream,Archie Shepp,1995,★★★★★,2021-03-17,https://music.douban.com/subject/4011143/
折叠痕迹 / Folding Traces,"MHP,马海平",2016,★★★,2021-03-17,https://music.douban.com/subject/26767654/
Shadows of Forgotten Legends,"Alphaxone, ProtoU, Onasander",2020,★★★★★,2021-03-17,https://music.douban.com/subject/34955439/
Dystopian Gate,Alphaxone,2020,★★★★★,2021-03-17,https://music.douban.com/subject/34946874/
Edge of Solitude,Alphaxone,2018,★★★★★,2021-03-17,https://music.douban.com/subject/30236138/
Living In The Grayland,Alphaxone,2014,★★★★★,2021-03-17,https://music.douban.com/subject/26738822/
Echoes from Outer Silence,Alphaxone,2016,★★★★★,2021-03-17,https://music.douban.com/subject/26753602/
Altered Dimensions,Alphaxone,2015,★★★★★,2021-03-17,https://music.douban.com/subject/26738821/
Absence of Motion,ALPHAXONE,2015,★★★★★,2021-03-17,https://music.douban.com/subject/26738829/
Everywhere at the end of time,The Caretaker,2016,★★★★★,2021-03-17,https://music.douban.com/subject/26880310/
Seven Sorrows,Desiderii Marginis,2007,★★★★,2021-03-17,https://music.douban.com/subject/2146989/
Sphere From The Woods,Empusae,2013,★★★,2021-03-17,https://music.douban.com/subject/25743386/
Symbiosis,Empusae,2012,★★★,2021-03-17,https://music.douban.com/subject/10733800/
Lost Atlantis,Ataraxia,1999,★★★★★,2021-03-17,https://music.douban.com/subject/1419096/
Virgin Mind,IRM,2005,★★★★★,2021-03-17,https://music.douban.com/subject/2047091/
Lupus in Fabula,Sanctum,1997,★★★,2021-03-17,https://music.douban.com/subject/1808105/
Out Of Time,Halgrath,2012,★★★★★,2021-03-17,https://music.douban.com/subject/20272538/
Elemental Severance,Atomine Elektrine,1995,★★,2021-03-17,https://music.douban.com/subject/3359260/
I Talk with the Spirits,Rahsaan Roland Kirk,1998,★★★★★,2021-03-17,https://music.douban.com/subject/1780024/
May All Be Dead,Brighter Death Now,2000,★★★★★,2021-03-16,https://music.douban.com/subject/2047089/
Let&#39;s Eat,Sanctum,2004,★,2021-03-16,https://music.douban.com/subject/2049189/
Hours,All My Faith Lost...,2007,★★★★★,2021-03-16,https://music.douban.com/subject/2224919/
As You&#39;re Vanishing In Silence,All My Faith Lost...,2005,★★★,2021-03-16,https://music.douban.com/subject/1462672/
Redefine my pure faith,All My Faith Lost,2014,★★★,2021-03-16,https://music.douban.com/subject/25862496/
Purgate My Stain,In Slaughter Natives,2000,★★★★,2021-03-16,https://music.douban.com/subject/1462418/
Body of Sin,Arcana,2002,★★★★★,2021-03-16,https://music.douban.com/subject/1796353/
Holy War,coph nia,2001,★★★,2021-03-16,https://music.douban.com/subject/1808103/
The Entrance To Salvation,Letum,2001,★★★★,2021-03-16,https://music.douban.com/subject/2042286/
Undead,Lille Roger,1987,★★★,2021-03-16,https://music.douban.com/subject/2147520/
Dark Age of Reason,Arcana,1996,★★★★★,2021-03-16,https://music.douban.com/subject/1442766/
Shemhamphorash,IHVHLXXII,2001,★★★★,2021-03-16,https://music.douban.com/subject/2349342/
淬火,祝融,2010,★★,2021-03-15,https://music.douban.com/subject/4892191/
Keiser av en dimensjon Ukjent -- Remaster,Mortiis,2007,★★★,2021-03-15,https://music.douban.com/subject/3676491/
Tunes For The Wounded,Foundation Hope,2008,★★★★,2021-03-15,https://music.douban.com/subject/2998401/
Old Europa Cafe,Various Artists,2008,★★★★★,2021-03-15,https://music.douban.com/subject/3123011/
Brained By Falling Masonry,Nurse With Wound,1984,★★★★★,2021-03-15,https://music.douban.com/subject/5374523/
Insect &amp; Individual Silenced,Nurse With Wound,,,2021-03-15,https://music.douban.com/subject/3200185/
Merzbild Schwet,Nurse with Wound,1980,★★★★★,2021-03-15,https://music.douban.com/subject/1805479/
Forgotten Realms,Burzum,2015,★★★★,2021-03-14,https://music.douban.com/subject/26601833/
Silent Hill 2 Original Soundtracks / 寂静岭2原声大碟,山岡晃,2001,★★★★★,2021-03-14,https://music.douban.com/subject/2983469/
Aux Morts De La Guerre!,Les Joyaux De La Princesse,2003,★★★★★,2021-03-14,https://music.douban.com/subject/3736849/
"In Sadness, Silence and Solitude",Raison d&#39;Etre,1998,★★★★★,2021-03-14,https://music.douban.com/subject/1442155/
The Stains of the Embodied Sacrifice,Raison D&#39;etre,2009,★★★★★,2021-03-14,https://music.douban.com/subject/4158177/
Cellblock,Atrium Carceri,2003,★★★★★,2021-03-14,https://music.douban.com/subject/2049162/
The Missing Link,Henrik Nordvargr Björkk,2013,★★★★★,2021-03-14,https://music.douban.com/subject/27005216/
Anima Nostra,Henrik Nordvargr Björkk,2016,★★★★,2021-03-14,https://music.douban.com/subject/30420746/
The Unreleased Themes For &#34;Hellraiser&#34; - Very Limited Edition ...,Coil,1987,★★★★★,2021-03-13,https://music.douban.com/subject/2365554/
New Grass,Albert Ayler,2005,★★★,2021-03-11,https://music.douban.com/subject/1781664/
Untitled / 无题,All My Faith Lost ...,2021,★★★,2021-03-11,https://music.douban.com/subject/35353543/
望海崗 / Wanghai Gang,李剑鸿,2020,★★★★★,2021-03-10,https://music.douban.com/subject/34975175/
Golden Years Of The Soviet New Jazz Volume I,"Vyacheslav Guyvoronsky,Vladimir Volkov,Sergey Kuryokhin,Valentina Ponomareva,Anatoly Vapirov",2001,★★★★★,2021-03-09,https://music.douban.com/subject/1946832/
Islands,King Crimson,1971,★★★★★,2021-03-09,https://music.douban.com/subject/1458449/
There Is Calm To Be Done,"Dakota Suite,Quentin Sirjacq",2014,★★★,2021-03-07,https://music.douban.com/subject/25880150/
A Wishful Way,跳房子,2002,★★★,2021-03-07,https://music.douban.com/subject/1394888/
Burial,Burial,2006,★★★★★,2021-03-05,https://music.douban.com/subject/1919304/
The Last Resort,Trentemøller,2006,★★★★,2021-03-05,https://music.douban.com/subject/1887238/
Rigning,Yagya,2018,★★★★,2021-03-04,https://music.douban.com/subject/34956861/
SPACY,"山下達郎,Yamashita Tatsuro",1977,★★★★★,2021-03-02,https://music.douban.com/subject/3688107/
Compulsion!!!!,Andrew Hill,1967,★★★★★,2021-03-02,https://music.douban.com/subject/2126828/
As The Love Continues,Mogwai,2021,★★★,2021-03-02,https://music.douban.com/subject/35237517/
3333333333/Glass Skin,S280F,2017,,2021-03-02,https://music.douban.com/subject/30397348/
KO-YAN,Salif Keita,1989,,2021-03-02,https://music.douban.com/subject/5322866/
Slåttar Frå Telemark / Slåttar Frå Hallingdal,"Jens Amundsen,Odd Bakkerud",1971,★★★★★,2021-03-02,https://music.douban.com/subject/35310081/
Mozart: Symphonies Nos. 40 &amp; 41 &#34;Jupiter&#34;,"Carlo Maria Giulini,Berliner Philharmoniker,Wolfgang Amadeus Mozart",1991,,2021-03-01,https://music.douban.com/subject/34201620/
La Lumiere de Pierres,Francois Houle,2007,★★★★★,2021-02-26,https://music.douban.com/subject/4219407/
Isles,Bicep,2021,★★★,2021-02-26,https://music.douban.com/subject/35216091/
Anonym,Tolerance,1979,,2021-02-26,https://music.douban.com/subject/25960315/
アスファルト / Asphalt,ゼロ戦,2017,★★★★,2021-02-25,https://music.douban.com/subject/34429633/
Star Stuff,Chaz Bundick Meets The Mattson 2,2017,★★★★★,2021-02-25,https://music.douban.com/subject/26949272/
VAL,板谷博,1995,★★★★,2021-02-24,https://music.douban.com/subject/26395626/
オクノ修,オクノ修 Osamu Okuno,2009,★★★,2021-02-23,https://music.douban.com/subject/30374587/
Seeing Through Sound (Pentimento Volume Two),Jon Hassell,2020,★★★★★,2021-02-23,https://music.douban.com/subject/35097592/
Kitchen Sink,Nadine Shah,2020,★★★,2021-02-23,https://music.douban.com/subject/34962422/
Satin Doll,Sam Gendel,2020,★★★★,2021-02-23,https://music.douban.com/subject/34994902/
Purple Moonlight Pages,"R.A.P. Ferreira,The Jefferson Park Boys",2020,★★★★★,2021-02-22,https://music.douban.com/subject/34987460/
ショップ @ ヘルシンキ / Shopping@Helsinki,猫 シ Corp.,2019,★★★★★,2021-02-20,https://music.douban.com/subject/34780210/
Align In The Fourth Dimension,Lamp Of The Universe,2019,★★,2021-02-19,https://music.douban.com/subject/34988078/
I K H L A S,FAUXE,2018,,2021-02-19,https://music.douban.com/subject/30274179/
Beginning to Understand,Cristian Vogel,1998,★★★★,2021-02-18,https://music.douban.com/subject/1869764/
We&#39;ve Been Around,Composer&#39;s Workshop Ensemble,1974,★★★★★,2021-02-18,https://music.douban.com/subject/6971426/
Bitter Funeral Beer,Bengt Berger,2007,★★★★★,2021-02-18,https://music.douban.com/subject/3284275/
L. V. Beethoven: Piano Sonatas | Wilhelm Backhaus,"Ludwig van Beethoven,Wilhelm Backhaus",2010,★★★★★,2021-02-18,https://music.douban.com/subject/4997771/
Winter Lady,Birds Of Passage,2011,★★★★,2021-02-17,https://music.douban.com/subject/7015437/
Absencen,Kammerflimmer Kollektief,2005,★★★★,2021-02-17,https://music.douban.com/subject/1468365/
Gudira,"Barry Guy,Robert Dick,Raine-Reusch",1998,,2021-02-17,https://music.douban.com/subject/35188892/
Shalagaster,Jenny Scheinman,2004,,2021-02-17,https://music.douban.com/subject/2295930/
Toy Sun EP,Toy Sun,1999,★★★★★,2021-02-16,https://music.douban.com/subject/35208331/
"Bach: Well-Tempered Clavier, Book 2 (Excerpts)",Piotr Anderszewski,2021,★★★★★,2021-02-16,https://music.douban.com/subject/35345656/
Coltrane &#39;58: Prestige Recordings,约翰·柯尔 John Coltrane,2019,★★★★★,2021-02-15,https://music.douban.com/subject/33398498/
Live At Woodstock,Jimi Hendrix,1999,★★★★★,2021-02-15,https://music.douban.com/subject/1477416/
石,高田渡,2000,★★★,2021-02-14,https://music.douban.com/subject/10446390/
Xperiments From Within The Tentacular,GR,2007,★★★★,2021-02-14,https://music.douban.com/subject/35320770/
Shred,Skee Mask,2016,★★★★,2021-02-13,https://music.douban.com/subject/26722906/
COZY,山下達郎,1998,★★★★★,2021-02-13,https://music.douban.com/subject/4242096/
GR &amp; Full-Blown Expansion,GR,2007,★★★★,2021-02-13,https://music.douban.com/subject/35321260/
Propel Tension On Polyester Base (Tapes Archives),GR,2016,★★★★★,2021-02-13,https://music.douban.com/subject/35320840/
live in detroit [ghost in the sound],deepchord presents echospace,2017,★★★★,2021-02-11,https://music.douban.com/subject/27005120/
Year Of The Snitch,Death Grips,2018,★★★,2021-02-11,https://music.douban.com/subject/30246747/
"Les Anges, Les Bonheurs",Sonoko,2018,★★★★,2021-02-10,https://music.douban.com/subject/30178247/
Mouth By Mouth,His Name Is Alive,1993,★★★,2021-02-07,https://music.douban.com/subject/1436677/
Lava Diviner (True Story),Botany,2013,,2021-02-07,https://music.douban.com/subject/25770173/
Ellissi,Umberto Petrin-Tim Berne,1999,★★★,2021-02-07,https://music.douban.com/subject/3572658/
Dirtmusic,Dirtmusic,2008,★★,2021-02-07,https://music.douban.com/subject/3070826/
"Chalice, The Deepest Beyond",Boys Age,2020,,2021-02-06,https://music.douban.com/subject/35293550/
夜明け前 / BEFORE SUNRISE,大和那南,2021,★★★,2021-02-05,https://music.douban.com/subject/35339848/
Little Grids,Iglooghost,2016,★★★★,2021-02-05,https://music.douban.com/subject/26800393/
Les Flavescences,L&#39;Effondras,2017,★★★,2021-02-05,https://music.douban.com/subject/27076137/
Impala Syndrome,Impala Syndrome,1969,,2021-02-05,https://music.douban.com/subject/27125553/
Aram Khachaturian: Gayne Ballet Suite,"Fistoulari,Lso",1995,★★★★★,2021-02-05,https://music.douban.com/subject/2036134/
Introducing Jun Fukamachi,深町純 Jun Fukamachi,1975,★★★★,2021-02-05,https://music.douban.com/subject/34819392/
Down By The Naked City,The Freedom Unity,1971,,2021-02-05,https://music.douban.com/subject/30261029/
MOBO倶楽部,渡辺香津美,1996,,2021-02-05,https://music.douban.com/subject/3435360/
Chaleur Humaine / 人性本善,Christine &amp; The Queens,2014,★★★,2021-02-05,https://music.douban.com/subject/25902665/
I Didn&#39;t Know About You - The Memory Of Kazunori Takeda Vol.2,"Shoji Aketagawa,Kazunori Takeda,明田川荘之,武田和命",1989,★★★★★,2021-02-04,https://music.douban.com/subject/26255969/
The Third World Underground,"Don Cherry,Dollar Brand,Carlos Ward",1972,,2021-02-04,https://music.douban.com/subject/4252167/
A Reverse Age,GR,2012,★★★★★,2021-02-04,https://music.douban.com/subject/35320383/
ShadowPlay EP,el nino diablo,2021,★★★,2021-02-04,https://music.douban.com/subject/35349624/
Jazz Bed,"Kaoru Abe,Hiroshi Yamazaki",1971,★★★★★,2021-02-03,https://music.douban.com/subject/3175844/
1972 Winter,阿部薫,2004,,2021-02-03,https://music.douban.com/subject/6983740/
Rachmaninov: Symphony No. 1,"Vladimir Ashkenazy,Royal Concertgebouw Orchestra",1983,,2021-02-03,https://music.douban.com/subject/34561726/
INDEX:007,Ike,2020,★★★★★,2021-02-03,https://music.douban.com/subject/35310931/
Hyperattention - Selected Dijital Works vol 1,Dijit,2020,★★★,2021-02-03,https://music.douban.com/subject/35075409/
赤塚不二夫生誕８０周年ＣＤ！ これでいいのだーっ！！,V.A.,2015,★★★,2021-01-30,https://music.douban.com/subject/26434040/
Cat Worship,Nagai Eri,1996,★★★★★,2021-01-29,https://music.douban.com/subject/35346216/
The Out-of-Towners,Keith Jarrett Trio,2004,★★★★★,2021-01-29,https://music.douban.com/subject/1434228/
"Bach, Beethoven, Schubert",Wilhelm Kempff,2000,★★★★★,2021-01-28,https://music.douban.com/subject/1760609/
Water Mirror,FOURCOLOR,2020,★★★★★,2021-01-28,https://music.douban.com/subject/35129532/
Hopasa,High Definition Quartet,2013,★★★★★,2021-01-27,https://music.douban.com/subject/30187431/
Angel&#39;s Flight,Biosphere,2021,★★★★,2021-01-27,https://music.douban.com/subject/35250754/
Blues &amp; Roots,Charles Mingus,1960,★★★★★,2021-01-27,https://music.douban.com/subject/1428914/
THE GR RECORD HEAD,GR,2020,★★★★,2021-01-27,https://music.douban.com/subject/34996254/
No More Invention,Gunslingers,2008,★★★★★,2021-01-27,https://music.douban.com/subject/35320387/
Celestial Fires by Mary Jane Leach,Mary Jane Leach,,,2021-01-26,https://music.douban.com/subject/27174061/
Buzz,"Ben Allison,Medicine Wheel",2004,★★★★,2021-01-26,https://music.douban.com/subject/1458563/
Vita,"Юрий Ощепков,Августейшая",1994,★★★★,2021-01-26,https://music.douban.com/subject/35339426/
「進撃の巨人」Season3 オリジナルサウンドトラック,澤野弘之,2019,★★★★★,2021-01-25,https://music.douban.com/subject/33478924/
Madre,Arca,2021,★★,2021-01-22,https://music.douban.com/subject/35337202/
GOLDEN☆BEST / 黄金的最好的北野武 / GOLDEN☆BEST ビートたけし ～...,北野武 Kitano Takeshi,2009,,2021-01-21,https://music.douban.com/subject/35216040/
Point of Departure,Andrew Hill,1965,★★★★★,2021-01-20,https://music.douban.com/subject/1768723/
Red Clay,Freddie Hubbard,1970,★★★★★,2021-01-20,https://music.douban.com/subject/1782494/
Take Root Among the Stars,Roots Magic,2020,★★★★★,2021-01-19,https://music.douban.com/subject/35168811/
Music to Our Ears,&#34;A&#34; Trio,2012,★★★★★,2021-01-19,https://music.douban.com/subject/34794376/
This is Chrome Hill,Chrome Hill,2020,★★★★,2021-01-19,https://music.douban.com/subject/35288714/
Legal Tender,Cortex,2020,★★★★,2021-01-19,https://music.douban.com/subject/35321488/
借りぐらしのアリエッティ サウンドトラック / ...,セシル・コルベル,2010,★★★★★,2021-01-19,https://music.douban.com/subject/4838422/
Speak No Evil / 别瞎说,Wayne Shorter,1966,★★★★★,2021-01-18,https://music.douban.com/subject/1422264/
Bach &amp; Tureck at Home: A Birthday Offering / Goldberg Variations,Rosalyn Tureck,1988,★★★★★,2021-01-18,https://music.douban.com/subject/2377104/
J.S. Bach: Goldberg Variations / 朱晓玫演奏巴赫－哥德堡变奏曲,Zhu Xiao-Mei,2007,,2021-01-18,https://music.douban.com/subject/3284737/
Paralytic FluXus,Paralytic FluXus,2006,,2021-01-15,https://music.douban.com/subject/35321274/
Cosmos,McCoy Tyner,1976,★★★★,2021-01-15,https://music.douban.com/subject/33410537/
Mudanin Kata / The Journey Home / 归途,David Darling &amp; the Wulu Bunun,2004,,2021-01-13,https://music.douban.com/subject/1778169/
Ustad Z. M. Dagar,"Ustad Z. M. Dagar,Zia Mohiuddin Dagar,Ustad Zia Mohiuddin Dagar",1982,★★★★★,2021-01-13,https://music.douban.com/subject/35306604/
Travessia,Milton Nascimento,2002,,2021-01-13,https://music.douban.com/subject/2361745/
Journal October,David Darling,2000,★★★★,2021-01-12,https://music.douban.com/subject/1460511/
Cycles,David Darling,1981,★★★★★,2021-01-12,https://music.douban.com/subject/1460024/
Hard Talk,Mal Waldron,1995,,2021-01-12,https://music.douban.com/subject/3534430/
FASTFALL,Lifeformed,2012,★★★,2021-01-12,https://music.douban.com/subject/19961562/
Sub Rosa Vs Shi-ra-nui,Various Artists,2007,★★★,2021-01-12,https://music.douban.com/subject/33804251/
Melodies From Mars,Aphex Twin,1995,★★★,2021-01-12,https://music.douban.com/subject/3158814/
Nanook of the North,Christine Ott and Torsten Böttcher,2019,★★★★★,2021-01-11,https://music.douban.com/subject/34798070/
Fabriclive55 - DJ Marky: Mixed By DJ Marky,DJ Marky,2011,★★★★,2021-01-11,https://music.douban.com/subject/5921942/
The Art of Arturo Benedetti Michelangeli - Beethoven: Piano So...,Arturo Benedetti Michelangeli,2018,,2021-01-11,https://music.douban.com/subject/30322629/
Bandits Of Stature,Harold Budd,2012,★★★★,2021-01-08,https://music.douban.com/subject/20279387/
互念暗语,"老丹,李带菓",2020,★★★★★,2021-01-07,https://music.douban.com/subject/35177319/
单簧管,"K.M.K.M.K,小红与小小红",2015,★★★★,2021-01-06,https://music.douban.com/subject/26610998/
(((,"Gatsby In A Daze,晕盖",2015,★★★,2021-01-06,https://music.douban.com/subject/26387283/
Beethoven - Piano Sonatas 30-32,Freddy Kempf,2001,★★★★★,2021-01-06,https://music.douban.com/subject/4937610/
Bach - Art of the Fugue &amp; Handel- Suites for Harpsichord,Glenn Gould,1988,★★★★★,2021-01-06,https://music.douban.com/subject/3676928/
Catwalk,Emily Remler,1992,★★★★★,2021-01-06,https://music.douban.com/subject/3271258/
Music for 18 Musicians,Steve Reich,2000,★★★★★,2021-01-06,https://music.douban.com/subject/1860623/
Peace Planet/Box of Light,"Whit Dickey,The Tao Quartets",2019,★★★★,2021-01-05,https://music.douban.com/subject/34468009/
The Complete Africa/Brass Sessions,John Coltrane,1995,★★★★★,2021-01-05,https://music.douban.com/subject/1800620/
"At the &#34;Golden Circle&#34; in Stockholm, Vol. 1",Ornette Coleman Trio,2002,★★★★★,2021-01-05,https://music.douban.com/subject/1754168/
Birth of the Cool,Miles Davis,1957,★★★★,2021-01-05,https://music.douban.com/subject/1458574/
Song of Sage: Post Panic!,Navy Blue,2020,★★★,2021-01-05,https://music.douban.com/subject/35299947/
Brahms: Works for Solo Piano,"Julius Katchen,Jean-Pierre Marty",1997,★★★★★,2021-01-04,https://music.douban.com/subject/1440478/
Touchin&#39; On Trane,"Charles Gayle,William Parker,Rashied Ali",1993,★★★★★,2021-01-02,https://music.douban.com/subject/3431407/
Live in Avignon France 1989,Horace Tapscott,2020,★★★★,2020-12-31,https://music.douban.com/subject/35211619/
Richter plays Bach,Sviatoslav Richter,2008,★★★★★,2020-12-31,https://music.douban.com/subject/3327549/
György Sebök - The 1991 Grange de Meslay Recital (Live),György Sebök,2017,★★★★★,2020-12-31,https://music.douban.com/subject/34995600/
国外代理馆-世界音乐图书馆-韩国伽倻琴音乐 / Tra...,Various Artists,1980,★★★★,2020-12-30,https://music.douban.com/subject/2278534/
Impact,Charles Tolliver,2006,★★★★★,2020-12-30,https://music.douban.com/subject/3697713/
Animalia,Mammal Hands,2014,★★★★★,2020-12-30,https://music.douban.com/subject/26005933/
For Adolphe Sax,"Peter Brötzmann,Peter Kowald,Sven-Ake Johansson,Fred Van Hove",1967,★★★★★,2020-12-30,https://music.douban.com/subject/1936568/
Trios Live,Joshua Redman,2014,★★★,2020-12-29,https://music.douban.com/subject/25915131/
New Forms (20th Anniversary),Roni Size,2017,,2020-12-29,https://music.douban.com/subject/27592278/
国外代理馆-世界音乐图书馆-韩国巫乐 / Sinawi Music...,Various Artists,1984,★★★★★,2020-12-29,https://music.douban.com/subject/2032367/
妖艶懺悔 / Yoenzange,"因幡修次,Shuji Inaba",2006,★★★,2020-12-29,https://music.douban.com/subject/2156958/
Touch: Isolation,Various Artists,2020,,2020-12-29,https://music.douban.com/subject/35128882/
Good Days / 好日子,SZA,2020,,2020-12-29,https://music.douban.com/subject/35301577/
McCoy Tyner Plays John Coltrane: Live at the Village Vanguard,McCoy Tyner,2001,★★★★★,2020-12-29,https://music.douban.com/subject/3242064/
Shree Rag: Munich 1976,"Nikhil Banerjee,Swapan Chaudhuri",2003,★★★★★,2020-12-28,https://music.douban.com/subject/1494939/
Genesis,Voyage,2016,★★★,2020-12-25,https://music.douban.com/subject/26929444/
Ys,Joanna Newsom,2006,★★★★,2020-12-24,https://music.douban.com/subject/1864508/
Wake Up Your Mind,Joni Haastrup,2011,★★★★★,2020-12-23,https://music.douban.com/subject/26330354/
Starz,Yung Lean,2020,★★★,2020-12-23,https://music.douban.com/subject/35048868/
KM93.11,dip in the pool,1993,★★★★,2020-12-23,https://music.douban.com/subject/25805903/
Malayeen,Malayeen,2014,,2020-12-23,https://music.douban.com/subject/35290483/
Sharp Sharp,Zuho,2020,★★★★,2020-12-22,https://music.douban.com/subject/35221519/
冀西南林路行 / Inside The Cable Temple,万能青年旅店,2020,★★★★,2020-12-22,https://music.douban.com/subject/35292992/
万能青年旅店 / Omnipotent Youth Society,万能青年旅店,2010,★★★★★,2020-12-22,https://music.douban.com/subject/5344708/
Ajaeng Ajaeng,Eyvind Kang,2020,★★★★★,2020-12-22,https://music.douban.com/subject/35052394/
Flail,Wetware,2020,★★★★★,2020-12-21,https://music.douban.com/subject/35043133/
Handscapes,The Piano Choir,1973,★★★★,2020-12-21,https://music.douban.com/subject/3402625/
Dopethrone,Electric Wizard,2000,★★★★★,2020-12-20,https://music.douban.com/subject/6952299/
Infernally Revulsed,Infernal Revulsion,2013,★★★★,2020-12-20,https://music.douban.com/subject/25770394/
Ten Times the World Lied,bvdub,2020,★★★★★,2020-12-17,https://music.douban.com/subject/34984078/
Moonlight Recomposed,Olivia Belli,2020,,2020-12-17,https://music.douban.com/subject/35279177/
Tru / Opal / The Light Within You,"Laurel Halo,Hodge",2018,★★★,2020-12-17,https://music.douban.com/subject/30392281/
"Eric Dolphy in Europe, Vol. 2",Eric Dolphy,1965,★★★★★,2020-12-17,https://music.douban.com/subject/2001018/
"Eric Dolphy at the Five Spot, Vol. 2",Eric Dolphy,1961,★★★★★,2020-12-17,https://music.douban.com/subject/2311616/
Candid Dolphy,Eric Dolphy,1990,★★★★★,2020-12-17,https://music.douban.com/subject/2001011/
Street Lady,Donald Byrd,1974,★★★★★,2020-12-17,https://music.douban.com/subject/2287324/
Something in Blue,THELONIOUS MONK,1971,★★★★★,2020-12-16,https://music.douban.com/subject/4714696/
"Oh, My Dog",ICP Orchestra,2001,★★★★★,2020-12-16,https://music.douban.com/subject/4023744/
2R0I2P0,Boris &amp; Merzbow,2020,★★★★,2020-12-16,https://music.douban.com/subject/35228547/
Groupcomposing,Instant Composers Pool,1978,★★★★★,2020-12-15,https://music.douban.com/subject/3179295/
Flûtes libres,"Marc Chantereau,Serge Franklin,Jean Cohen-Solal",1971,★★★★★,2020-12-15,https://music.douban.com/subject/33902686/
Born Again,Blood Axis,2010,★★★★★,2020-12-15,https://music.douban.com/subject/4717710/
La Scala / 杰瑞特在米兰斯卡拉剧院的独奏音乐会,Keith Jarrett,1997,,2020-12-15,https://music.douban.com/subject/1437747/
Xenocide,Aversions Crown,2017,★★★★★,2020-12-14,https://music.douban.com/subject/26960199/
Check Point Charlie,Ghedalia TAZARTES,2006,★★★,2020-12-14,https://music.douban.com/subject/3228119/
Inferno,"John Zorn,John Medeski,Matt Hollenberg,Kenny Grohowski",2015,★★★★,2020-12-14,https://music.douban.com/subject/26847805/
L&#39;Empire Des Sons,L&#39;Empire Des Sons,1986,,2020-12-14,https://music.douban.com/subject/35281423/
Le Saucisson De Mer,L&#39;Empire Des Sons,1990,,2020-12-14,https://music.douban.com/subject/35281399/
Medicine Buddha,"Billy Bang,William Parker",2014,★★★★★,2020-12-13,https://music.douban.com/subject/30458000/
Whispers From The Archive,Juma Sultan&#39;s Aboriginal Music Society,2012,★★★★,2020-12-13,https://music.douban.com/subject/25810474/
Mixed Bag 1st Album,Mixed Bag,2004,★★★★,2020-12-13,https://music.douban.com/subject/25853296/
Mehter Concert,Old Janissairs Band,1991,,2020-12-13,https://music.douban.com/subject/35112861/
Nommo,"Milford Graves,Don Pullen",1967,,2020-12-13,https://music.douban.com/subject/3897423/
In Concert At Yale University,"Don Pullen,Milford Graves",1966,,2020-12-13,https://music.douban.com/subject/35112972/
Kilimanjaro,Zbigniew Seifert,1978,★★★★★,2020-12-12,https://music.douban.com/subject/2276039/
Opix,"Sami El-Enany,Dampé",2020,★★★★,2020-12-12,https://music.douban.com/subject/35284368/
Paris Concert,Keith Jarrett,2000,★★★★★,2020-12-11,https://music.douban.com/subject/1437745/
The Pavilion of Dreams,Harold Budd,1978,★★★★★,2020-12-11,https://music.douban.com/subject/1530064/
Gipsy Love (Digi-Pack),Gipsy Love,1972,★★★★,2020-12-11,https://music.douban.com/subject/10528892/
Smallville Tapes,Domotic,2017,★★★★★,2020-12-09,https://music.douban.com/subject/33756375/
Share The Wealth,The Nels Cline Singers,2020,★★★★,2020-12-09,https://music.douban.com/subject/35249589/
"Krakow Jazzklub, Poland 1966",The Danish Radio Jazz Group,2013,★★★★,2020-12-08,https://music.douban.com/subject/35272439/
Burnt Weeny Sandwich,Frank Zappa &amp; The Mothers of Invention,1970,★★★★★,2020-12-08,https://music.douban.com/subject/1754110/
Another Flower,"Robin Guthrie,Harold Budd",2020,★★★,2020-12-08,https://music.douban.com/subject/35245955/
Everywhere at the end of time,The Caretaker,2019,★★★★★,2020-12-08,https://music.douban.com/subject/30784886/
神隱 Spirited Away,"YoungQueenz,Hyke",2020,★★★★,2020-12-08,https://music.douban.com/subject/35280109/
Mourning / 悲傷,Depressive Silence,1996,★★★★★,2020-12-08,https://music.douban.com/subject/34962719/
Fire In Negative,Perc,2020,★★★,2020-12-04,https://music.douban.com/subject/35262720/
Planting Seeds,The Advent,2020,★★★,2020-12-04,https://music.douban.com/subject/35262718/
World Clique,Deee-Lite,1990,★★★,2020-12-04,https://music.douban.com/subject/1824360/
English Settlement,XTC,1982,,2020-12-04,https://music.douban.com/subject/1824627/
Prokofiev &amp; Franck: Sonatas for Flute and Piano,"James Galway,Martha Argerich",2014,★★★★★,2020-12-04,https://music.douban.com/subject/34552355/
The Thing to Do,Blue Mitchell,1964,★★★★★,2020-12-02,https://music.douban.com/subject/1755984/
From This Day Forward,Obliveon,1990,★★★★,2020-12-01,https://music.douban.com/subject/5294814/
Cat Toren’s HUMAN KIND,Cat Toren’s HUMAN KIND,2017,★★★★★,2020-11-29,https://music.douban.com/subject/35191367/
Baphomet,John Zorn,2020,★★★★,2020-11-27,https://music.douban.com/subject/35192988/
Calculus,John Zorn,2020,★★★★★,2020-11-27,https://music.douban.com/subject/35101147/
And I&#39;ll Recite An Old Myth From... / 伝説を語りて,Providence,1989,★★★,2020-11-27,https://music.douban.com/subject/30458034/
蝶湖夢楼の一夜(紙ジャケット仕様),"プロビデンス,Providence",2013,★★★★,2020-11-27,https://music.douban.com/subject/25412939/
つみびとの記憶 / Memories Of Tsumibito,那由他計画 Project Nayuta,2020,★★★★★,2020-11-27,https://music.douban.com/subject/35244963/
Elisso Wirssaladze plays Chopin,Elisso Wirssaladze,1999,★★★★★,2020-11-26,https://music.douban.com/subject/3159281/
MxBx 1998 / 13000 Miles At Light Velocity,Melt Banana,1999,★★★★,2020-11-26,https://music.douban.com/subject/1805757/
Swing Strong Mod,Musica Transonic,1999,★★★★★,2020-11-26,https://music.douban.com/subject/2155264/
hide me here,caro♡,2020,,2020-11-26,https://music.douban.com/subject/35266473/
モノクローム / Monochrome,吉田美奈子,1980,★★★★★,2020-11-25,https://music.douban.com/subject/24723011/
Gluee,Bladee,2014,★★★,2020-11-25,https://music.douban.com/subject/33441443/
Living&#39;s Deal / 立文傻屌,爆浆 explosicum,2017,★★★★★,2020-11-25,https://music.douban.com/subject/27597644/
異常火曜日 (5th Anniversary Remix),"YoungQueenz,Grymeman",2020,★★★★★,2020-11-25,https://music.douban.com/subject/35242883/
We Will Meet Again,Bill Evans,1993,★★★★,2020-11-25,https://music.douban.com/subject/1438360/
塵世幻象 / The Delusion,"慘慘豬,CharmCharmChu",2017,★★★★★,2020-11-25,https://music.douban.com/subject/26993640/
Wood Organization,Wood Organization,2017,,2020-11-24,https://music.douban.com/subject/35250590/
Live at the Montreal Jazz Festival,Astor Piazzolla,2008,★★★★★,2020-11-24,https://music.douban.com/subject/3591248/
Ngoma Injection,WULFFLUW XCIV,2020,★★,2020-11-24,https://music.douban.com/subject/35229951/
Alexander Scriabin The Complete Etudes,Garrick Ohlsson,2009,,2020-11-24,https://music.douban.com/subject/3907130/
Oa,Shuta Hasunuma,2019,,2020-11-24,https://music.douban.com/subject/35034451/
Norrskensflamman,Varg2™,2020,★★★,2020-11-24,https://music.douban.com/subject/35262142/
Light as a Feather,"Chick Corea,Return to Forever",1973,★★★★★,2020-11-22,https://music.douban.com/subject/1795372/
Alchemy,Third Ear Band,2003,★★★★★,2020-11-20,https://music.douban.com/subject/1804279/
Glam Exotica!,"三宅純,jun miyake",2003,★★★★★,2020-11-20,https://music.douban.com/subject/1776760/
The Tonal Cycles,ASC,2020,★★★,2020-11-19,https://music.douban.com/subject/35140228/
Palm Mall,猫 シ Corp.,2014,★★★,2020-11-19,https://music.douban.com/subject/30456227/
Building a Better World,猫 シ Corp. &amp; t e l e p a t h,2019,★★★★★,2020-11-19,https://music.douban.com/subject/34780221/
Funny Funky Rib Crib,Byard Lancaster,1974,★★★★★,2020-11-18,https://music.douban.com/subject/3408833/
Newborn Sun,Chon,2013,★★★,2020-11-17,https://music.douban.com/subject/25848012/
BODY/PRISON,"Perturbator,HEALTH",2018,★★★★★,2020-11-17,https://music.douban.com/subject/34554634/
Live in Tokyo,Weather Report,1998,,2020-11-16,https://music.douban.com/subject/2376072/
Orang-Utan,Isao Suzuki Quartet,1975,★★★★,2020-11-16,https://music.douban.com/subject/3083834/
Funky Donkey Vols. I &amp; II,"Luther Thomas,Human Arts Ensemble,The Saint Louis, Missouri Creative Ensemble",2009,★★★★★,2020-11-13,https://music.douban.com/subject/3314450/
I&#39;m God,"Clams Casino,伊莫金 荷普 Imogen Heap",2020,★★★★★,2020-11-11,https://music.douban.com/subject/35047404/
歳時記,3776,3776,★★★★★,2020-11-10,https://music.douban.com/subject/34808630/
わたしの高校生活,"井出ちよの,3776",3776,★★★★★,2020-11-10,https://music.douban.com/subject/35201182/
Nervous Sex Traffic [Vinyl LP],Call Super,2016,★★★,2020-11-10,https://music.douban.com/subject/26780515/
Evening River / Evening River,"キム・ドゥス,Kim Doo Soo",2010,,2020-11-10,https://music.douban.com/subject/6967962/
TEMPLE,MANSUR,2020,★★★,2020-11-10,https://music.douban.com/subject/35085083/
Monobody on Audiotree Live,Monobody,2017,★★★★,2020-11-09,https://music.douban.com/subject/35101529/
Aloha Polydor,Fishmans,1999,★★★★★,2020-11-08,https://music.douban.com/subject/1788291/
Revelation / Откровение,"Vyacheslav Guyvoronsky,Alexander Ragazanov",2011,★★★★★,2020-11-07,https://music.douban.com/subject/35242982/
四つのジャズ・コンポジション / Four Jazz Compositions,"宮間利之とニューハード・オーケストラ,Toshiyuki Miyama and His New Herd",2016,★★★★★,2020-11-06,https://music.douban.com/subject/27593976/
The Ground Music,Andreas Willers Octet ‎,2000,★★★★★,2020-11-05,https://music.douban.com/subject/26709150/
Fabriclive 84,Dub Phizix,2015,★★★,2020-11-04,https://music.douban.com/subject/26665829/
South London Boroughs,Burial,2005,,2020-11-04,https://music.douban.com/subject/3564227/
London Zoo,The Bug,2008,★★★★★,2020-11-04,https://music.douban.com/subject/3121453/
Magic Oneohtrix Point Never,Oneohtrix Point Never,2020,★★★,2020-11-03,https://music.douban.com/subject/35210177/
ニューハード / &#34;New Herd&#34;,宫间利之,2014,★★★★★,2020-11-03,https://music.douban.com/subject/26256074/
Tenorshoes,"Scott Hamilton,Dave McKenna,Phil Flanigan,Jeff Hamilton",1980,★★★★,2020-11-03,https://music.douban.com/subject/4028434/
chiasma,"Yosuke Yamashita Trio,山下洋辅,森山威男,坂田  明",1998,★★★★★,2020-11-03,https://music.douban.com/subject/1461097/
Ako&#39;s Dream / あこの夢,Isao Suzuki Sextet,1976,★★★★,2020-11-03,https://music.douban.com/subject/3083833/
Roma In The Rain / ローマ・イン・ザ・レイン,河野康弘,2019,★★★★★,2020-11-03,https://music.douban.com/subject/35013733/
Are You Okay,Was Not Was,1990,,2020-11-03,https://music.douban.com/subject/3094608/
LIVE,"Angel Bat Dawid,Tha Brothahood",2020,★★★★★,2020-11-02,https://music.douban.com/subject/35238805/
Swirling,Sun Ra Arkestra,2020,★★★★,2020-10-30,https://music.douban.com/subject/35144251/
Zoo Party,JahWahZoo,2018,★★★★,2020-10-29,https://music.douban.com/subject/30254007/
Here Comes The Crazy Man! Koen De Bruyne,Koen De Bruyne,2015,★★★★,2020-10-29,https://music.douban.com/subject/34790310/
SNUFF ELECTRONICS,Signora Ward Records,2019,★★★★,2020-10-29,https://music.douban.com/subject/34815831/
Plus,Autechre,2020,★★★★,2020-10-29,https://music.douban.com/subject/35236378/
Fabric 92,CALL SUPER,2017,★★★★★,2020-10-29,https://music.douban.com/subject/27004017/
Arpo,Call Super,2017,★★★★,2020-10-28,https://music.douban.com/subject/27194273/
"The Melody At Night, With You",Keith Jarrett,1999,★★★★,2020-10-28,https://music.douban.com/subject/1419758/
Death Is Our Eternal Friend,"Toshinori Kondo,Paul Lovens,Paul Lytton",2003,★★★★★,2020-10-28,https://music.douban.com/subject/1906294/
Legacy of Brutality,Misfits,1985,,2020-10-28,https://music.douban.com/subject/1465618/
Sounds Of Liberation,Sounds Of Liberation,2010,★★★★★,2020-10-27,https://music.douban.com/subject/4328233/
Live at the Village Vanguard,John Coltrane,2008,★★★★★,2020-10-27,https://music.douban.com/subject/4188769/
Atom Heart Mother,Pink Floyd,1970,,2020-10-26,https://music.douban.com/subject/1401320/
Pink is the Pig / Live @ London 1970.9.16,Pink Floyd,1990,,2020-10-26,https://music.douban.com/subject/4729127/
The Division Bell / 藩籬警鐘,Pink Floyd,1994,★★★★★,2020-10-26,https://music.douban.com/subject/1851490/
Songs for a Blue Guitar,Red House Painters,1996,★★★★,2020-10-25,https://music.douban.com/subject/1417310/
Acts of Rebellion,Ela Minus,2020,★★★,2020-10-23,https://music.douban.com/subject/35197150/
Every Mouth Teeth Missing,Call Super,2020,★★★★★,2020-10-23,https://music.douban.com/subject/35211023/
RoundAgain,"Joshua Redman,Brad Mehldau,Christian McBride,Brian Blade",2020,★★★★,2020-10-23,https://music.douban.com/subject/35099970/
Service Work,HKE,2020,★★★★,2020-10-23,https://music.douban.com/subject/35136663/
Essence / 精華,HKE,2020,★★,2020-10-23,https://music.douban.com/subject/35058994/
#HYPERCHILL,HKE,2020,★★,2020-10-23,https://music.douban.com/subject/35058979/
EARTH,FOUDRE!,2017,,2020-10-23,https://music.douban.com/subject/26929508/
Манірна Музика,Цукор ~ Біла Смерть,1990,,2020-10-23,https://music.douban.com/subject/33464825/
Innocent Country 2,"Quelle Chris,Chris Keys",2020,★★★,2020-10-22,https://music.douban.com/subject/35038315/
Solstice,Ralph Towner,2000,★★★★★,2020-10-22,https://music.douban.com/subject/1458254/
Facing You,Keith Jarrett,1972,★★★★★,2020-10-22,https://music.douban.com/subject/1394667/
Free at Last,Mal Waldron,2001,★★★★★,2020-10-22,https://music.douban.com/subject/1428135/
DISCO4 :: PART I,Health,2020,★★★★★,2020-10-22,https://music.douban.com/subject/35225878/
Guerrilla,Nazar,2020,★★★,2020-10-21,https://music.douban.com/subject/34946588/
Space Exploration,Linear System,2020,★★★★,2020-10-21,https://music.douban.com/subject/35226172/
Eyes Glide Through The Oxide,Ondo Fudd,2019,★★★★,2020-10-21,https://music.douban.com/subject/34442686/
Anima,Vladislav Delay,2001,★★★,2020-10-21,https://music.douban.com/subject/1468720/
L&#39; Incendie,Areski &amp; Brigitte Fontaine,1995,,2020-10-21,https://music.douban.com/subject/1771407/
The National Moment / 国民瞬间,Uncle Hu,2020,,2020-10-21,https://music.douban.com/subject/35221515/
Duck Rock,Malcolm Mclaren,1983,,2020-10-21,https://music.douban.com/subject/1861087/
Soundboy&#39;s Gravestone Gets Desecrated By Vandals,Various,2008,★★★★,2020-10-21,https://music.douban.com/subject/3322569/
Good old days,Dusko Gojkovic,1996,★★★★★,2020-10-20,https://music.douban.com/subject/24530080/
It Takes A Nation Of Millions To Hold Us Back / 虽千万人吾往矣,Public Enemy,1988,★★★★★,2020-10-20,https://music.douban.com/subject/1468701/
First Circle,Pat Metheny Group,1984,★★,2020-10-20,https://music.douban.com/subject/1499029/
6 Feet Deep / 给爷死,Gravediggaz,1994,★★★★★,2020-10-20,https://music.douban.com/subject/1793563/
Saint Cloud,Waxahatchee,2020,★★★,2020-10-20,https://music.douban.com/subject/34958767/
Love Is The Message (Live At Abbey Road Studios) / 愛的消息,"Yussef Dayes,Alfa Mist Ft Mansur Brown &amp; Rocco Palladino",2018,★★★★★,2020-10-20,https://music.douban.com/subject/33395637/
Polyhymnia,Yazz Ahmed,2019,★★★★★,2020-10-20,https://music.douban.com/subject/34907277/
Nonbinary,Arca,2020,★★,2020-10-19,https://music.douban.com/subject/35042801/
Charisma,Lee Morgan,1966,★★★★★,2020-10-19,https://music.douban.com/subject/4229264/
The 吉原,栄芝×近藤等則,2003,★★★★,2020-10-19,https://music.douban.com/subject/3264143/
The Cactus Album,3rd Bass,1989,★★★★★,2020-10-19,https://music.douban.com/subject/1786705/
Nerve Tripper,Toshinori Kondo,2002,★★★★★,2020-10-19,https://music.douban.com/subject/1906296/
Metal Position / メタル・ポジション,Toshinori Kondo &amp; Ima,1986,★★★★,2020-10-19,https://music.douban.com/subject/4834209/
Charged,近藤等則,1999,★★★★,2020-10-18,https://music.douban.com/subject/30260432/
The Hierophant,John Zorn ‎,2019,★★★★★,2020-10-18,https://music.douban.com/subject/34743452/
Familiar Future,Dougie Stu,2020,★★★★★,2020-10-18,https://music.douban.com/subject/35226253/
&amp;&amp;&amp;&amp;&amp; / Remastered Version,卡仙子 Arca,2020,★★★★★,2020-10-17,https://music.douban.com/subject/35210404/
The Colour In Anything / 内在光谱,James Blake,2016,,2020-10-16,https://music.douban.com/subject/26788103/
My Agenda,Dorian Electra,2020,★★★★,2020-10-16,https://music.douban.com/subject/35225831/
Gigi Masin - Wind +8 [Japan CD] SUCD-3002,Gigi Masin,2016,★★★★★,2020-10-15,https://music.douban.com/subject/26813939/
The 1989 Herodes Atticus Odeon Recital,Tatiana Nikolayeva,2016,,2020-10-15,https://music.douban.com/subject/26880807/
武満徹 映画音楽選集① / 武満徹 映画音楽選集①小林正樹監...,武満徹,1990,★★★★★,2020-10-14,https://music.douban.com/subject/2082158/
Japan Piano 1996,1997-01-01,1997,★★,2020-10-14,https://music.douban.com/subject/3114697/
"Sharp, Sharp",Zuho,2020,★★★★,2020-10-14,https://music.douban.com/subject/35221511/
Long Live the Kane,Big Daddy Kane,1988,★★★★★,2020-10-12,https://music.douban.com/subject/1885423/
Ascension (Edition II),"John Coltrane,McCoy Tyner,Jimmy Garrison,Elvin Jones,Marion Brown,Art Davis,Freddie Hubbard,Dewey Johnson,Pharoah Sanders,Archie Shepp,John Tchicai",1965,★★★★★,2020-10-12,https://music.douban.com/subject/35222751/
The Remixes 1997-2000,Jazzanova,2000,★★★★,2020-10-12,https://music.douban.com/subject/1856020/
animal électrique,"Reinhold Friedl,Eryck Abecassis",2020,★★★★,2020-10-12,https://music.douban.com/subject/35215030/
Two Autumns,Croatian Amor &amp; Scandinavian Star,2020,★★★★,2020-10-09,https://music.douban.com/subject/35215690/
All in the Same Breath,Croatian Amor,2020,★★★,2020-10-09,https://music.douban.com/subject/35084098/
Visions / 囈語,Grimes,2012,★★★,2020-10-07,https://music.douban.com/subject/10464787/
Aquatic,The Necks,1994,★★★,2020-10-07,https://music.douban.com/subject/20387934/
Heroes of Nature,Smoke City,2001,★★★,2020-10-07,https://music.douban.com/subject/1468741/
Burn Back Time,bvdub,2020,★★★★★,2020-10-05,https://music.douban.com/subject/35070287/
Hot Buttered Soul,Isaac Hayes,1969,★★★★,2020-10-05,https://music.douban.com/subject/1798588/
Phoenix: Flames Are Dew Upon My Skin / 凤凰：火焰是我皮肤上的露水,Eartheater,2020,★★★,2020-10-05,https://music.douban.com/subject/35167746/
"Shostakovich: 24 Preludes and Fugues, Op. 87",Tatiana Nikolayeva,1991,,2020-09-30,https://music.douban.com/subject/1849430/
Rachmaninoff: Préludes,Sergei Babayan,2020,,2020-09-30,https://music.douban.com/subject/35177068/
Bach: Cello Suites 1 - 3,Enrico Mainardi,1995,★★★★★,2020-09-29,https://music.douban.com/subject/1775199/
"Guitar Recital: Csaki, Andras / BACH, J.S. / BRITTEN, B. / DUARTE...","Csaki, Andras",2010,,2020-09-28,https://music.douban.com/subject/6534190/
Vespertine,This Will Destroy You,2020,★★,2020-09-27,https://music.douban.com/subject/35093698/
Dengue Fever,Dengue Fever,2003,★★★,2020-09-25,https://music.douban.com/subject/1815587/
Human Target,Thy Art Is Murder,2019,★★★★,2020-09-25,https://music.douban.com/subject/33410161/
Feadoga Stain,Mary Bergin,1979,,2020-09-25,https://music.douban.com/subject/3155942/
Velocity : Design : Comfort,Sweet Trip,2003,★★★★★,2020-09-25,https://music.douban.com/subject/2340675/
NONE OF THIS IS REAL,DJ Rozwell,2014,★★★★,2020-09-24,https://music.douban.com/subject/26977853/
Bach: Flute Sonatas - Nicolet / Richter / 巴赫 长笛奏鸣曲集,"Aurele Nicolet,Karl Richter",2002,★★★★★,2020-09-23,https://music.douban.com/subject/1483097/
Philip Glass: Piano Works / 菲利普格拉斯：钢琴作品,"Víkingur Ólafsson,Siggi String Quartet",2017,★★★★★,2020-09-23,https://music.douban.com/subject/26949350/
&#39;Round About Midnight - Live At The Totem Vol.2,Archie Shepp,2005,★★★★★,2020-09-23,https://music.douban.com/subject/24702198/
In Praise Of Shadows,"Yuen Chee Wai,Lasse Marhaug",2018,★★★★★,2020-09-23,https://music.douban.com/subject/35207464/
Karma No Kusari [VINYL],Kiki Hitomi,2016,★★★★,2020-09-23,https://music.douban.com/subject/26866938/
GHOSTS VI: LOCUSTS,九寸钉 Nine Inch Nails,2020,★★★★,2020-09-23,https://music.douban.com/subject/35008616/
Repent,Charles Gayle,1992,★★★★,2020-09-22,https://music.douban.com/subject/3285566/
Forgiveness,Charles Gayle Trio,2008,★★★★★,2020-09-21,https://music.douban.com/subject/3582668/
Bach: The Art Of The Fugue,Glenn Gould,2001,★★★★★,2020-09-16,https://music.douban.com/subject/1421919/
Pornography,The Cure,1982,★★★★★,2020-09-16,https://music.douban.com/subject/1416890/
Disintegration / 分崩离析,The Cure,1989,★★★★★,2020-09-16,https://music.douban.com/subject/1789859/
Blues For The Red Sun / 红日布鲁斯,Kyuss,1992,★★★★★,2020-09-15,https://music.douban.com/subject/1858655/
Redeemer,Dean Blunt,2013,★★★,2020-09-15,https://music.douban.com/subject/23131182/
Gold Record,Bill Callahan,2020,★★★,2020-09-15,https://music.douban.com/subject/35118415/
Paradise Cove,"Misha Panfilov,Shawn Lee",2020,★★★★,2020-09-15,https://music.douban.com/subject/35201969/
TENET (Original Motion Picture Soundtrack) / 信条 电影原声,Ludwig Göransson,2020,★★★★★,2020-09-14,https://music.douban.com/subject/35187478/
Hearing Ghosts,Broken Thoughts,2020,,2020-09-12,https://music.douban.com/subject/35193489/
Putrefaction In Progress,Last Days Of Humanity,2006,,2020-09-09,https://music.douban.com/subject/6037657/
On,Altın Gün,2018,★★★★,2020-09-09,https://music.douban.com/subject/30215489/
MMXX,Diplo,2020,★★,2020-09-09,https://music.douban.com/subject/35200243/
~​~​~,Ana Roxanne,2019,★★★★,2020-09-09,https://music.douban.com/subject/32580148/
Universal Beings,Makaya McCraven,2018,★★★★★,2020-09-08,https://music.douban.com/subject/30364638/
Ten Billion Angels,Zora Jones,2020,★★★,2020-09-08,https://music.douban.com/subject/35176088/
A Smaller Divide,Sendai,2014,★★★★,2020-09-08,https://music.douban.com/subject/25851648/
Sixties Japanese Garage-Psych Sampler,Various Artists,2016,,2020-09-08,https://music.douban.com/subject/27590022/
V.S.O.P. The Quintet: Live Under the Sky,"V.S.O.P., The Quintet",2013,★★★★,2020-09-07,https://music.douban.com/subject/33654646/
lookout farm,Dave Liebman,1974,★★★★,2020-09-03,https://music.douban.com/subject/1966693/
Space Puppy,Sleeping Dogs,2020,★★★★,2020-09-03,https://music.douban.com/subject/35182796/
At the Mountains of Madness,"John Zorn,Electric Masada",2005,★★★★★,2020-09-03,https://music.douban.com/subject/1878656/
City Gates,"George Adams,Don Pullen",2000,★★★★★,2020-09-03,https://music.douban.com/subject/2265753/
Azimuth,Kenny Larkin,1994,,2020-09-02,https://music.douban.com/subject/1867678/
Leave No Trace (Live In St. Louis) [VINYL],Tashi Dorji &amp; Tyler Damon,2018,,2020-09-02,https://music.douban.com/subject/30403655/
Total Absorption,Nikhil Banerjee,2000,,2020-09-02,https://music.douban.com/subject/2263044/
Zenith,"Sam Rivers,Joe Daley,大卫·霍兰德 Dave Holland,Barry Altschul,Charlie Persip",2019,★★★★★,2020-09-02,https://music.douban.com/subject/35112379/
Richter in Leipzig,Sviatoslav Richter,2008,,2020-09-02,https://music.douban.com/subject/3824296/
The Quest,Mal Waldron with Eric Dolphy and Booker Ervin,1961,★★★★★,2020-09-01,https://music.douban.com/subject/3389879/
It&#39;s Rough out Here,Modulations,1975,★★★★★,2020-09-01,https://music.douban.com/subject/3328401/
Con Anima / Concerto Grosso,Ganelin Trio,2004,★★★★★,2020-09-01,https://music.douban.com/subject/3088547/
自由魂 / Free Spirit,"김두수,Kim Doo Soo",2002,★★★★★,2020-08-31,https://music.douban.com/subject/3093562/
"Glenn Gould Edition - Bach: French Suites, Overture / BWV 812-817...",Glenn Gould,1995,★★★★★,2020-08-24,https://music.douban.com/subject/1433306/
The Berlin Recital - Encores,Yuja Wang,2018,,2020-08-20,https://music.douban.com/subject/30351371/
郎朗:最爱与珍藏 / Lang Lang The Best&amp;Rarities,郎朗 Lang Lang,2008,,2020-08-19,https://music.douban.com/subject/3812880/
"In Memoriam: Legendary Recordings 1959-1965 by Richter, Sviato...",Sviatoslav Richter,,,2020-08-19,https://music.douban.com/subject/25856290/
Johann Sebastian Bach: Goldberg Variations / Bach: Goldberg Varia...,Daniel Barenboim,2007,,2020-08-18,https://music.douban.com/subject/34124527/
Johann Sebastian Bach: Goldberg Variations,"Johann Sebastian Bach,Rosalyn Tureck",1999,★★★★★,2020-08-17,https://music.douban.com/subject/1473946/
Bach: Goldberg Variations (1981 Digital Version) / 巴赫《戈德堡变...,Glenn Gould,1993,★★★★★,2020-08-17,https://music.douban.com/subject/1763235/
Det Som Engang Var,Burzum,1993,★★★★★,2020-08-13,https://music.douban.com/subject/1455372/
AD:TECHNO 4,Various,2019,★★★,2020-08-11,https://music.douban.com/subject/34921286/
Microphones in 2020,The Microphones,2020,★★★★★,2020-08-08,https://music.douban.com/subject/35100948/
Release of an Oath,The Electric Prunes,1968,★★★★★,2020-08-05,https://music.douban.com/subject/1966470/
Free Spirit (17/Sep/94),"Johnny, Louis &amp; Char",1995,★★★★★,2020-07-30,https://music.douban.com/subject/35160770/
Topology / Topology,"Makoto Terashita,Harold Land",1984,★★★★,2020-07-30,https://music.douban.com/subject/30123608/
&amp;&amp;&amp;&amp;&amp;,Arca,2013,★★★★★,2020-07-29,https://music.douban.com/subject/26674840/
牛羊下山,周云蓬,2010,★★★★,2020-07-29,https://music.douban.com/subject/5269027/
Phew 06,Phew,2020,★★★★★,2020-07-29,https://music.douban.com/subject/35140596/
Reckon,Jim Black Trio,2020,★★★★★,2020-07-28,https://music.douban.com/subject/35112158/
Savage Resurrection,Savage Resurrection,1999,★★★★★,2020-07-28,https://music.douban.com/subject/3242311/
Discipline,King Crimson,1981,★★★★★,2020-07-27,https://music.douban.com/subject/4834546/
1985,haircuts for men,2020,★★★,2020-07-25,https://music.douban.com/subject/35098126/
Love &amp; Death,Ebo Taylor,2010,★★★★,2020-07-24,https://music.douban.com/subject/5295018/
Im Wald,Paysage d&#39;Hiver,2020,★★★★★,2020-07-21,https://music.douban.com/subject/34962474/
COWBOY BEBOP OST 1 / 星际牛仔,Yoko Kanno,1998,★★★★★,2020-07-21,https://music.douban.com/subject/1452607/
海を見ていたジョニー,坂元輝トリオ,2011,★★★★,2020-07-17,https://music.douban.com/subject/25782841/
Styx,Phonothek,2020,★★★★★,2020-07-17,https://music.douban.com/subject/35134141/
Departed,DESIDERII MARGINIS,2020,★★★★★,2020-07-16,https://music.douban.com/subject/35101546/
La Flûte Des Mornes Vol.1 / La Flute Des Mornes Volume 1,Max Cilla,1981,★★★★,2020-07-15,https://music.douban.com/subject/27052757/
Thaw,Desiderii Marginis,2014,★★★★,2020-07-14,https://music.douban.com/subject/25906383/
End Of I,Art Of Empathy,2020,★★★★,2020-07-14,https://music.douban.com/subject/34956235/
Fiction,Maison book girl,2020,★★★★★,2020-07-13,https://music.douban.com/subject/35036623/
Bass Invaders,Dubadelic,1998,★★★,2020-07-13,https://music.douban.com/subject/1841418/
Drop 6,Little Simz,2020,★★★,2020-07-13,https://music.douban.com/subject/35052345/
Briefvisit,Dolphy Kick Bebop 海豚踢,2020,★★★★★,2020-07-13,https://music.douban.com/subject/35136464/
To Know Without Knowing,"Mulatu Astatke,Black Jesus Experience",2020,★★★,2020-07-13,https://music.douban.com/subject/35127600/
Stillness in Wonderland,Little Simz,2016,★★★★★,2020-07-13,https://music.douban.com/subject/26933675/
Quazarz: Born On A Gangster Star,Shabazz Palaces,2017,,2020-07-12,https://music.douban.com/subject/27030763/
Black Orckid,Stephen David Heitkotter,2014,,2020-07-08,https://music.douban.com/subject/27164863/
"Bigger, Better, Faster, More!",4 Non Blondes,1992,★★★★,2020-07-08,https://music.douban.com/subject/1408252/
Through The Archway Of Mouths,øjeRum,2019,★★★★★,2020-07-08,https://music.douban.com/subject/34865169/
Gli Spiriti Della Marca,Carlo Giustini,2020,,2020-07-07,https://music.douban.com/subject/35112898/
No,Boris,2020,,2020-07-04,https://music.douban.com/subject/35118286/
Pink,Boris,2006,,2020-07-03,https://music.douban.com/subject/3286650/
Silur,Tarwater,1999,★★★★★,2020-07-03,https://music.douban.com/subject/1440337/
生死牌,盖然,2012,,2020-07-03,https://music.douban.com/subject/10739952/
近人可读,寸铁,2020,,2020-07-03,https://music.douban.com/subject/35101591/
Piano Works,Gabríel Ólafs,2020,,2020-07-02,https://music.douban.com/subject/35126032/
Degen van licht,Turia,2020,★★★★★,2020-07-01,https://music.douban.com/subject/34918584/
Éons,NEPTUNIAN MAXIMALISM,2020,★★★★★,2020-07-01,https://music.douban.com/subject/35115982/
Alienation,YBO²,1986,★★★★★,2020-06-29,https://music.douban.com/subject/5270594/
Post / 家书 / 邮递,"Björk,Bjork",1995,★★★★★,2020-06-29,https://music.douban.com/subject/1400690/
Against the Gyre,Daniel Menche,2020,★★★★★,2020-06-28,https://music.douban.com/subject/35120865/
FORM,SOFT BALLET,1995,★★★★★,2020-06-28,https://music.douban.com/subject/4921325/
"Death Chants, Breakdowns and Military Waltzes",John Fahey,1999,★★★★★,2020-06-28,https://music.douban.com/subject/2028902/
Bricolage,Amon Tobin,1998,★★★★★,2020-06-28,https://music.douban.com/subject/1476660/
Milton,Milton Nascimento,2000,★★★★★,2020-06-27,https://music.douban.com/subject/2361746/
Roy Ayers JID002,"Roy Ayers,Adrian Younge,Ali Shaheed Muhammad",2020,★★★★★,2020-06-26,https://music.douban.com/subject/35050109/
KiCk i,Arca,2020,★★★★,2020-06-26,https://music.douban.com/subject/35014041/
Way Home,Lesa Listvy,2018,★★★★★,2020-06-25,https://music.douban.com/subject/30225368/
Hot Rats,Frank Zappa,1969,★★★★★,2020-06-24,https://music.douban.com/subject/1424532/
"Xerrox, Vol. 4",Alva Noto,2020,★★★★,2020-06-24,https://music.douban.com/subject/35063050/
Can you ear me?,ANTIBODIES,2020,★★★★★,2020-06-24,https://music.douban.com/subject/35116944/
Hosono House / 细野之家,"Haruomi Hosono,細野晴臣",1973,★★★★★,2020-06-24,https://music.douban.com/subject/1806724/
泰安洋行,細野晴臣,1976,,2020-06-24,https://music.douban.com/subject/5352983/
Paraiso / はらいそ,"細野晴臣,Yellow Magic Orchestra",1978,★★★★★,2020-06-24,https://music.douban.com/subject/1778038/
Vroom Vroom EP,Charli XCX,2016,★★★,2020-06-24,https://music.douban.com/subject/33638892/
Hidden in the Stomach,"AALY Trio,Ken Vandermark",1996,★★★★★,2020-06-23,https://music.douban.com/subject/3220407/
燃烧的书店 II,"纐缬雅代 Masayo Koketsu,老丹 Lao Dan,李带菓 Li Daiguo,邓博宇 Deng Boyu",2020,★★★★★,2020-06-23,https://music.douban.com/subject/35031280/
无人岛之歌,老丹,2020,★★★★★,2020-06-23,https://music.douban.com/subject/35101150/
Substrata,Biosphere,1997,★★★★★,2020-06-23,https://music.douban.com/subject/1441140/
Marquee Moon / 华盖之月,Television,1977,★★★★★,2020-06-23,https://music.douban.com/subject/1781797/
Memory 417,In Quantum,2019,★★★★,2020-06-23,https://music.douban.com/subject/34614083/
Ghosts,Peter Evans Quintet,2011,★★★★★,2020-06-22,https://music.douban.com/subject/6780015/
All Things Being Equal,Sonic Boom,2020,★★★,2020-06-22,https://music.douban.com/subject/34983710/
Söder Mälarstrand,Lena Andersson,2019,★★★,2020-06-19,https://music.douban.com/subject/34448736/
Passing images / 往景,Frode Haltli,2007,★★★★★,2020-06-18,https://music.douban.com/subject/2043237/
Bamboo,村岡実,2008,,2020-06-18,https://music.douban.com/subject/10809303/
Roaches 2012-2019,Dean Blunt,2020,★★★★★,2020-06-18,https://music.douban.com/subject/35049893/
Gap Var Ginnunga,Wardruna,2009,,2020-06-17,https://music.douban.com/subject/3595273/
Visitations From Enceladus,Cryptic Shift,2020,,2020-06-17,https://music.douban.com/subject/35054154/
DEBUT,喜辰晨,2018,★★★★★,2020-06-17,https://music.douban.com/subject/30349537/
H.P. Lovecraft II,H.P. Lovecraft,1968,★★★★★,2020-06-17,https://music.douban.com/subject/2158353/
H.P. Lovecraft,H.P. Lovecraft,1967,★★★★★,2020-06-17,https://music.douban.com/subject/2160562/
Vade Mecum,Bill Dixon,1994,★★★★★,2020-06-16,https://music.douban.com/subject/3397852/
The North Green Down,"Dakota Suite,Emanuele Errante",2011,★★★★★,2020-06-16,https://music.douban.com/subject/6002284/
Wilderness of Mirrors,Lawrence English,2014,,2020-06-16,https://music.douban.com/subject/25914420/
Dedicated to You But You Weren&#39;t Listening,Keith Tippett,2003,★★★★★,2020-06-15,https://music.douban.com/subject/3177722/
Bundles,Soft Machine,1989,★★★★★,2020-06-15,https://music.douban.com/subject/2129731/
Stones,"Colin Stetson,Mats Gustafsson",2013,★★★★★,2020-06-13,https://music.douban.com/subject/20391788/
Kronos Caravan / 克罗诺斯大篷车 / 克罗诺斯四重奏演奏中东、南美、...,"Zakir Hussain,Kronos Quartet",2000,★★★★★,2020-06-12,https://music.douban.com/subject/1864325/
Room,"Nels Cline,Julian Lage",2014,★★★★,2020-06-12,https://music.douban.com/subject/26327433/
一帧世纪 / A Nano World,"谢玉岗,Serge Teyssot-Gay",2018,★★★★★,2020-06-12,https://music.douban.com/subject/30202166/
Pictures / 顾忠山三重奏 The Lawrence Ku Trio,顾忠山,2015,★★★★,2020-06-12,https://music.douban.com/subject/26355201/
Want Me,Puma Blue,2017,★★★★,2020-06-11,https://music.douban.com/subject/27103457/
Mr. Designer / Господин оформитель,Sergey Kuryokhin,1989,,2020-06-11,https://music.douban.com/subject/25637567/
Descendants Of Cain,Ka,2020,,2020-06-11,https://music.douban.com/subject/35054136/
A Restless Mind,ASC &amp; Sam KDC,2020,★★★,2020-06-10,https://music.douban.com/subject/35083167/
Ex Mortis,Jozef van Wissem,2020,★★★★★,2020-06-10,https://music.douban.com/subject/35023688/
May I Sing With Me,Yo La Tengo,1992,★★★★,2020-06-09,https://music.douban.com/subject/1402508/
Painful / 痛苦,Yo La Tengo,1993,★★★★★,2020-06-09,https://music.douban.com/subject/1402499/
Fakebook,Yo La Tengo,1994,,2020-06-09,https://music.douban.com/subject/1479449/
Bang for the Buck,Ugly Duckling,2006,★★★★★,2020-06-08,https://music.douban.com/subject/1810377/
Live at Documenta IX,Noah Howard Quartet,1992,★★★★★,2020-06-05,https://music.douban.com/subject/27602993/
At Judson Hall,Noah Howard,1993,★★★★★,2020-06-04,https://music.douban.com/subject/3268557/
Psychicemotus,Yusef Lateef,2005,★★★★,2020-06-04,https://music.douban.com/subject/2334019/
Made Available,This Heat,1977,★★★★★,2020-06-04,https://music.douban.com/subject/2000583/
Below the Clavicle,Eartheater,2020,,2020-06-04,https://music.douban.com/subject/35058890/
4 Adaptations Of Rossz Csillag Alatt Született,"Venetian Snares,Bong-Ra",2006,★★★,2020-06-03,https://music.douban.com/subject/4151155/
Live,New Presentation,1983,★★★★★,2020-06-02,https://music.douban.com/subject/35087613/
Walking Colour,Duo Bednarek-Zgraja,1981,★★★★★,2020-06-02,https://music.douban.com/subject/10802456/
Mythe Xero,Decko,1980,★★★★,2020-06-01,https://music.douban.com/subject/35062798/
Artistry,Sirone,1979,★★★★★,2020-06-01,https://music.douban.com/subject/26991241/
Lullaby For Linda,Linda Hill,1981,★★★★,2020-06-01,https://music.douban.com/subject/30277610/
Earthly Delights,David Wertman &amp; Sun Ensemble,2019,★★★★★,2020-05-30,https://music.douban.com/subject/33454142/
"E.W. Wainwright, Jr.&#39;s African Roots Of Jazz / アフリカン・ルー...","E.W. Wainwright, Jr.&#39;s African Roots Of Jazz",2008,★★★★★,2020-05-30,https://music.douban.com/subject/20514226/
Dire Hit EP,Yak,2020,★★★★★,2020-05-28,https://music.douban.com/subject/35038738/
Kings Of Mali,Chico Freeman,1978,★★★★★,2020-05-28,https://music.douban.com/subject/3271257/
Harmony in Ultraviolet,Tim hecker,2006,★★★★★,2020-05-28,https://music.douban.com/subject/1899995/
An Imaginary Country,Tim Hecker,2009,★★★★,2020-05-28,https://music.douban.com/subject/3401562/
Black Elvis/Lost in Space,Kool Keith,1999,★★★,2020-05-26,https://music.douban.com/subject/1799335/
Vertical Jamming,Phew,2020,★★★★★,2020-05-26,https://music.douban.com/subject/35068295/
If You Listen Carefully The Music Is Yours,Gard Nilssen´s Supersonic Orchestra,2020,★★★★★,2020-05-26,https://music.douban.com/subject/35022361/
Illuminations,"Santana,Alice Coltrane",1974,★★★★★,2020-05-26,https://music.douban.com/subject/1950842/
East of the River Nile,Augustus Pablo,1977,★★★★★,2020-05-26,https://music.douban.com/subject/1872761/
Behold &amp; See,Ultimate Spinach,2011,★★★★★,2020-05-26,https://music.douban.com/subject/3059919/
Unconquered People,Israel Vibration,1996,★★★★★,2020-05-25,https://music.douban.com/subject/1872767/
Leaving This Planet,Charles Earland,1974,★★★★★,2020-05-25,https://music.douban.com/subject/3013960/
Shawn-Neeq,Calvin Keys,,★★★★★,2020-05-25,https://music.douban.com/subject/3303237/
Astrakan Cafe,Anouar Brahem,2000,★★★★,2020-05-25,https://music.douban.com/subject/1424339/
Esja,Hania Rani,2019,★★★★★,2020-05-25,https://music.douban.com/subject/30480499/
The Best of Lee Morgan:The Blue Note Years,Lee Mrogan,1997,★★★★★,2020-05-24,https://music.douban.com/subject/6519491/
Psycho-Semitic,"Hasidic New Wave,Frank London,Greg Wall",1998,★★★★★,2020-05-22,https://music.douban.com/subject/3114093/
The Freemartin Calf (Original Soundtrack),"Jayne Amara Ross,Frederic D. Oberland,Gaspar Claus",2013,★★★★★,2020-05-21,https://music.douban.com/subject/24382380/
Bohannon (The Mighty),Bohannon,1975,★★★★★,2020-05-21,https://music.douban.com/subject/3225856/
Gestalt Et Death,Dead Country,1998,★★★★★,2020-05-20,https://music.douban.com/subject/27024761/
Fountain,Lyra Pramuk,2020,★★★★★,2020-05-20,https://music.douban.com/subject/34963685/
Witchcraft Rebellion,Old Time Relijun,2001,★★★★★,2020-05-20,https://music.douban.com/subject/1483355/
Midnight Sun: Improvisations of Persian Traditiona,"Hossein Behroozi-Nia,Pejman Hadadi",2002,★★★★★,2020-05-20,https://music.douban.com/subject/3563466/
Japan - Honkyoku : Music for Shakuhachi-zen (Musique zen du Ja...,Yoshio Kurahashi,2010,,2020-05-20,https://music.douban.com/subject/6871317/
やさしい哺乳類,マヒトゥ・ザ・ピーポー,2019,★★★,2020-05-19,https://music.douban.com/subject/33393189/
Keep Your Soul Together / キープ・ユア・ソウル・トゥゲザー,Freddie Hubbard,1974,,2020-05-19,https://music.douban.com/subject/1810119/
Tabla Tradition - Rhythms From India (Instrumental Indian Clas...,"Ustad Alla Rakha,Ustad Zakir Hussain",2001,,2020-05-18,https://music.douban.com/subject/24858092/
The Choice,Kamasi Washington,2018,★★★★,2020-05-18,https://music.douban.com/subject/30270498/
Mysterious Traveller,Weather Report,1974,★★★★,2020-05-18,https://music.douban.com/subject/1777473/
Dança Das Cabeças,Egberto Gismonti,1977,,2020-05-17,https://music.douban.com/subject/1805986/
græ,Moses Sumney,2020,★★★★★,2020-05-15,https://music.douban.com/subject/34890176/
how I&#39;m feeling now,Charli XCX,2020,★★★★★,2020-05-15,https://music.douban.com/subject/35067685/
Ptah the El Daoud,"Alice Coltrane,Pharoah Sanders,Joe Henderson",1970,★★★★★,2020-05-15,https://music.douban.com/subject/1499393/
Fairytales / 童话,Radka Toneff,1979,★★★,2020-05-15,https://music.douban.com/subject/1395560/
The Elements,"Joe Henderson,Alice Coltrane",1974,★★★★★,2020-05-14,https://music.douban.com/subject/3022152/
Poinciana,Ahmad Jamal,1951,★★★★★,2020-05-14,https://music.douban.com/subject/3079220/
Chi-Congo,The Art Ensemble of Chicago,1973,,2020-05-14,https://music.douban.com/subject/2040681/
Homeing,Butch Morris,1989,★★★★★,2020-05-13,https://music.douban.com/subject/24521961/
The Art of Improvisation,Leroy Jenkins,2006,★★★★★,2020-05-13,https://music.douban.com/subject/3262491/
Substratum,Monocube,2019,,2020-05-09,https://music.douban.com/subject/33395891/
Tom Prehn Kvartet,Tom Prehn Kvartet,2001,,2020-05-09,https://music.douban.com/subject/3077633/
Left Hand Crane,Thoom,2020,★★★★,2020-05-09,https://music.douban.com/subject/34957510/
Brotherly Love,Heath Brothers,1991,★★★★,2020-05-09,https://music.douban.com/subject/3646981/
Live at the Jazz Cafe,D&#39;Angelo,2000,,2020-05-08,https://music.douban.com/subject/1786873/
草乙术 Chinese Medicine / Chinese Medicine,"老丹,Lao Dan",2020,★★★★★,2020-05-07,https://music.douban.com/subject/35048702/
Dark Lane Demo Tapes,德雷克 Drake,2020,,2020-05-07,https://music.douban.com/subject/35052110/
A Walk Across the Rooftops / 屋顶上漫步,The Blue Nile,1984,,2020-05-06,https://music.douban.com/subject/1767385/
THIS WILL DESTROY YOU &#34;Variations &amp; Rarities: 2004-2019&#34; Vol. I,This Will Destroy You,2020,,2020-05-06,https://music.douban.com/subject/35044322/
Go,"Stomu Yamash&#39;ta,Steve Winwood",1976,,2020-05-06,https://music.douban.com/subject/1839748/
Let&#39;s Stay Together,Al Green,1972,,2020-05-06,https://music.douban.com/subject/1437524/
Nothing Is Still,Leon Vynehall,2018,★★★★★,2020-05-06,https://music.douban.com/subject/30193040/
Axis: Bold as Love / 轴之粗暴如爱,The Jimi Hendrix Experience,1967,★★★★★,2020-04-30,https://music.douban.com/subject/1463990/
Goodbye Blue,BADBADNOTGOOD,2020,★★★★,2020-04-30,https://music.douban.com/subject/35049074/
The Spiritual,The Art Ensemble of Chicago,1972,★★★★★,2020-04-30,https://music.douban.com/subject/3763345/
Escape,SULLY,2017,★★★★★,2020-04-29,https://music.douban.com/subject/27159679/
Electric Music for the Mind &amp; Body,Country Joe &amp; the Fish,1990,★★★★★,2020-04-29,https://music.douban.com/subject/1867248/
Feminist Performance Artist Challenges The Phallic Mythology O...,Odour Trail,2015,★★★★★,2020-04-27,https://music.douban.com/subject/35047675/
Raga Aberi,Shankar,1995,★★★★,2020-04-26,https://music.douban.com/subject/1765570/
Song for Everyone,Shankar,1985,★★★★,2020-04-26,https://music.douban.com/subject/1764692/
Music For Xaba Vol. 2,"Johnny Dyani,Mongezi Feza,Okay Temiz",1972,★★★★,2020-04-26,https://music.douban.com/subject/27193793/
Pancha Nadai Pallavi,Shankar,1994,★★★★★,2020-04-26,https://music.douban.com/subject/2158174/
Thrust,Herbie Hancock,1974,★★★★★,2020-04-25,https://music.douban.com/subject/1800013/
Jazz Is Dead 001,"Adrian Younge,Ali Shaheed Muhammad",2020,★★★★★,2020-04-25,https://music.douban.com/subject/35009198/
Ted,Baltra,2019,★★★★★,2020-04-24,https://music.douban.com/subject/34688834/
GREEN,Hiroshi Yoshimura,1986,★★★,2020-04-24,https://music.douban.com/subject/27059821/
Live! In Tune And On Time,DJ Shadow,2004,★★★★★,2020-04-24,https://music.douban.com/subject/1465770/
In My Life,Kaidi Tatham,2018,★★★★,2020-04-24,https://music.douban.com/subject/35043121/
Mu First Part Mu Second Part,Don Cherry,1969,★★★★★,2020-04-23,https://music.douban.com/subject/3035405/
As Bright As a Thousand Suns,Arcana,2012,★★★★,2020-04-23,https://music.douban.com/subject/10771367/
Last Embrace / ...The Last Embrace,Arcana,2008,★★★★★,2020-04-23,https://music.douban.com/subject/1463092/
Orient,Don Cherry,1973,★★★★★,2020-04-23,https://music.douban.com/subject/3740134/
Fetch the Bolt Cutters,Fiona Apple,2020,★★★★,2020-04-22,https://music.douban.com/subject/35022296/
Two Hands,Big Thief,2019,★★★★,2020-04-21,https://music.douban.com/subject/34794108/
live_@_primary [Limited Edition CD],cv313,2014,★★★★,2020-04-21,https://music.douban.com/subject/25814111/
马木尔 张东 2017即兴4CD,"马木尔,张东",2017,★★★★,2020-04-20,https://music.douban.com/subject/27151289/
Waterworld,Binary Star,1999,★★★★,2020-04-20,https://music.douban.com/subject/3359115/
LP1,Earth Trax,2020,★★★,2020-04-20,https://music.douban.com/subject/34996318/
La Saboteuse,Yazz Ahmed,2017,★★★★★,2020-04-18,https://music.douban.com/subject/27052818/
修羅場 / 修罗场,东京事变 Tokyo Incidents,2005,★★★,2020-04-17,https://music.douban.com/subject/1440722/
Being Human Being,Erik Truffaz &amp; Murcof,2014,★★★★★,2020-04-17,https://music.douban.com/subject/26246756/
Fall Of Drums,Rapoon,2014,★★★,2020-04-17,https://music.douban.com/subject/35028838/
Noir Jazz FemDom,Macelleria Mobile di Mezzanotte,2020,★★★★,2020-04-17,https://music.douban.com/subject/34969816/
Abu Ali / أبو علي,Ziad Rahbani زياد رحباني,1978,★★★★,2020-04-16,https://music.douban.com/subject/35016771/
forever / 永远,查莉XCX Charli XCX,2020,★★★★★,2020-04-15,https://music.douban.com/subject/33392649/
Season&#39;s Greetings,山下達郎,1999,★★★★★,2020-04-14,https://music.douban.com/subject/4064296/
Yin Yang,TuKu Didgeridoo Band Chiang mai,2019,★★★,2020-04-13,https://music.douban.com/subject/33474008/
Les Stances a Sophie,Art Ensemble of Chicago,1970,★★★★★,2020-04-13,https://music.douban.com/subject/1851687/
The Ravi Shankar Project; Tana Mana,The Ravi Shankar Project,1990,★★★★,2020-04-13,https://music.douban.com/subject/1424239/
Moonlight Whispers,"Larry Coryell,Ronu Majumdar,Sina Vodjani,Abhijit Banerjee,Keyvan Chenirani",2001,★★★★★,2020-04-12,https://music.douban.com/subject/30271453/
Black Notes From The Deep,Courtney Pine,2017,★★★★,2020-04-10,https://music.douban.com/subject/27598589/
A Rift in Decorum: Live at the Village Vanguard,Ambrose Akinmusire,2017,★★★★★,2020-04-10,https://music.douban.com/subject/27067386/
Flying Dragon,Gao Hong,2003,★★★★★,2020-04-09,https://music.douban.com/subject/1457877/
L&#39;Œuvre Musicale En 12 CD,Bernard Parmegiani,2008,★★★★★,2020-04-08,https://music.douban.com/subject/3403634/
Lands of Delight,Alon Mor,2019,★★★★★,2020-04-08,https://music.douban.com/subject/34901482/
MARIO BATKOVIC,MARIO BATKOVIC,2017,★★★★★,2020-04-07,https://music.douban.com/subject/27077406/
Crawling to lhasa,Kalacakra,1993,★★★★★,2020-04-07,https://music.douban.com/subject/3450166/
The Beyond / Where the Giants Roam,Thundercat,2015,★★★★★,2020-04-07,https://music.douban.com/subject/26429844/
Hip Harp,Dorothy Ashby,1999,★★★★,2020-04-07,https://music.douban.com/subject/2327901/
Heaven To A Tortured Mind,Yves Tumor,2020,★★★★★,2020-04-07,https://music.douban.com/subject/34970141/
My Beautiful Dark Twisted Fantasy,Kanye West,2010,★★★★★,2020-04-04,https://music.douban.com/subject/5359941/
Vexovoid,Portal,2013,★★★★,2020-04-04,https://music.douban.com/subject/21267609/
Mono No Aware,VARIOUS ARTISTS,2017,★★★★★,2020-04-03,https://music.douban.com/subject/26998314/
"Hurry Up, We&#39;re Dreaming",M83,2011,★★★★,2020-04-03,https://music.douban.com/subject/6753175/
LiveLoveA$AP,A$AP Rocky,2011,★★★★★,2020-04-03,https://music.douban.com/subject/7162321/
Celebration Rock,Japandroids,2012,★★★★,2020-04-02,https://music.douban.com/subject/10581852/
Immunity,Clairo,2019,★★★,2020-04-02,https://music.douban.com/subject/34434023/
Sucker,Charli XCX,2014,★★★,2020-04-02,https://music.douban.com/subject/25961800/
Random Access Memories / 超时空记忆 (大陆) / 超时空记忆体 (台),Daft Punk,2013,★★★★,2020-04-01,https://music.douban.com/subject/22951704/
The Fragile,Nine Inch Nails,1999,★★★★★,2020-04-01,https://music.douban.com/subject/1417323/
E·MO·TION / EMOTION / 真性情,Carly Rae Jepsen,2015,★★★,2020-04-01,https://music.douban.com/subject/26365896/
A Crow Looked At Me,Mount Eerie,2017,★★★★,2020-03-31,https://music.douban.com/subject/26995317/
Summertime &#39;06 / 06年的夏天,Vince Staples,2015,★★★,2020-03-31,https://music.douban.com/subject/26410002/
U.F.O.F.,Big Thief,2019,★★★★★,2020-03-31,https://music.douban.com/subject/30471613/
Burn Your Fire For No Witness / 孤独自焚,Angel Olsen,2014,★★★★★,2020-03-31,https://music.douban.com/subject/25770793/
The Bridge / 桥,Sonny Rollins,1962,★★★★,2020-03-30,https://music.douban.com/subject/1754165/
8:30,Weather Report,1994,★★★★★,2020-03-30,https://music.douban.com/subject/1777472/
Live in Berlin 1975,Weather Report,2011,★★★★,2020-03-30,https://music.douban.com/subject/33819772/
Live in France,Soft Machine,1995,★★★★★,2020-03-28,https://music.douban.com/subject/6426087/
Bass Desires,"Marc Johnson,Bill Frisell,John Scofield,Peter Erskine",2000,★★★,2020-03-27,https://music.douban.com/subject/1477594/
Believe It,Tony Williams,2004,★★★★,2020-03-27,https://music.douban.com/subject/1865390/
Footprints Live!,Wayne Shorter,2002,★★★★,2020-03-27,https://music.douban.com/subject/1869895/
Third,The Soft Machine,1970,★★★★★,2020-03-27,https://music.douban.com/subject/1441515/
Soul of the Tango: Music of Astor Piazzolla / 探戈灵魂,"马友友,YO YO MA",1997,★★★★★,2020-03-25,https://music.douban.com/subject/1421706/
Gussie Presenting I-Roy,I-Roy,2007,★★★★★,2020-03-24,https://music.douban.com/subject/3303643/
Commodo EP,Commodo,2012,★★★★★,2020-03-24,https://music.douban.com/subject/10601454/
Untitled,Street Poets,1996,★★★★★,2020-03-24,https://music.douban.com/subject/3732211/
Elementary,Wah Wah Watson,1976,,2020-03-23,https://music.douban.com/subject/5264712/
Red Sun Through Smoke,Ian William Craig,2020,,2020-03-23,https://music.douban.com/subject/34964261/
Sixteen Oceans,Four Tet,2020,★★★,2020-03-23,https://music.douban.com/subject/34983709/
Somewhere,"Keith Jarrett,Gary Peacock,Jack DeJohnette",2013,,2020-03-23,https://music.douban.com/subject/24400284/
Labor Days,Aesop Rock,2001,★★★★★,2020-03-23,https://music.douban.com/subject/1467090/
Elevation,Pharoah Sanders,1974,★★★★★,2020-03-23,https://music.douban.com/subject/1873984/
We Are Sent Here by History,Shabaka and the Ancestors,2020,★★★★★,2020-03-21,https://music.douban.com/subject/34981686/
It Can Be Done But Only I Can Do It,Omar S,2011,★★★,2020-03-20,https://music.douban.com/subject/6831104/
Fabric Live 59,Four Tet,2011,★★★★★,2020-03-20,https://music.douban.com/subject/6831130/
Looping State Of Mind,The Field,2011,★★★,2020-03-20,https://music.douban.com/subject/6803453/
Voyeur / Like A Bird,"Instra:mental,Von D,Riskotheque",2010,★★,2020-03-20,https://music.douban.com/subject/6088345/
Pruitt Igoe,Kangding Ray,2010,★★★★★,2020-03-20,https://music.douban.com/subject/5339094/
Wordplay for Working Bees,Lucy,2011,★★★★,2020-03-19,https://music.douban.com/subject/6010124/
DJ Kicks,"Wolf &amp; Lamb,Soul Clap",2011,★★★,2020-03-19,https://music.douban.com/subject/6015516/
Sepalcure / 同名專輯,Sepalcure,2011,★★★,2020-03-19,https://music.douban.com/subject/6853376/
Journey with the Heavy,Dro Carey,2012,★★★,2020-03-19,https://music.douban.com/subject/10440970/
Inertia // Resisting Routine,Delta Funktionen,2012,★★★★,2020-03-19,https://music.douban.com/subject/10460464/
A Written Testimony,"Jay Electronica,Jay-Z",2020,★★★★★,2020-03-18,https://music.douban.com/subject/27597432/
Drone A,GUAN,2020,★★★★,2020-03-18,https://music.douban.com/subject/34974749/
The Ways of Yore,Burzum,2014,★★★,2020-03-18,https://music.douban.com/subject/25881209/
The Complete Legendary Sessions,Chet Baker &amp; Bill Evans,2009,★★★★★,2020-03-18,https://music.douban.com/subject/4937164/
Avantdale Bowling Club,Avantdale Bowling Club,2018,★★★★★,2020-03-17,https://music.douban.com/subject/30330558/
Dj Kicks: Kode9,Kode9,2010,★★★,2020-03-16,https://music.douban.com/subject/4754365/
Rio Arriba,Chancha Via Circuito,2010,★★★,2020-03-16,https://music.douban.com/subject/5295256/
On Fire,Galaxie 500,1989,★★★★,2020-03-16,https://music.douban.com/subject/1401749/
Music For Real Airports,The Black Dog,2010,★★★★,2020-03-13,https://music.douban.com/subject/4728357/
Nothing Is Certain,Asc,2010,★★★★,2020-03-13,https://music.douban.com/subject/4902987/
Diorama,Dominik Eulberg,2010,★★★,2020-03-13,https://music.douban.com/subject/6389548/
Renegades,Mark De Clive-Lowe,2011,★★★,2020-03-13,https://music.douban.com/subject/7175477/
The Sidewinder,Lee Morgan,1990,★★★★★,2020-03-13,https://music.douban.com/subject/1455791/
Tiny Reminders,Two Lone Swordsmen,2000,★★★★,2020-03-12,https://music.douban.com/subject/1437074/
Pick a Dub,Keith Hudson,1974,★★★★,2020-03-12,https://music.douban.com/subject/3098105/
Tarika Blue,Tarika Blue,2002,★★★★★,2020-03-12,https://music.douban.com/subject/4903041/
UNHEARD INDONESIA Vol. 5 SENYAWA with Arrington de Dionyso: Fr...,"Arrington de Dionyso,SENYAWA",2014,★★★★★,2020-03-12,https://music.douban.com/subject/26812276/
Fabric 55,Shackleton,2010,★★★,2020-03-11,https://music.douban.com/subject/5367092/
Space Is Only Noise,Nicolas Jaar,2011,★★★,2020-03-11,https://music.douban.com/subject/5916703/
The Invisible Insurrection,Desolate,2011,★★★★★,2020-03-11,https://music.douban.com/subject/5951639/
White Clouds Drift on and On,Brock Van Wey,2009,★★★★★,2020-03-11,https://music.douban.com/subject/3817014/
Ragysh,Todd Terje,2011,★★★,2020-03-11,https://music.douban.com/subject/6519553/
Resolution 653,Instra:Mental,2011,★★★★,2020-03-11,https://music.douban.com/subject/6010776/
南回帰線 ～トロピック・オブ・カプリコーン / T...,菊池桃子,1994,★★★,2020-03-11,https://music.douban.com/subject/5450166/
Look Up Sharp,Carla Dal Forno,2019,★★★,2020-03-11,https://music.douban.com/subject/34801487/
Resonant Body,Octo Octa,2019,★★★★★,2020-03-10,https://music.douban.com/subject/34813026/
We All Have An Impact LP,Boreal Massif,2019,★★★★,2020-03-10,https://music.douban.com/subject/34856869/
Everywhere At The End Of Time - Stage 6,The Caretaker,2019,★★★★★,2020-03-10,https://music.douban.com/subject/30784805/
Fingertracks: Vol 1,Various Artists,2019,★★★,2020-03-10,https://music.douban.com/subject/34787937/
græ: Part 1,Moses Sumney,2020,★★★★★,2020-03-09,https://music.douban.com/subject/34976744/
30 Years Of Rage Part 1 &amp; 2,"Fabio,Grooverider",2019,★★★★★,2020-03-09,https://music.douban.com/subject/33473860/
7 Directions,NKISI,2019,★★★,2020-03-09,https://music.douban.com/subject/30433082/
Cartas Na Manga,DJ Nigga Fox,2019,★★★★,2020-03-09,https://music.douban.com/subject/34872699/
Endtroducing...,DJ Shadow,1996,★★★★★,2020-03-09,https://music.douban.com/subject/1395409/
My World My Way,E-Saggila,2019,★★★★,2020-03-09,https://music.douban.com/subject/34784188/
The Gay Man&#39;s Guide To Safer Sex +2 (OST),Coil,2019,★★★★★,2020-03-09,https://music.douban.com/subject/33439581/
OIL OF EVERY PEARL&#39;S UN-INSIDES Remix Album (NON STOP),SOPHIE,2019,★★★★★,2020-03-09,https://music.douban.com/subject/34790828/
2,Lifted,2019,★★★★★,2020-03-09,https://music.douban.com/subject/33462829/
Nivraym / 高円寺百景 Koenji Hyakkei,Koenjihyakkei,2009,★★★★★,2020-03-08,https://music.douban.com/subject/3648527/
Inner Space,Chick Corea,2008,★★★★★,2020-03-08,https://music.douban.com/subject/3829674/
Movement,Holly Herndon,2012,★★★★,2020-03-08,https://music.douban.com/subject/20254853/
"Now He Sings, Now He Sobs",Chick Corea,2006,★★★★★,2020-03-08,https://music.douban.com/subject/2257966/
Time Warp,Chick Corea Quartet,1995,★★★★★,2020-03-08,https://music.douban.com/subject/1827550/
Rinse 16,Ben UFO,2011,★★★★★,2020-03-07,https://music.douban.com/subject/6866942/
Shadows,Floating Points,2011,★★★,2020-03-07,https://music.douban.com/subject/6984033/
La vita nuova,Christine and the Queens,2020,★★★,2020-03-07,https://music.douban.com/subject/34976243/
鸟叫,李带菓（Li Daiguo）,2018,★★★★★,2020-03-07,https://music.douban.com/subject/30383401/
Mirror River,Amazondotcom,2019,★★★,2020-03-07,https://music.douban.com/subject/33645827/
No Comfort,Monolord,2019,★★★,2020-03-07,https://music.douban.com/subject/34669926/
Shabazz Palaces,Shabazz Palaces,2009,★★★★★,2020-03-07,https://music.douban.com/subject/6012195/
Heavy Light,U.S. Girls,2020,★★★,2020-03-07,https://music.douban.com/subject/34946339/
Black Gipsy,Archie Shepp,1996,★★★★★,2020-03-07,https://music.douban.com/subject/6390421/
"Madvillain, Vol. 1",Abstract Orchestra,2018,★★★★,2020-03-07,https://music.douban.com/subject/30369826/
The Book Of Trap And Lessons,Kate Tempest,2019,★★★★★,2020-03-07,https://music.douban.com/subject/33429957/
ANIMA,Thom Yorke,2019,★★★★,2020-03-07,https://music.douban.com/subject/34439717/
The Revenant (Original Motion Picture Soundtrack) / 荒野猎人电影原声,"坂本龍一,Alva Noto,Bryce Dessner",2016,★★★★★,2020-03-07,https://music.douban.com/subject/26672105/
Color Out of Space (Original Motion Picture Soundtrack) / 星之彩,Colin Stetson,2020,★★★★,2020-03-07,https://music.douban.com/subject/34947006/
The Don of Diamond Dreams,Shabazz Palaces,2020,★★★★★,2020-03-06,https://music.douban.com/subject/34977912/
狂 / Klue,下山 Gezan,2020,★★★★★,2020-03-06,https://music.douban.com/subject/34934520/
Fire,Waxahatchee,2020,★★★★★,2020-03-06,https://music.douban.com/subject/34962315/
Daylight Ghosts,Craig Taborn Quartet,2017,★★★,2020-03-06,https://music.douban.com/subject/26976428/
&#39;72 Live!,Neu!,1996,★★★★,2020-03-06,https://music.douban.com/subject/3200149/
Cascade,The Future Sound of London,1996,★★★★,2020-03-06,https://music.douban.com/subject/1779031/
ISDN,The Future Sound of London,1995,★★★★,2020-03-06,https://music.douban.com/subject/1764751/
The Isness,Future Sound of London,2002,★★★★★,2020-03-06,https://music.douban.com/subject/1791330/
My Kingdom,The Future Sound of London,1996,★★★★★,2020-03-06,https://music.douban.com/subject/1428040/
Creation,Keith Jarrett,2015,,2020-03-05,https://music.douban.com/subject/26359399/
Afrodeezia,Marcus Miller,2015,★★★,2020-03-05,https://music.douban.com/subject/26344090/
Sylva,Snarky Puppy &amp; Metropole,2015,★★★★,2020-03-05,https://music.douban.com/subject/26413017/
It Is What It Is,Thundercat,2020,★★★★,2020-03-05,https://music.douban.com/subject/34949778/
Covered (The Robert Glasper Trio recorded live at Capitol Stud...,Robert Glasper,2015,★★★★★,2020-03-05,https://music.douban.com/subject/26425707/
EP1,Fka Twigs,2012,★★★★★,2020-03-05,https://music.douban.com/subject/24707035/
EP2,FKA Twigs,2013,★★★★★,2020-03-05,https://music.douban.com/subject/24886597/
Polka,Wojtek Mazolewski Quintet,2018,★★★★,2020-03-04,https://music.douban.com/subject/33925342/
Concentric Circles,Kenny Barron Quintet,2018,★★★,2020-03-04,https://music.douban.com/subject/30196516/
e.s.t. live in London,Esbjörn Svensson Trio,2018,★★★★★,2020-03-04,https://music.douban.com/subject/30173972/
Vista,Julian Siegel Quartet,2018,★★★,2020-03-04,https://music.douban.com/subject/30153906/
In Movement,Jack DeJohnette,2016,★★★★★,2020-03-04,https://music.douban.com/subject/26789276/
Parallax,Phronesis,2016,★★★★★,2020-03-03,https://music.douban.com/subject/27163124/
E.S.T. SYMPHONY,"Esbjörn Svensson Trio e.s.t.,Royal Stockholm Philharmonic Orchestra,Hans Ek,Dan Berglund,Magnus Öström,Marius Neset,Verneri Pohjola,Johan Lindström,Iiro Rantala",2016,★★★★★,2020-03-03,https://music.douban.com/subject/26871042/
I Long to See You,Charles Lloyd &amp; The Marvels,2016,★★★★★,2020-03-03,https://music.douban.com/subject/26712021/
One,Tim Garland,2016,★★★★,2020-03-03,https://music.douban.com/subject/27100143/
Upward Spiral,"Kurt Elling,Branford Marsalis Quartet",2016,★★★★,2020-03-03,https://music.douban.com/subject/26994696/
All Is Forgiven / 恕,bvdub,2012,,2020-03-03,https://music.douban.com/subject/20271711/
Born In Tokyo,Bvdub,2013,,2020-03-03,https://music.douban.com/subject/25710361/
Heartless,bvdub,2017,★★★★★,2020-03-03,https://music.douban.com/subject/27127888/
Compositions,Globe Unity Orchestra,1979,★★★★★,2020-03-02,https://music.douban.com/subject/3175121/
Flatland,Objekt,2014,★★★★★,2020-03-02,https://music.douban.com/subject/26109357/
Superlative Fatigue / Superlative Fatigue,Errorsmith,2017,★★★,2020-03-02,https://music.douban.com/subject/27151050/
Mnestic Pressure,Lee Gamble,2017,★★★★,2020-03-01,https://music.douban.com/subject/27123839/
ATAXIA,Rian Treanor,2019,★★★★,2020-03-01,https://music.douban.com/subject/30464300/
Drowning in Daylight,bvdub,2018,★★★★,2020-03-01,https://music.douban.com/subject/30313672/
Nipples,"Peter Brötzmann,Evan Parker,Derek Bailey,Fred Van Hove,Han Bennink,Buschi Niebergall",2000,★★★★★,2020-03-01,https://music.douban.com/subject/1470326/
Out There,Eric Dolphy,1960,★★★★★,2020-03-01,https://music.douban.com/subject/1469538/
Pithecanthropus Erectus,Charles Mingus,1956,★★★★★,2020-03-01,https://music.douban.com/subject/1606105/
Remember Shakti,"John McLaughlin,Zakir Hussain,Vikku Vinayakram,Hariprasad Chaurasia",1999,★★★★★,2020-02-29,https://music.douban.com/subject/1480775/
Dreams,Otomo Yoshihide&#39;s New Jazz Ensemble,2002,★★★★★,2020-02-29,https://music.douban.com/subject/3640876/
Duke Ellington &amp; John Coltrane,"艾灵顿公爵 Duke Ellington,约翰·柯尔 John Coltrane",1963,★★★★★,2020-02-28,https://music.douban.com/subject/1753963/
Expression,John Coltrane,1967,★★★★★,2020-02-28,https://music.douban.com/subject/2146147/
Blue Train / 蓝色火车,John Coltrane,1957,★★★★★,2020-02-28,https://music.douban.com/subject/1415358/
Heritage,Mark de Clive-Lowe,2019,★★★★★,2020-02-28,https://music.douban.com/subject/30454827/
Heritage II,Mark de Clive-Lowe,2019,★★★★★,2020-02-28,https://music.douban.com/subject/33397615/
Heart of the Congos,Congos,1995,★★★★★,2020-02-28,https://music.douban.com/subject/4196284/
A Night At Birdland Vol.2,Art Blakey,1954,★★★★★,2020-02-28,https://music.douban.com/subject/21350791/
"A Night At Birdland, Vol.1",Art Blakey Quintet,1954,★★★★★,2020-02-28,https://music.douban.com/subject/21350790/
Somethin&#39; Else,"Cannonball Adderley,Miles Davis,Hank Jones,Sam Jones,Art Blakey",1958,★★★★★,2020-02-28,https://music.douban.com/subject/1463806/
"The Scene Changes (The Amazing Bud Powell, Vol. 5)",Bud Powell,1959,★★★★★,2020-02-28,https://music.douban.com/subject/1783503/
"The Amazing Bud Powell, Vol. 1",Bud Powell,1955,★★★★★,2020-02-28,https://music.douban.com/subject/1462640/
Wide &amp; Shallow With Remixes I.,Fatih Tuter,2010,★★★★,2020-02-27,https://music.douban.com/subject/6438658/
Groove Elation,John Scofield,1995,★★★,2020-02-27,https://music.douban.com/subject/1902172/
Hand Jive,John Scofield,1994,★★★,2020-02-27,https://music.douban.com/subject/3725021/
Eternal Rhythm,Don Cherry,1969,★★★★★,2020-02-27,https://music.douban.com/subject/1457557/
From Somewhere Invisible,OISEAUX-TEMPÊTE,2019,★★★★★,2020-02-27,https://music.douban.com/subject/34438466/
Archives / Arnaud Le Texier (10 Years Affin),Arnaud Le Texier,2018,★★★★★,2020-02-27,https://music.douban.com/subject/33738740/
J Jazz: Deep Modern Jazz From Japan 1969-1983 (Volume 2),VA,2019,★★★★★,2020-02-27,https://music.douban.com/subject/34915493/
The Sun Palace,Sleeping Dogs,2020,★★★★,2020-02-27,https://music.douban.com/subject/34975965/
Future Days,Can,1973,★★★★★,2020-02-26,https://music.douban.com/subject/1437353/
Monster Movie / 怪兽电影,Can,1969,★★★★★,2020-02-26,https://music.douban.com/subject/1437352/
Saturation II / SATURATION 2 / 饱和：第二弹,Brockhampton,2017,★★★★,2020-02-26,https://music.douban.com/subject/27120792/
RAVO,ROVO,2010,★★★★,2020-02-26,https://music.douban.com/subject/5365396/
アスレチカ,嶺川貴子,1997,★★★★★,2020-02-26,https://music.douban.com/subject/3106467/
Flights of Improvisation / 印度班苏里笛与塔布拉鼓 / 即兴飞翔,"G.S. Sachdev,Zakir Hussain",1993,★★★★★,2020-02-26,https://music.douban.com/subject/3096464/
The Topography of the Lungs,"Evan Parker,Derek Bailey,Han Bennink",1970,★★★★★,2020-02-26,https://music.douban.com/subject/1931120/
Making Music,Zakir Hussain,2000,★★★★★,2020-02-26,https://music.douban.com/subject/1776301/
Bishop&#39;s Move,"Evan Parker,Peter Brotzmann",2004,★★★★★,2020-02-26,https://music.douban.com/subject/3340233/
Waltz For Debby / 黛比的華爾滋,Bill Evans Trio,1961,★★★★★,2020-02-26,https://music.douban.com/subject/1394762/
Drums Unlimited,Max Roach,2008,★★★★★,2020-02-26,https://music.douban.com/subject/3333464/
Clifford Brown &amp; Max Roach / Clifford Brown And Max Roach / 克里...,"Clifford Brown,Max Roach",2000,★★★★★,2020-02-26,https://music.douban.com/subject/1468243/
In the Moment,Makaya Mccraven,2015,★★★★,2020-02-25,https://music.douban.com/subject/26577754/
Life Of,Steve Tibbetts,2018,★★★★★,2020-02-25,https://music.douban.com/subject/30207377/
Snowdrop,Ahmad Jamal,2019,★★★★★,2020-02-25,https://music.douban.com/subject/33553179/
Trickster,Miles Okazaki,2017,★★,2020-02-25,https://music.douban.com/subject/27000789/
QUESTIONS,KURT ELLING,2018,★★★★,2020-02-24,https://music.douban.com/subject/30196016/
Contra la Indecisión,Bobo Stenson Trio,2018,★★★,2020-02-24,https://music.douban.com/subject/29093445/
Wartburg,Michael Wollny,2018,★★★★★,2020-02-24,https://music.douban.com/subject/30129534/
New Devices,Roller Trio,2018,★★★★,2020-02-24,https://music.douban.com/subject/30450916/
Absinthe,多米尼克·米勒 Dominic Miller,2019,★★★,2020-02-24,https://music.douban.com/subject/30387721/
Dreams and Daggers,Cécile McLorin Salvant,2017,★★★★★,2020-02-23,https://music.douban.com/subject/27162697/
Marseille / 马赛,Ahmad Jamal,2017,★★★★★,2020-02-23,https://music.douban.com/subject/27091822/
Mandorla Awakening II:Emerging / Emerging Worlds,Nicole Mitchell,2017,★★★★★,2020-02-23,https://music.douban.com/subject/30264657/
Far From Over,Vijay Iyer Sextet,2017,,2020-02-22,https://music.douban.com/subject/27120290/
Portrait in Jazz,Bill Evans,1960,★★★★★,2020-02-22,https://music.douban.com/subject/1394761/
Today Is Tomorrow,Dayna Stephens,2012,★★★★★,2020-02-22,https://music.douban.com/subject/10602868/
KingMaker,Joel Ross,2019,★★★★★,2020-02-22,https://music.douban.com/subject/33434815/
Heavy Weather,Weather Report,1977,★★★★,2020-02-22,https://music.douban.com/subject/1460518/
JuJu,Wayne Shorter,1965,★★★★★,2020-02-21,https://music.douban.com/subject/1754206/
The All Seeing Eye / 全能之眼,Wayne Shorter,2000,★★★★★,2020-02-21,https://music.douban.com/subject/1729556/
Miss Anthropocene,Grimes,2020,★★★,2020-02-21,https://music.douban.com/subject/34890865/
First Strut Is The Deepest,Brother Strut,2013,★★★★,2020-02-21,https://music.douban.com/subject/30434398/
The Bad Plus Joshua Redman,"The Bad Plus,Joshua Redman",2015,★★★,2020-02-21,https://music.douban.com/subject/26417576/
@@@@@,Arca,2020,★★★★,2020-02-21,https://music.douban.com/subject/33421791/
Pop 2,Charli XCX,2017,★★★★★,2020-02-21,https://music.douban.com/subject/27607627/
Cupid Deluxe / 邱比特之爱的大跃进,Blood Orange,2013,★★★★,2020-02-20,https://music.douban.com/subject/25758964/
You&#39;ve Been Watching Me,"Tim Berne&#39;s Snakeoil,Tim Berne,Oscar Noriega,Matt Mitchell,Ryan Ferreira,Ches Smith",2015,★★★★,2020-02-20,https://music.douban.com/subject/26367815/
BLACK FOCUS,Yussef Kamaal,2016,★★★★★,2020-02-20,https://music.douban.com/subject/26915473/
Anima,Thomas Chapin,1994,★★★★★,2020-02-20,https://music.douban.com/subject/3441617/
Black Terry Cat,Xenia Rubinos,2016,★★★★,2020-02-20,https://music.douban.com/subject/26805875/
Burzum / Aske,Burzum,1993,★★★★★,2020-02-20,https://music.douban.com/subject/1462926/
HEAVN,Jamila Woods,2016,★★★★,2020-02-19,https://music.douban.com/subject/26838955/
Anna Högberg Attack,Anna Högberg Attack,2016,★★★★★,2020-02-19,https://music.douban.com/subject/26836077/
Fabric 17,Akufen,2004,★★★,2020-02-18,https://music.douban.com/subject/1440704/
You Make Me Real,Brandt Brauer Frick,2010,★★★,2020-02-18,https://music.douban.com/subject/5372389/
"Together, As One",Dinosaur,2016,★★★★,2020-02-18,https://music.douban.com/subject/26894978/
Nearness,"Joshua Redman,Brad Mehldau",2016,★★★★★,2020-02-18,https://music.douban.com/subject/26875114/
Diwan of Beauty and Odd,Dhafer Youssef,2016,★★★★★,2020-02-18,https://music.douban.com/subject/26904384/
Playing the Room,"Avishai Cohen,Yonathan Avishai",2019,★★★★,2020-02-18,https://music.douban.com/subject/34822282/
Trilogy 2,Chick Corea,2019,★★★★★,2020-02-18,https://music.douban.com/subject/34848880/
Imaginary Friends,"Ralph Alessi,Drew Gress,Ravi Coltrane,Mark Ferber,Andy Milne",2019,★★★★★,2020-02-18,https://music.douban.com/subject/30476453/
Immigrance,Snarky Puppy,2019,★★★,2020-02-18,https://music.douban.com/subject/32579962/
Love And Liberation,Jazzmeia Horn,2019,★★★,2020-02-17,https://music.douban.com/subject/34782427/
Golden Hour / 镀金时光,凯茜·玛斯格蕾芙斯 Kacey Musgraves,2018,★★★★,2020-02-17,https://music.douban.com/subject/30149281/
Rough Travel For A Rare Thing,Bill Callahan,2010,★★★,2020-02-17,https://music.douban.com/subject/4317764/
Last Dance,"Keith Jarrett,Charlie Haden",2014,★★★,2020-02-16,https://music.douban.com/subject/25906043/
Apocalypse,Thundercat,2013,★★★★★,2020-02-16,https://music.douban.com/subject/24741475/
Bridges,Gil Scott Heron,1977,★★★★★,2020-02-16,https://music.douban.com/subject/4036562/
Standing On The Corner,Standing On The Corner,2016,★★★★,2020-02-16,https://music.douban.com/subject/30193994/
Thought for Food,The Books,2002,★★★★★,2020-02-16,https://music.douban.com/subject/1421958/
The OOZ / 分泌,King Krule,2017,★★★★,2020-02-15,https://music.douban.com/subject/27139481/
Tap Step,Chick Corea,1993,★★★,2020-02-15,https://music.douban.com/subject/3130291/
On Jupiter,Sun Ra,2008,★★★★,2020-02-15,https://music.douban.com/subject/3356320/
Jasmine,"Keith Jarrett,Charlie Haden",2010,★★★★,2020-02-15,https://music.douban.com/subject/4807893/
Sweet Hands,David Liebman,1975,★★★★★,2020-02-15,https://music.douban.com/subject/10573172/
Nation Time,Joe Mcphee,1971,★★★★★,2020-02-15,https://music.douban.com/subject/1812556/
Fabriclive 68: Calibre,Calibre,2013,★★★★,2020-02-15,https://music.douban.com/subject/21802570/
Miles from Home,Peshay,1998,★★★★★,2020-02-15,https://music.douban.com/subject/1937854/
Kin (&lt;--&gt;),Pat Metheny Unity Group,2014,★★★★★,2020-02-15,https://music.douban.com/subject/25824159/
Thelonious Sphere Monk,Mast,2018,★★★★★,2020-02-14,https://music.douban.com/subject/30178534/
Genocidal Majesty,Gnaw Their Tongues,2018,★★★★★,2020-02-14,https://music.douban.com/subject/30204847/
JUST CAN&#39;T HELP IT,"TOKYO INCIDENTS,东京事变",2006,★★★★★,2020-02-14,https://music.douban.com/subject/1998079/
Nu Bop,Matthew Shipp,2002,★★★★★,2020-02-14,https://music.douban.com/subject/3422325/
Aromanticism,Moses Sumney,2017,★★★★★,2020-02-14,https://music.douban.com/subject/27087199/
Spiral Mercury,"Pharoah Sanders,Chicago Sao Paulo Underground",2014,★★★★★,2020-02-14,https://music.douban.com/subject/25980472/
Flood,Herbie Hancock,1997,★★★★★,2020-02-14,https://music.douban.com/subject/2147927/
PACIFIC / Paraiso,細野晴臣,1990,,2020-02-14,https://music.douban.com/subject/1806723/
Hochono House,細野晴臣,2019,,2020-02-14,https://music.douban.com/subject/30421466/
Love Hurts / 爱太伤人,Julian Lage,2019,★★★★,2020-02-13,https://music.douban.com/subject/30468011/
Trio Tapestry,Joe Lovano,2019,★★★★,2020-02-13,https://music.douban.com/subject/30451065/
Play-Doh,Carmen Sandim,2019,★★★★,2020-02-13,https://music.douban.com/subject/34946254/
Sun on Sand,"Joshua Redman,Brooklyn Rider,Patrick Zimmerli,Scott Colley,Satoshi Takeishi",2019,★★★★★,2020-02-13,https://music.douban.com/subject/34849682/
Utopia,Bremer,2019,★★★,2020-02-13,https://music.douban.com/subject/34933789/
ALL RISE: A Joyful Elegy For Fats Waller,Jason Moran,2014,★★★,2020-02-13,https://music.douban.com/subject/25985040/
1619 Broadway  - The Brill Building Project,Kurt Elling,2012,★★★,2020-02-13,https://music.douban.com/subject/20263970/
The Vigil,Chick Corea,2013,,2020-02-13,https://music.douban.com/subject/24757237/
Apocalypse,Bill Callahan,2011,★★★★★,2020-02-12,https://music.douban.com/subject/6015144/
Worlds Collide,Michael Janisch,2019,★★,2020-02-12,https://music.douban.com/subject/34946656/
Worlds Collide,Apocalyptica,2007,★★,2020-02-12,https://music.douban.com/subject/2252698/
Driftglass,SEED Ensemble,2019,★★★★,2020-02-12,https://music.douban.com/subject/30463813/
The Secret Between the Shadow and the Soul,Branford Marsalis Quartet,2019,★★★★★,2020-02-12,https://music.douban.com/subject/30487239/
If You&#39;re Reading This It&#39;s Too Late,Drake,2015,★★★★,2020-02-11,https://music.douban.com/subject/26325591/
Sunday at the Village Vanguard,Bill Evans,1961,★★★★★,2020-02-11,https://music.douban.com/subject/1394669/
Divers,Joanna Newsom,2015,★★★★★,2020-02-11,https://music.douban.com/subject/26592050/
Einstein on the Beach / 海滩上的爱因斯坦,"Philip Glass,Robert Wilson",1993,★★★★★,2020-02-11,https://music.douban.com/subject/1432467/
Pharma,Nmesh,2017,★★★★★,2020-02-10,https://music.douban.com/subject/27164158/
Temporary Kings,"Mark Turner,Ethan Iverson",2018,★★★★★,2020-02-10,https://music.douban.com/subject/30296931/
Origami Harvest,Ambrose Akinmusire,2018,★★★★★,2020-02-10,https://music.douban.com/subject/30347662/
Cosmic Language,Nat Birchall,2018,★★★★★,2020-02-10,https://music.douban.com/subject/30257349/
Love Theme,Love Theme,2017,★★★★★,2020-02-10,https://music.douban.com/subject/27084963/
8 Songs,Liran,1000,★★★★,2020-02-10,https://music.douban.com/subject/30337767/
There Is Love In You,Four Tet,2010,★★★,2020-02-09,https://music.douban.com/subject/4194291/
Some Rap Songs,Earl Sweatshirt,2018,★★,2020-02-09,https://music.douban.com/subject/30384897/
LP1,FKA Twigs,2014,★★★★★,2020-02-09,https://music.douban.com/subject/25906182/
Ctrl / 全面控制,SZA,2017,★★★★★,2020-02-09,https://music.douban.com/subject/27054760/
The Birthday Party,The Birthday Party,1982,★★★★★,2020-02-09,https://music.douban.com/subject/27085110/
Sinner,Moodymann,2019,★★★★★,2020-02-08,https://music.douban.com/subject/34431549/
Maroon Clouds,Nicole Mitchell,2018,★★★★★,2020-02-08,https://music.douban.com/subject/30327540/
After Bach,Brad Mehldau,2018,,2020-02-08,https://music.douban.com/subject/30159414/
Fog FM,Anthony Naples,2019,★★★★,2020-02-07,https://music.douban.com/subject/34432429/
Reach The Endless Sea,Tunes Of Negation,2019,★★★★,2020-02-07,https://music.douban.com/subject/34862557/
IGOR,"Tyler, the Creator",2019,★★★,2020-02-07,https://music.douban.com/subject/33451388/
Devil&#39;s Dance,OSSIA,2019,★★★,2020-02-07,https://music.douban.com/subject/30455373/
Canto bello,"Léon Phal,Zacharie Ksyk,Gauthier Toux",2019,★★★★,2020-02-07,https://music.douban.com/subject/34946171/
My East Is Your West,Sarathy Korwar &amp; Upaj Co,2018,★★★★★,2020-02-07,https://music.douban.com/subject/30380663/
The Window,Cécile McLorin Salvant,2018,★★★★★,2020-02-07,https://music.douban.com/subject/30337216/
Grey Area,Little Simz,2019,★★★★,2020-02-07,https://music.douban.com/subject/30434134/
Life Metal / 生命金属,Sunn O))),2019,★★★,2020-02-07,https://music.douban.com/subject/30456073/
Grapefruit Regret,Karenn,2019,★★★★★,2020-02-07,https://music.douban.com/subject/34885129/
The Practice of Love,Jenny Hval,2019,★★★★,2020-02-07,https://music.douban.com/subject/34780723/
Ecstatic Computation,Caterina Barbieri,2019,★★★★,2020-02-07,https://music.douban.com/subject/30487444/
Blue Spring,Nathan Micay,2019,★★★,2020-02-06,https://music.douban.com/subject/32351854/
"Rogue Intruder, Soul Enhancer",Oli XL,2019,★★★★★,2020-02-06,https://music.douban.com/subject/34689032/
Grace EP,DJ Haram,2019,★★★,2020-02-06,https://music.douban.com/subject/34455403/
Art Angels,Grimes,2015,★★★★★,2020-02-06,https://music.douban.com/subject/26651208/
Black Messiah / 黑潮救世主,D&#39;Angelo &amp; The Vanguard,2014,★★★★★,2020-02-06,https://music.douban.com/subject/26282600/
Still Dreaming,Joshua Redman,2018,★★★★★,2020-02-05,https://music.douban.com/subject/30225880/
Seymour Reads the Constitution!,Brad Mehldau,2018,★★★★★,2020-02-05,https://music.douban.com/subject/30287028/
Vanished Gardens,"Charles Lloyd,The Marvels,Lucinda Williams",2018,★★★★,2020-02-05,https://music.douban.com/subject/30225565/
BEYONCÉ,"Beyoncé,Beyonce",2013,★★★★★,2020-02-05,https://music.douban.com/subject/25790943/
Episodes of Yesterday,Yuka,2014,★★★,2020-02-05,https://music.douban.com/subject/25970210/
Landforms,Mohlao,2017,★★★★★,2020-02-05,https://music.douban.com/subject/27604519/
Blonde,Frank Ocean,2016,★★★★,2020-02-05,https://music.douban.com/subject/26859478/
Beyond Now,Donny McCaslin,2016,★★★★,2020-02-04,https://music.douban.com/subject/26845987/
Countdown,Joey Alexander,2016,★★★★,2020-02-04,https://music.douban.com/subject/26871510/
Hudson,"Jack DeJohnette,Larry Grenadier,John Medeski,John Scofield",2017,★★★★,2020-02-04,https://music.douban.com/subject/27072929/
Our Point Of View,"Blue Note All-Stars,Wayne Shorter,Herbie Hancock",2017,★★★★,2020-02-04,https://music.douban.com/subject/34505452/
Chinese Butterfly,"Chick Corea,Steve Gadd",2018,★★★★★,2020-02-04,https://music.douban.com/subject/29163160/
Emanon / Emanon Box Set,"Wayne Shorter,Danilo Perez,John Patitucci,Brian Blade,Orpheus Chamber Orchestra",2018,★★★★,2020-02-04,https://music.douban.com/subject/30283854/
MULTIVERSE,Hiroshi Watanabe,2016,★★★,2020-02-04,https://music.douban.com/subject/26798523/
Identity / 身分,Seba,2013,★★★,2020-02-04,https://music.douban.com/subject/21642231/
For You And I,Loraine James,2019,★★★,2020-02-04,https://music.douban.com/subject/34602121/
Sea Colours,"Alexey Kruglov,Jaak Sooäär Trio",2012,★★★★★,2020-02-03,https://music.douban.com/subject/30319396/
Rats Don’t Eat Synthesizers,Dwarfs of East Agouza,2018,★★★★,2020-02-03,https://music.douban.com/subject/30268329/
Pessimist,PESSIMIST,2017,★★★★★,2020-02-03,https://music.douban.com/subject/27087078/
Peace Of Time,Abdullah Sami,2019,★★★★★,2020-02-03,https://music.douban.com/subject/33445202/
Where My Complete Beloved Is,Hera,2011,★★★★★,2020-02-03,https://music.douban.com/subject/30303196/
Kozmik Bazaar,"Konstrukt,Ken Vandermark",2019,★★★★★,2020-02-03,https://music.douban.com/subject/34870304/
Semikujira,"坂田明,Johan Berthling,Paal Nilssen-Love",2016,★★★★★,2020-02-03,https://music.douban.com/subject/26925361/
"Voci della Terra, Artéteka, Txalapàrta","Piero Milesi,Ivan Fedele,Orchestra Sinfonica Tito Schipa",2013,★★★★★,2020-02-03,https://music.douban.com/subject/34210553/
In Search Of The Miraculous,"John Zorn,Burger,Wollesen,Cohen,Perowsky",2010,★★★,2020-02-03,https://music.douban.com/subject/4646447/
Ten Freedom Summers,Wadada Leo Smith,2012,★★★★★,2020-02-02,https://music.douban.com/subject/10811609/
Slug&#39;s Saloon,Albert Ayler,2005,★★★★★,2020-02-02,https://music.douban.com/subject/4196341/
"At Slug&#39;s Saloon, Vol. 1",Albert Ayler,1966,★★★★★,2020-02-02,https://music.douban.com/subject/3813381/
Blue Maqams,Anouar Brahem,2017,,2020-01-29,https://music.douban.com/subject/27170408/
Gnosis,David Virelles,2017,,2020-01-29,https://music.douban.com/subject/30216535/
Break Stuff,Vijay Iyer Trio,2015,★★★★★,2020-01-28,https://music.douban.com/subject/26323989/
Nice Guys,The Art Ensemble of Chicago,1994,★★★★★,2020-01-28,https://music.douban.com/subject/1827484/
Songs of Ascension,Meredith Monk,2000,★★★★★,2020-01-28,https://music.douban.com/subject/6400879/
Black Stage of Night,Atrium Carceri &amp; Cities Last Broadca,2019,★★★★,2020-01-25,https://music.douban.com/subject/34858059/
Archives I-II,Atrium Carceri,2016,★★★★★,2020-01-25,https://music.douban.com/subject/26753604/
The Old City OST,Atrium Carceri,2015,★★★★★,2020-01-25,https://music.douban.com/subject/26340234/
Sacrosanct,"Atrium Carceri,Eldar",2012,★★★★★,2020-01-25,https://music.douban.com/subject/20257274/
Void,Atrium Carceri,2012,★★★★★,2020-01-25,https://music.douban.com/subject/11526753/
Reliquiae,Atrium Carceri,2012,★★★★★,2020-01-25,https://music.douban.com/subject/10546074/
Souyuan,Atrium Carceri,2008,★★★★★,2020-01-25,https://music.douban.com/subject/3292569/
Phrenitis,Atrium Carceri,2009,★★★★★,2020-01-25,https://music.douban.com/subject/4158183/
Ptahil,Atrium Carceri,2007,★★★★★,2020-01-25,https://music.douban.com/subject/2047033/
Kapnobatai,Atrium Carceri,2005,★★★★★,2020-01-25,https://music.douban.com/subject/1783465/
Metropolis,Atrium Carceri,2015,★★★★★,2020-01-25,https://music.douban.com/subject/26426388/
Arthropods,33EMYBW,2019,★★★★★,2020-01-22,https://music.douban.com/subject/34878036/
Proto,Holly Herndon,2019,★★★,2020-01-22,https://music.douban.com/subject/30487752/
Crush,Floating Points,2019,★★★★,2020-01-21,https://music.douban.com/subject/34808999/
Rave &#39;Till You Cry,Bogdan Raczynski,2019,★★★★★,2020-01-21,https://music.douban.com/subject/33430255/
Clark,Clark,2014,★★★★,2020-01-21,https://music.douban.com/subject/26141720/
To Pimp a Butterfly / 破茧成蝶,Kendrick Lamar,2015,★★★★★,2020-01-21,https://music.douban.com/subject/26339045/
Infernal Affairs,Mz.412,2006,★★★★★,2020-01-20,https://music.douban.com/subject/1790549/
Domine Rex Inferum,MZ.412,2001,★★★,2020-01-20,https://music.douban.com/subject/1788551/
Nordik Battle Signs,Mz.412,1999,★★★★★,2020-01-20,https://music.douban.com/subject/1790070/
Legion Ultra,Mz.412,2000,★★★,2020-01-20,https://music.douban.com/subject/3898413/
Burning The Temple Of God,Mz.412,1999,★★★★,2020-01-20,https://music.douban.com/subject/2067396/
In Nomine Dei Nostri Satanas Luciferi Excelsi,Mz.412,1997,★★★★★,2020-01-20,https://music.douban.com/subject/1790071/
Ear of the Beholder,Lol Coxhill,1995,★★★★★,2020-01-18,https://music.douban.com/subject/3058827/
Drunk,Thundercat,2017,★★★★★,2020-01-18,https://music.douban.com/subject/26964795/
Have One On Me / 盡其在我,Joanna Newsom,2010,★★★★★,2020-01-18,https://music.douban.com/subject/4261684/
The Amazing Bud Powell Volume 3 - Bud!,Bud Powell,2002,★★★★★,2020-01-17,https://music.douban.com/subject/1860123/
Arrest,powerdove,2014,★★★,2020-01-17,https://music.douban.com/subject/34918656/
Frozen Niagara Falls,Prurient,2015,★★★★★,2020-01-16,https://music.douban.com/subject/26374295/
FABRICLIVE 67: Ben UFO,Ben UFO,2013,★★★★★,2020-01-16,https://music.douban.com/subject/20497354/
the stilling,drøne,2020,★★★★★,2020-01-16,https://music.douban.com/subject/34908742/
The Amazing Bud Powell Volume 2,Bud Powell,2001,★★★★★,2020-01-16,https://music.douban.com/subject/1456371/
Beauty &amp; The Beat,Edan,2005,★★★★★,2020-01-16,https://music.douban.com/subject/1821305/
The Attitude Era,Dean Blunt And Inga Copeland ‎,2012,★★★★★,2020-01-15,https://music.douban.com/subject/27003315/
Obscura,Gorguts,1998,★★★★,2020-01-15,https://music.douban.com/subject/1793936/
Black Metal,Dean Blunt,2014,★★★★★,2020-01-15,https://music.douban.com/subject/25985603/
RIDE ON TIME (ライド・オン・タイム),山下達郎,1980,★★★★★,2020-01-15,https://music.douban.com/subject/3612536/
"Oh Lord, Let Me Do No Wrong",Pharoah Sanders,1989,★★★★,2020-01-14,https://music.douban.com/subject/2000881/
Live at the East,Pharoah Sanders,2004,★★★★★,2020-01-14,https://music.douban.com/subject/2000934/
Live / 现场,Pharoah Sanders,2003,★★★★★,2020-01-14,https://music.douban.com/subject/1877849/
Hot &amp; Cool Latin,Eric Dolphy,2004,★★★★★,2020-01-14,https://music.douban.com/subject/2001022/
GO AHEAD! / ゴー・アヘッド!,山下達郎,1978,★★★★★,2020-01-14,https://music.douban.com/subject/2298151/
Theatre of Tragedy,Dionysian Rituals,2019,★★★★,2020-01-13,https://music.douban.com/subject/33424471/
Thirst,Diasiva ‎,2019,★★★★★,2020-01-13,https://music.douban.com/subject/34826385/
Omen Rising,SAM KDC,2019,★★★★★,2020-01-13,https://music.douban.com/subject/34708674/
So  Strange,Curses,2019,★★★,2020-01-13,https://music.douban.com/subject/34794054/
R Plus Seven,Oneohtrix Point Never,2013,★★★★★,2020-01-13,https://music.douban.com/subject/24815478/
The Great Lakes Suites,Wadada Leo Smith,2014,★★★★,2020-01-12,https://music.douban.com/subject/25985103/
Newport &#39;63,John Coltrane,1993,★★★★★,2020-01-12,https://music.douban.com/subject/3902099/
Persona,Puce Mary,2014,★★★★,2020-01-10,https://music.douban.com/subject/25925500/
Run the Jewels 2 / RTJ2,Run the Jewels,2014,★★★★,2020-01-10,https://music.douban.com/subject/25984993/
Soused,"Scott Walker,Sunn O)))",2014,★★★★★,2020-01-10,https://music.douban.com/subject/25963690/
Globe Unity 67 &amp; 70,"Globe Unity Orchestra,Alexander Von Schlippenbach,Peter Brötzmann",2001,★★★★★,2020-01-10,https://music.douban.com/subject/2125625/
Hiver Noir,Macelleria Mobile Di Mezzanotte,2017,★★★★★,2020-01-09,https://music.douban.com/subject/33978495/
"For Those Who Are, Still",William Parker,2015,★★★★★,2020-01-09,https://music.douban.com/subject/26661874/
Garden of Delete,Oneohtrix Point Never,2015,★★★★,2020-01-09,https://music.douban.com/subject/26606944/
We Are Not The First,Hieroglyphic Being &amp;amp; J.I.T.U. Ahn-Sahm-Buhl,2015,★★★,2020-01-09,https://music.douban.com/subject/26655403/
Vertigo,The Necks,2015,★★★★,2020-01-09,https://music.douban.com/subject/26610805/
Yermande,Mark Ernestus&#39; Ndagga Rhythm Force,2016,★★★★,2020-01-09,https://music.douban.com/subject/26889922/
Tender Love,SND,2002,★★★★★,2020-01-08,https://music.douban.com/subject/3059367/
Ljud,Andreas Tilliander,2001,★★★,2020-01-08,https://music.douban.com/subject/1840793/
"Electric Ladyland, Vol. 2",Various Artists,1997,★★★,2020-01-07,https://music.douban.com/subject/1798768/
Elit,Andreas Tilliander,2002,★★★,2020-01-07,https://music.douban.com/subject/1840792/
Clicks &amp; cuts Vol.4,V.A.,2004,★★★★,2020-01-06,https://music.douban.com/subject/3620737/
Bektop,Kabutogani,2010,★★★★★,2020-01-06,https://music.douban.com/subject/4850636/
cathodeFlower,Kim Cascone,1999,★★★★,2020-01-06,https://music.douban.com/subject/1810774/
Paranoia Aspect,Sven K,2016,★★★★★,2020-01-06,https://music.douban.com/subject/30260810/
Munich 2016,Keith Jarrett,2019,★★★★★,2020-01-06,https://music.douban.com/subject/34865042/
The Epic,Kamasi Washington,2015,★★★★★,2020-01-05,https://music.douban.com/subject/26372717/
Platform,Holly Herndon,2015,★★★★★,2020-01-05,https://music.douban.com/subject/26341253/
Dark Energy,Jlin,2015,★★★★,2020-01-05,https://music.douban.com/subject/26351253/
We Be All Africans,"Idri Ackamoor,The Pyramids",2016,★★★★★,2020-01-05,https://music.douban.com/subject/26929743/
A Seat At The Table,Solange,2016,★★★★★,2020-01-05,https://music.douban.com/subject/26884160/
Blood Bitch,Jenny Hval,2016,★★★,2020-01-05,https://music.douban.com/subject/26809001/
Flower Boy,"Tyler, the Creator",2017,★★★,2020-01-05,https://music.douban.com/subject/27084044/
All the Way,Diamanda Galás,2017,★★★★★,2020-01-04,https://music.douban.com/subject/27006859/
Bill Orcutt,Bill Orcutt,2017,★★★,2020-01-04,https://music.douban.com/subject/27079668/
Irreversible Entanglements,Irreversible Entanglements,2017,★★★★★,2020-01-04,https://music.douban.com/subject/30174184/
Hand In Hand,Félicia Atkinson,2017,★★★★★,2020-01-04,https://music.douban.com/subject/27070781/
Songs from the Bardo,"Laurie Anderson,Tenzin Choegyal,Jesse Paris Smith",2019,★★★★★,2020-01-04,https://music.douban.com/subject/34778810/
Red Lanta,"Art Lande,Jan Garbarek",1994,★★★★★,2020-01-04,https://music.douban.com/subject/1438893/
The Return / 回归,Kamaal Williams,2018,★★★★★,2020-01-03,https://music.douban.com/subject/30225882/
Stadium,Eli Keszler,2018,★★★★★,2020-01-03,https://music.douban.com/subject/30330645/
1000 Gecs,100 Gecs,2019,★★★,2020-01-03,https://music.douban.com/subject/34321035/
Fly or Die II: Bird Dogs of Paradise,Jaimie Branch,2019,★★★★★,2020-01-03,https://music.douban.com/subject/34854327/
Mandatory Reality,Joshua Abrams &amp; Natural Information Society,2019,★★★★,2020-01-03,https://music.douban.com/subject/33411322/
Immortal Concerts: Autumn Leaves [live],Bill Evans,2008,★★★★★,2020-01-03,https://music.douban.com/subject/25807051/
The Sacrificial Code,Kali Malone,2019,★★★,2020-01-02,https://music.douban.com/subject/34448263/
Vienna Concert,Keith Jarrett,1992,★★★★★,2020-01-02,https://music.douban.com/subject/1473949/
Lifetime,Klein,2019,★★★★,2020-01-02,https://music.douban.com/subject/34811915/
The Oracle,Angel Bat Dawid,2019,★★★★,2020-01-02,https://music.douban.com/subject/30455913/
I Was Real,75 Dollar Bill,2019,★★★★,2020-01-02,https://music.douban.com/subject/34450764/
Wander/Wonder,Balam Acab,2011,★★★★★,2020-01-02,https://music.douban.com/subject/6790834/
We Are On The Edge: A 50th Anniversary Celebration,Art Ensemble of Chicago,2019,★★★★★,2019-12-31,https://music.douban.com/subject/33445213/
Ancestor Boy,Lafawndah,2019,★★★★,2019-12-31,https://music.douban.com/subject/30433159/
Steve Haines and the Third Floor Orchestra,Steve Haines and the Third Floor Orchestra,2019,★★★,2019-12-31,https://music.douban.com/subject/34398991/
East!,Pat Martino,1991,★★★★★,2019-12-31,https://music.douban.com/subject/2245149/
Exit!,Fire! Orchestra,2013,★★★★★,2019-12-31,https://music.douban.com/subject/21319403/
Enter!,Fire! Orchestra,2014,★★★★★,2019-12-31,https://music.douban.com/subject/25890622/
Perpetual,"Ryuichi Sakamoto,Illuha,Taylor Deupree",2015,★★★★★,2019-12-31,https://music.douban.com/subject/26300993/
New History Warfare Vol. 3: To See More Light,Colin Stetson,2013,★★★★★,2019-12-30,https://music.douban.com/subject/21857335/
Hereditary (Original Motion Picture Soundtrack),Colin Stetson,2018,★★★★★,2019-12-30,https://music.douban.com/subject/30242734/
Never Were The Way She Was,Colin Stetson &amp; Sarah Neufeld,2015,★★★★★,2019-12-30,https://music.douban.com/subject/26344641/
No End,Keith Jarrett,2013,★★★★,2019-12-29,https://music.douban.com/subject/25772184/
"Tap: The Book Of Angels, Volume 20","Pat Metheny,John Zorn",2013,★★★★★,2019-12-29,https://music.douban.com/subject/24298072/
Am I Who I Am,PTU,2019,★★★★★,2019-12-29,https://music.douban.com/subject/34433519/
No More Idols,Chase &amp; Status,2011,★★,2019-12-29,https://music.douban.com/subject/5951456/
Briefly Eternal,Horror Inc.,2013,★★★★★,2019-12-29,https://music.douban.com/subject/24815979/
Nothing Great About Britain,slowthai,2019,★★★★,2019-12-29,https://music.douban.com/subject/33452354/
Where Future Unfolds,"Damon Locks,Black Monument Ensemble",2019,★★★★★,2019-12-29,https://music.douban.com/subject/33498825/
5,Sault,2019,★★★★,2019-12-29,https://music.douban.com/subject/34848160/
Portrait With Firewood,Djrum,2018,★★★★,2019-12-28,https://music.douban.com/subject/30305669/
VORTEX,Special Request,2019,★★★★★,2019-12-28,https://music.douban.com/subject/33463117/
In Colour / 多采多姿,Jamie XX,2015,★★★,2019-12-28,https://music.douban.com/subject/26354131/
Full Circle,J Majik,2019,★★★★★,2019-12-28,https://music.douban.com/subject/33431693/
Akkord,Akkord,2013,★★★★★,2019-12-28,https://music.douban.com/subject/25780200/
Tomorrow&#39;s Harvest,Boards Of Canada,2013,★★★,2019-12-27,https://music.douban.com/subject/24463265/
Halcyon Digest / 宁静的觉醒,Deerhunter,2010,★★★,2019-12-27,https://music.douban.com/subject/4935019/
Utility,Barker,2019,★★★★★,2019-12-27,https://music.douban.com/subject/34817220/
Into The Woodwork,"Steve Swallow,Carla Bley,Chris Cheek,Steve Cardenas,Jorge Rossy",2013,★★★,2019-12-26,https://music.douban.com/subject/25723994/
Channel the Spirits,The Comet Is Coming,2016,★★★★,2019-12-26,https://music.douban.com/subject/26764806/
Voices From the Lake,Voices From The Lake Feat. Donato Dozzy &amp; Neel,2012,★★★★★,2019-12-26,https://music.douban.com/subject/10518800/
DJ-Kicks,Laurel Halo,2019,★★★,2019-12-26,https://music.douban.com/subject/30458907/
Everything&#39;s Fine,"Jean Grae,Quelle Chris",2018,★★★★,2019-12-25,https://music.douban.com/subject/30186965/
The Power &amp; The Glory,Perc,2014,★★★★,2019-12-25,https://music.douban.com/subject/25835155/
Brooklyn Babylon,Darcy James Argue&#39;s Secret Society,2013,★★★,2019-12-25,https://music.douban.com/subject/25982458/
Devour,Pharmakon,2019,★★★★★,2019-12-25,https://music.douban.com/subject/34668213/
ƒIN / FIN,John Talabot,2012,★★★,2019-12-24,https://music.douban.com/subject/10464348/
London 03.06.17,Aphex Twin,2017,★★★,2019-12-24,https://music.douban.com/subject/27068489/
Orphans,Aphex Twin,2017,★★★★★,2019-12-24,https://music.douban.com/subject/27096845/
Toto Bona Lokua,"Lokua Kanza,Richard Bona,Gerald Toto",2005,★★★,2019-12-24,https://music.douban.com/subject/1795220/
II,Sunwatchers,2018,★★★★,2019-12-24,https://music.douban.com/subject/30129951/
Your Queen Is A Reptile,Sons of Kemet,2018,★★★★,2019-12-24,https://music.douban.com/subject/30181664/
Konnichiwa,Skepta,2016,★★★★,2019-12-23,https://music.douban.com/subject/26785390/
Suzi Ecto,Call Super,2014,★★★★★,2019-12-23,https://music.douban.com/subject/25984494/
ストレイト・アヘッド / Straight Ahead,"植松孝夫,Takao Uematsu",2018,★★★★★,2019-12-23,https://music.douban.com/subject/30257713/
Harmony,Bill Frisell,2019,★★★,2019-12-23,https://music.douban.com/subject/34865060/
Raga Yaman,Ustad Vilayat Khan,1972,★★★★★,2019-12-23,https://music.douban.com/subject/27042469/
Ali Baba,Chute Libre,1987,★★★★★,2019-12-23,https://music.douban.com/subject/34265876/
Lost River,"Michele Rabbia, Gianluca Petrella, Eivind Aarset",2019,★★★★,2019-12-23,https://music.douban.com/subject/33430605/
Sun Of Goldfinger,"David Torn,Tim Berne,Ches Smith",2019,★★★★★,2019-12-20,https://music.douban.com/subject/32444387/
And Then Comes The Night,Mats Eilertsen Trio,2019,★★★★,2019-12-20,https://music.douban.com/subject/30454689/
Ocean In A Drop (Music For Film),GoGo Penguin,2019,★★★,2019-12-20,https://music.douban.com/subject/34851057/
Absolute Zero,Bruce Hornsby,2019,★★★★,2019-12-20,https://music.douban.com/subject/33401733/
Carnegie Hall 71,"Alice Coltrane,Pharoah Sanders,Archie Shepp",2018,★★★★★,2019-12-19,https://music.douban.com/subject/30436630/
Clockwise,Anna Webber,2019,★★★★★,2019-12-19,https://music.douban.com/subject/30480662/
Rome,Armand Hammer,2017,★★★★★,2019-12-19,https://music.douban.com/subject/27188700/
Malibu Ken,Malibu Ken,2019,★★★,2019-12-19,https://music.douban.com/subject/30388549/
"Kankyō Ongaku: Japanese Ambient, Environmental &amp; New Age Musi...",Various Artists,2019,★★★★★,2019-12-18,https://music.douban.com/subject/30450418/
Ghosteen,Nick Cave &amp; The Bad Seeds,2019,★★★★★,2019-12-18,https://music.douban.com/subject/34840529/
Orange,"Caroline Shaw,Attacca Quartet",2019,★★★★,2019-12-17,https://music.douban.com/subject/33420828/
Shepherd in a Sheepskin Vest,Bill Callahan,2019,★★★★★,2019-12-17,https://music.douban.com/subject/33432762/
Métamanoir,Dale Cooper Quartet And The Dictaphones,2011,★★★★★,2019-12-17,https://music.douban.com/subject/6946831/
Astrild Astrild,Dale Cooper Quartet &amp; The Dictaphones,2017,★★★★★,2019-12-17,https://music.douban.com/subject/27058191/
Virgins / 圣母们,Tim Hecker,2013,★★★★★,2019-12-17,https://music.douban.com/subject/24863601/
Ütopiya?,Oiseaux-Tempête,2015,★★★★,2019-12-17,https://music.douban.com/subject/26344791/
To Be Kind,Swans,2014,★★★★★,2019-12-16,https://music.douban.com/subject/25855911/
Plastic Anniversary,Matmos,2019,★★★,2019-12-16,https://music.douban.com/subject/30436332/
Music For Lock Grooves,Adrian Corker,2019,★★★★,2019-12-16,https://music.douban.com/subject/34455159/
Reflektor / 反射,Arcade Fire,2013,★★★★,2019-12-16,https://music.douban.com/subject/25725503/
When Destiny Calls,Billy Gault,1975,★★★,2019-12-15,https://music.douban.com/subject/34808112/
Live at Birdland,"Lee Konitz,Brad Mehldau,Charlie Haden,Paul Motian",2011,★★★,2019-12-13,https://music.douban.com/subject/6307931/
Nico Muhly: Seeing Is Believing / 美国作曲家缪利作品，以及改编伯...,"Nicholas Collon,Aurora Orchestra,Thomas Gould",2011,★★★★★,2019-12-13,https://music.douban.com/subject/6383517/
The Bright Lights EP EP Edition by Gary Clark Jr. (2011) Audio CD,Gary Clark Jr.,,★★★,2019-12-13,https://music.douban.com/subject/25801738/
Rio,Keith Jarrett,2011,,2019-12-13,https://music.douban.com/subject/6952967/
Winter Winds (Complete Works: 1968-70),P.E. Hewitt Jazz Ensemble,2010,★★★★★,2019-12-12,https://music.douban.com/subject/4749246/
When the Heart Emerges Glistening,Ambrose Akinmusire,2011,★★★,2019-12-11,https://music.douban.com/subject/6877907/
Alone At The Vanguard,Fred Hersch,2011,★★★★★,2019-12-11,https://music.douban.com/subject/6113908/
Tassili,Tinariwen,2011,★★★★★,2019-12-10,https://music.douban.com/subject/6794666/
"Lost Shadows: In Defence Of The Soul Yanomami Shamanism, Songs...",David Toop,2015,★★★★,2019-12-05,https://music.douban.com/subject/26428994/
Entities Inertias Faint Beings,David Toop,2016,★★★★★,2019-12-03,https://music.douban.com/subject/26802718/
River Without Banks,Leo Svirsky,2019,★★★★,2019-12-03,https://music.douban.com/subject/34455157/
The Untold,Atrium Carceri,2013,★★★★★,2019-12-02,https://music.douban.com/subject/25761422/
Onyx,"Apocryphos,Kammarheit,Atrium Carceri",2015,★★★★★,2019-12-02,https://music.douban.com/subject/26608543/
Codex,Atrium Carceri,2018,★★★★★,2019-12-02,https://music.douban.com/subject/30319238/
Executive Towers,Jade Statues,2015,★★★★,2019-11-29,https://music.douban.com/subject/33457103/
Return to Forever,Chick Corea,1972,★★★★★,2019-11-29,https://music.douban.com/subject/1455389/
Black Space Tapes,Jamael Dean,2019,★★★,2019-11-29,https://music.douban.com/subject/34896032/
Deleated Chemistry,Eight Frozen Modules,2014,★★★,2019-11-28,https://music.douban.com/subject/33727002/
Antiphon,Alfa Mist,2017,★★★★,2019-11-28,https://music.douban.com/subject/27013991/
Leaves of Grass / 草叶集,"Iggy Pop,Tarwater,Alva Noto",2016,★★★★★,2019-11-27,https://music.douban.com/subject/26729834/
Xerrox Vol. 3,Alva Noto,2015,★★★★★,2019-11-27,https://music.douban.com/subject/26341635/
Décade,"Anne-James Chaton,Alva Noto,Andy Moor",2012,★★★,2019-11-27,https://music.douban.com/subject/30456185/
Univrs,Alva Noto,2011,★★★,2019-11-27,https://music.douban.com/subject/6835201/
For 2,ALVA NOTO,2010,★★★,2019-11-27,https://music.douban.com/subject/4320288/
Summvs,"Alva Noto,Ryūichi Sakamoto",2011,★★★★,2019-11-27,https://music.douban.com/subject/6151280/
Analog Fluids of Sonic Black Holes,Moor Mother,2019,★★★★★,2019-11-21,https://music.douban.com/subject/34808225/
PANG,Caroline Polachek,2019,★★★★★,2019-11-18,https://music.douban.com/subject/34852062/
Trinity,Eartheater,2019,★★★★★,2019-11-06,https://music.douban.com/subject/34863152/
KIWANUKA,Michael Kiwanuka,2019,★★★★★,2019-11-05,https://music.douban.com/subject/34795596/
Anima Caelum,raison d’être,2019,★★★★★,2019-11-01,https://music.douban.com/subject/33415606/
Ironic Discomfort And Cheesy Manners,Bocksholm,2019,★★★★,2019-11-01,https://music.douban.com/subject/34455725/
Mere III,Mere,2017,★★★★★,2019-11-01,https://music.douban.com/subject/26944185/
Mere II,Mere,2017,★★★★★,2019-11-01,https://music.douban.com/subject/26944184/
Mere,Mere,2012,★★★★★,2019-11-01,https://music.douban.com/subject/11638537/
Sparrow Nights,"Peter Brötzmann,Heather Leigh",2018,★★★★★,2019-10-29,https://music.douban.com/subject/30366157/
Coin Coin Chapter Four: Memphis,Matana Roberts,2019,★★★★★,2019-10-29,https://music.douban.com/subject/34855898/
The Complete 1961 Village Vanguard Recordings / The Complete 1961...,John Coltrane,1997,★★★★★,2019-10-25,https://music.douban.com/subject/2255786/
"Eric Dolphy in Europe, Vol. 1",Eric Dolphy,1964,★★★★★,2019-10-24,https://music.douban.com/subject/2051756/
Bird &amp; Diz,"Charlie Parker,Dizzy Gillespie",1997,★★★★★,2019-10-24,https://music.douban.com/subject/1427334/
oort,Chouchou,2019,★★★★★,2019-10-21,https://music.douban.com/subject/34849766/
Falling In Love With Love,Tsuyoshi Yamamoto Trio,2002,★★★★★,2019-10-08,https://music.douban.com/subject/4221406/
"Losing, Linda",Sui Zhen,2019,★★★★,2019-10-06,https://music.douban.com/subject/34462749/
Tenshi No Gijinka / 天使的人化,"Keiji Haino,灰野敬二",1995,★★★★,2019-09-30,https://music.douban.com/subject/1469243/
滲有無 / Nijiumu,"灰野敬二,Keiji Haino",1990,★★★★★,2019-09-30,https://music.douban.com/subject/2156820/
Spiritual Unity,Albert Ayler,1965,★★★★★,2019-09-29,https://music.douban.com/subject/1768707/
India&#39;s Master Musician,Ravi Shankar,1999,★★★★★,2019-09-29,https://music.douban.com/subject/2363390/
Blue City,Isao Suzuki Quartet,1974,★★★★,2019-09-29,https://music.douban.com/subject/2357674/
All My Heroes Are Cornballs,JPEGMAFIA,2019,★★★★★,2019-09-24,https://music.douban.com/subject/34819437/
Charli / 酷娃恰莉,Charli XCX,2019,★★★★★,2019-09-24,https://music.douban.com/subject/34431929/
Konoyo,Tim Hecker,2018,★★★★★,2019-09-18,https://music.douban.com/subject/30289927/
of flame &amp; love,LILLITH twin,2019,★★★★,2019-09-17,https://music.douban.com/subject/34811837/
Adam&#39;s Apple,Wayne Shorter,1966,★★★★★,2019-09-16,https://music.douban.com/subject/2001450/
Veteran,JPEGMAFIA,2018,★★★★,2019-09-11,https://music.douban.com/subject/30138341/
Latin Jazz Quintet,"Felipe Diaz,Eric Dolphy",2004,★★★★,2019-09-11,https://music.douban.com/subject/2001001/
BTTB / 回到基本,坂本龍一,1999,★★★★★,2019-09-11,https://music.douban.com/subject/1479477/
The Essential,Eric Dolphy,1991,★★★★★,2019-09-11,https://music.douban.com/subject/3103607/
Cartesian Reunion Memorial Orchestra,Lloyd Rodgers,2018,★★★★★,2019-09-09,https://music.douban.com/subject/34816375/
Lady in Satin / 绸缎中的女士,Billie Holiday,1997,★★★★,2019-09-09,https://music.douban.com/subject/1578526/
INTEGRATION,J E L L V A K O,2019,★★★★★,2019-09-05,https://music.douban.com/subject/34799163/
Anna Painting,Four Tet,2019,★★★★★,2019-09-04,https://music.douban.com/subject/34807163/
1138,ASC,2019,★★★★★,2019-09-03,https://music.douban.com/subject/34790834/
The Myth and the Moth,Carsten Dahl,2014,★★★★★,2019-09-03,https://music.douban.com/subject/33994001/
Norman Fucking Rockwell / Norman F**king Rockwell! / NFR!,拉娜·德雷 Lana Del Rey,2019,★★★★★,2019-09-03,https://music.douban.com/subject/34668261/
O,Damien Rice,2002,★★★★★,2019-09-03,https://music.douban.com/subject/1394590/
Bird &amp; Diz,Charlie Parker and Dizzy Gillespie,1990,★★★★★,2019-09-03,https://music.douban.com/subject/3657228/
Such Sweet Thunder,Duke Ellington,1999,★★★★★,2019-09-03,https://music.douban.com/subject/1827952/
Armrestling,"Oleg Yudanov,Pavel Timofeev",2017,★★★★,2019-09-02,https://music.douban.com/subject/33720014/
Red / 红,King Crimson,1974,★★★★★,2019-09-02,https://music.douban.com/subject/1443547/
Anomalia,Vehemence Quartet,2016,★★★★★,2019-09-02,https://music.douban.com/subject/34326557/
おわら 風の盆 ~名盤編~,V.A.,2013,,2019-09-02,https://music.douban.com/subject/24876346/
Psychic Live,DARKSIDE,2015,★★★★★,2019-09-02,https://music.douban.com/subject/26570251/
At Folsom Prison,Johnny Cash,1968,★★★★★,2019-09-01,https://music.douban.com/subject/1440578/
Getz/Gilberto,"Stan Getz,Joao Gilberto,Antônio Carlos Jobim,Astrud Gilberto,Luiz Bonfá",1963,★★★★★,2019-08-29,https://music.douban.com/subject/1394846/
Collider,"DKV Trio,The Thing",2016,★★★★★,2019-08-29,https://music.douban.com/subject/30163527/
SEVENTEEN,"八木美知依,Michiyo Yagi",2005,★★★★★,2019-08-28,https://music.douban.com/subject/4291946/
ナマで踊ろう(初回盤),坂本慎太郎,2014,★★★★★,2019-08-28,https://music.douban.com/subject/25931185/
Unknown Pleasures,Joy Division,1979,★★★★★,2019-08-27,https://music.douban.com/subject/1401771/
Pět Ran Do Čepice,"Milan Vitoch,Jiří Stivín,Barre Phillips,Zbygniew Seifert",2017,★★★★★,2019-08-27,https://music.douban.com/subject/33767572/
未来派野郎 / Futurista,坂本龍一,1986,★★★★★,2019-08-26,https://music.douban.com/subject/2154565/
Kang Tae Hwan,"姜泰煥,Ned Rothenberg,Otomo Yoshihide",1995,★★★★★,2019-08-23,https://music.douban.com/subject/26534528/
F**k it I love you / The greatest,拉娜·德雷 Lana Del Rey,2019,★★★★★,2019-08-23,https://music.douban.com/subject/34802676/
逍遥遊 / The Untrammeled Traveler,"Misha Mengelberg,豊住芳三郎 Sabu Toyozumi",2013,★★★★,2019-08-23,https://music.douban.com/subject/26608711/
After The Gold Rush,Neil Young,1970,★★★★★,2019-08-22,https://music.douban.com/subject/1395470/
自由,최선배,1998,★★★★★,2019-08-22,https://music.douban.com/subject/34321381/
Golden Hearts Remembrance,"Wadada Leo Smith,N&#39;Da Kulture",2001,★★★★★,2019-08-22,https://music.douban.com/subject/3565107/
Mega Psychedelia,山本精一,2011,★★★★★,2019-08-20,https://music.douban.com/subject/10465808/
遇雨而生 / Sentiment in rain,天鹅与花朵,2019,★★★★,2019-08-20,https://music.douban.com/subject/34784531/
Live in the Head,"Tatsuya Yoshida,Igor Krutogolov,Assif Tsahar",2008,★★★★★,2019-08-20,https://music.douban.com/subject/3403688/
Stellar Regions,John Coltrane,1995,★★★★★,2019-08-19,https://music.douban.com/subject/2076140/
Conversations,Eric Dolphy,1963,★★★★★,2019-08-16,https://music.douban.com/subject/2001013/
Rights of Swing,Phil Woods,1961,★★★★★,2019-08-16,https://music.douban.com/subject/4034650/
Ascension,John Coltrane,1966,★★★★★,2019-08-13,https://music.douban.com/subject/1771349/
Speed And Space,富樫雅彦 Masahiko Togashi Quartet,1991,★★★★★,2019-08-13,https://music.douban.com/subject/26899022/
Tokyo Flashback,Various Artists,2017,★★★★★,2019-08-13,https://music.douban.com/subject/27181222/
Master Trio,Tommy Flanagan,1983,★★★★,2019-08-12,https://music.douban.com/subject/3443583/
At Newport ‘63,"Lambert, Hendricks and Bavan",1963,★★★,2019-08-12,https://music.douban.com/subject/30410405/
Jazz Abstractions Medley: Abstraction / Piece For Guitar &amp; Str...,John Lewis,2018,★★★★★,2019-08-10,https://music.douban.com/subject/33544961/
Last Date,Eric Dolphy,1964,★★★★★,2019-08-10,https://music.douban.com/subject/3310907/
Insights,Toshiko Akiyoshi-Lew Tabackin Big Band,2003,★★★★★,2019-08-10,https://music.douban.com/subject/3425265/
Canto Of Libra,Toshiyuki Miyama And His New Herd,1970,★★★★,2019-08-09,https://music.douban.com/subject/26262305/
Sunshine Avenue,Yoshiaki Masuo,1979,★★★★,2019-08-09,https://music.douban.com/subject/30375209/
Brötzmann / Van Hove / Bennink,"Peter Brötzmann,Han Bennink,Fred Van Hove",1973,★★★★★,2019-08-05,https://music.douban.com/subject/3168540/
SADAO WATANABE,渡辺貞夫,2014,★★★★★,2019-08-05,https://music.douban.com/subject/26596693/
Love Cry,Albert Ayler,1968,★★★★,2019-08-05,https://music.douban.com/subject/1858393/
AMMMusic,Amm,1995,★★★★★,2019-08-05,https://music.douban.com/subject/1457553/
光衍 / Doppler Shift,邵彦棚,2018,★★★★★,2019-08-05,https://music.douban.com/subject/30342823/
At The Montreux Jazz Festival,"Bill Evans,Eddie Gomez,Jack DeJohnette",1968,★★★★★,2019-08-05,https://music.douban.com/subject/1428082/
Care Package,Drake,2019,★★★★,2019-08-02,https://music.douban.com/subject/34782111/
Calling,Zaliva-D,2019,★★★,2019-08-02,https://music.douban.com/subject/34465385/
Something Else!!!!,Ornette Coleman,2017,★★★★★,2019-08-02,https://music.douban.com/subject/1767363/
Jazz Abstractions,John Lewis,1992,★★★★★,2019-08-02,https://music.douban.com/subject/3660093/
宇宙幻想(紙),冨田勲,2005,★★★★,2019-08-02,https://music.douban.com/subject/1479532/
Town Hall Concert,Charles Mingus,1995,★★★★★,2019-08-02,https://music.douban.com/subject/3772198/
Montreux Afterglow / モントルー・アフタグロー,Yosuke Yamashita,2009,★★★★★,2019-08-01,https://music.douban.com/subject/6727125/
Boss Guitar,Wes Montgomery,1991,★★★★,2019-08-01,https://music.douban.com/subject/2377143/
Changes One,Charles Mingus,1975,★★★★★,2019-07-31,https://music.douban.com/subject/2154564/
Product,Sophie,2015,★★,2019-07-31,https://music.douban.com/subject/26635919/
Oil of Every Pearl&#39;s Un-Insides / OIL OF EVERY PEARL&#39;s UN-INSIDES,SOPHIE,2018,★★★★,2019-07-31,https://music.douban.com/subject/30249944/
Change of the Century,Ornette Coleman,2017,★★★★★,2019-07-31,https://music.douban.com/subject/1849748/
"Eric Dolphy at the Five Spot, Vol. 1","Eric Dolphy Quintet,Booker Little",1961,★★★★★,2019-07-30,https://music.douban.com/subject/1775994/
Trio,"Tommy Flanagan,Ron Carter,Tony Williams",2005,★★★★,2019-07-30,https://music.douban.com/subject/2002359/
In Greenwich Village,Albert Ayler,1967,★★★★★,2019-07-30,https://music.douban.com/subject/2140045/
Tijuana Moods,Charles Mingus,1962,★★★★★,2019-07-29,https://music.douban.com/subject/1428916/
Prophecy,Albert Ayler,1964,★★★★★,2019-07-29,https://music.douban.com/subject/1860889/
夕焼けの記憶から/三上寛・青森ライヴ / Yuuyake No...,"三上寛,mikami kan",2006,★★★★★,2019-07-29,https://music.douban.com/subject/2156644/
Lust in the Dust,Natural Calamity,1999,★★★★★,2019-07-29,https://music.douban.com/subject/2136543/
Crossing A River By Rope,Lijiang Quintet,2018,★★★★★,2019-07-29,https://music.douban.com/subject/34438487/
义乌情,鸭听天,2018,★★★★,2019-07-29,https://music.douban.com/subject/30253786/
Windowlicker,Aphex Twin,2000,★★★★,2019-07-27,https://music.douban.com/subject/1453448/
Picture This,Gary Burton Quartet,1982,★★★★★,2019-07-26,https://music.douban.com/subject/3652935/
Desert Marauders,"Art Lande,Rubisa Patrol",1978,★★★★★,2019-07-26,https://music.douban.com/subject/1869367/
Rounds,Four Tet,2003,★★★★★,2019-07-26,https://music.douban.com/subject/1394898/
Tryptych,Demdike Stare,2011,★★★★,2019-07-25,https://music.douban.com/subject/5945865/
Weihnachtstraum,Les Joyaux De La Princesse,1998,★★★★★,2019-07-24,https://music.douban.com/subject/3730719/
Die Weiße Rose,"Les Joyaux de la Princesse,Regard Extreme",1997,★★★★★,2019-07-24,https://music.douban.com/subject/1462346/
Miles &amp; Monk at Newport,"Miles Davis,Thelonious Monk",1964,★★★★★,2019-07-24,https://music.douban.com/subject/3924049/
African Bird: Come Back! Mother Africa,Tony Scott,1993,★★★★★,2019-07-24,https://music.douban.com/subject/3883498/
Bitter Music,Perc,2017,★★★★★,2019-07-24,https://music.douban.com/subject/27053478/
State Of Control EP,I Hate Models,2017,★★★,2019-07-24,https://music.douban.com/subject/30211083/
Dark Rift,Pictureplane,2009,★★★★,2019-07-23,https://music.douban.com/subject/3836928/
Cornell 1964,Charles Mingus Sextet with Eric Dolphy,2007,★★★★★,2019-07-23,https://music.douban.com/subject/2173867/
Jazz Workshop Revisited,Cannonball Adderley Sextet,1963,★★★★★,2019-07-23,https://music.douban.com/subject/3161082/
Syro,Aphex Twin,2014,★★★★★,2019-07-23,https://music.douban.com/subject/25964141/
Within the Realm of a Dying Sun,Dead Can Dance,1987,★★★★★,2019-07-22,https://music.douban.com/subject/1417564/
Boîtes à tartines,Les Boucles Absurdes,2013,★★★★★,2019-07-19,https://music.douban.com/subject/34191350/
"Ravedeath, 1972",Tim Hecker,2011,★★★★,2019-07-19,https://music.douban.com/subject/5401269/
What Happens When We Stop,Andrew Weathers Ensemble,2013,★★★★,2019-07-19,https://music.douban.com/subject/23274481/
Black One,Sunn O))),2005,★★★★★,2019-07-19,https://music.douban.com/subject/1461266/
Voodoo Magic,Spiral Deluxe,2018,★★★★★,2019-07-18,https://music.douban.com/subject/30324910/
Ágætis Byrjun,Sigur Rós,1999,★★★★,2019-07-18,https://music.douban.com/subject/2081398/
Offering: Live At Temple University,John Coltrane,2014,★★★★★,2019-07-18,https://music.douban.com/subject/26021056/
Live at Birdland,John Coltrane,1964,★★★★★,2019-07-18,https://music.douban.com/subject/3399071/
Soultrane,John Coltrane,2003,★★★★★,2019-07-17,https://music.douban.com/subject/1506888/
Ole Coltrane,John Coltrane,1961,★★★★★,2019-07-17,https://music.douban.com/subject/1774774/
Court and Spark,Joni Mitchell,1974,★★★★,2019-07-17,https://music.douban.com/subject/1404841/
Mixmag Presents Peggy Gou,Peggy Gou,2018,★★★,2019-07-17,https://music.douban.com/subject/30434376/
Blade Runner,Vangelis,1994,★★★★★,2019-07-17,https://music.douban.com/subject/1433767/
Out To Lunch,Eric Dolphy,1998,★★★★★,2019-07-16,https://music.douban.com/subject/3149280/
Rainfall,ASC,2018,★★★★,2019-07-16,https://music.douban.com/subject/30178093/
Realm Of The Infinite,ASC,2019,★★★★★,2019-07-16,https://music.douban.com/subject/34466357/
Sunrise,"Masabumi Kikuchi Trio,Thomas Morgan,Paul Motian",2012,★★★★,2019-07-15,https://music.douban.com/subject/10566033/
イースト・ウィンド / East Wind,菊地雅章,1974,★★★★★,2019-07-15,https://music.douban.com/subject/27007074/
Thembi,Pharoah Sanders,1971,★★★★★,2019-07-15,https://music.douban.com/subject/1807933/
Know What I Mean? (Remastered),"Cannonball Adderley,Bill Evans",1962,★★★★★,2019-07-15,https://music.douban.com/subject/2256633/
Undercurrent,"Bill Evans,Jim Hall",1962,★★★★★,2019-07-15,https://music.douban.com/subject/2303659/
New Jazz Conceptions,Bill Evans,1991,★★★★★,2019-07-15,https://music.douban.com/subject/1419747/
New Jazz Conceptions (20 Bit Master),Bill Evans,2004,★★★★★,2019-07-15,https://music.douban.com/subject/3564531/
Head Hunters,Herbie Hancock,1973,★★★★★,2019-07-12,https://music.douban.com/subject/1759004/
MILES SMILES,MILES DAVIS QUINTET,1998,★★★★★,2019-07-12,https://music.douban.com/subject/2982799/
The Soul with Longing for Dim Hills and Faint Horizons,"Masashi Harada,Mat Maneri",2005,,2019-07-11,https://music.douban.com/subject/1872126/
Rumbling,Globe Unity Orchestra,1991,★★★★★,2019-07-10,https://music.douban.com/subject/1960007/
Globe Unity Orchestra 40 Years,"Alexander von Schlippenbach,Globe Unity Orchestra",2007,★★★★★,2019-07-10,https://music.douban.com/subject/3683597/
Izipho Zam,Pharoah Sanders,1973,★★★★★,2019-07-09,https://music.douban.com/subject/1939753/
Village of Pharoahs,Pharoah Sanders,1971,★★★★★,2019-07-09,https://music.douban.com/subject/2132313/
Village Of The Pharoahs / Wisdom Through Music,Pharoah Sanders,2011,★★★★★,2019-07-09,https://music.douban.com/subject/6801836/
Far Cry / 孤岛惊魂,"Eric Dolphy Quintet,Booker Little",1962,★★★★★,2019-07-07,https://music.douban.com/subject/1775993/
Cannonball Adderley Quintet In Chicago,Cannonball Adderley,1999,★★★★★,2019-07-07,https://music.douban.com/subject/1850677/
Golijov: Azul,"The Knights,Yo-Yo Ma",2017,★★★★★,2019-07-05,https://music.douban.com/subject/26975300/
Fevergreens,Jono El Grande,2004,★★★★,2019-07-05,https://music.douban.com/subject/2270090/
Karma,Pharoah Sanders,1969,★★★★★,2019-07-04,https://music.douban.com/subject/1858448/
Pot Pie,Phil Woods,1996,★★★,2019-07-02,https://music.douban.com/subject/2046451/
The Age Of Immunology,Vanishing Twin,2019,★★★★★,2019-07-01,https://music.douban.com/subject/33405198/
Lucid,Raveena,2019,★★★★,2019-07-01,https://music.douban.com/subject/33478034/
Habit,Snail Mail,2019,★★★★,2019-07-01,https://music.douban.com/subject/34442683/
Lucky 9 Teen,Mike Slott ‎,2010,,2019-06-29,https://music.douban.com/subject/26951081/
Natureboy,Flako,2015,,2019-06-29,https://music.douban.com/subject/26348547/
Radio,Exile,2009,,2019-06-29,https://music.douban.com/subject/3424268/
Beat Journey,Dr. Who Dat?,2006,,2019-06-29,https://music.douban.com/subject/1857111/
Hud Dreems,Knxwledge,2015,,2019-06-29,https://music.douban.com/subject/26375357/
Alone Together,Karriem Riggins,2012,,2019-06-29,https://music.douban.com/subject/11593619/
Man Vs Machine,Xzibit,2002,,2019-06-29,https://music.douban.com/subject/1906819/
慈 Affection,"灰野敬二,keiji haino",1992,★★★★,2019-06-28,https://music.douban.com/subject/1951491/
First Meditations,John Coltrane,1992,★★★★★,2019-06-28,https://music.douban.com/subject/1741627/
"Niggas on the Moon / the powers that b, disc 1",Death Grips,2014,★★★★,2019-06-26,https://music.douban.com/subject/25906379/
Infinity Hz [RARE],Import,,★★★★,2019-06-25,https://music.douban.com/subject/3837122/
Transmissions,Juno Reactor,1994,★★★★★,2019-06-25,https://music.douban.com/subject/1899823/
EndSerenading,Mineral,1999,★★★★,2019-06-25,https://music.douban.com/subject/1697535/
Makesnd Cassette,SND,1999,★★★★,2019-06-22,https://music.douban.com/subject/2367707/
71:36,"Sabi,Kiyo",2011,★★★★★,2019-06-20,https://music.douban.com/subject/6520954/
Xen / 異世界,Arca,2014,★★★★★,2019-06-19,https://music.douban.com/subject/25986564/
The Brain of the Dog in Section,"Peter Brötzmann,Fred Lonberg-Holm",2008,★★★★,2019-06-19,https://music.douban.com/subject/6425850/
Dangerous / 危险之旅,Michael Jackson,1991,★★★★★,2019-06-17,https://music.douban.com/subject/1422152/
The Best In The World Pack,Drake,2019,★★★,2019-06-17,https://music.douban.com/subject/34433753/
My Favorite Things,John Coltrane,1961,★★★★★,2019-06-16,https://music.douban.com/subject/1395273/
A Love Supreme,John Coltrane,1965,★★★★★,2019-06-16,https://music.douban.com/subject/1438265/
☆.A,☆.A,2018,★★★★,2019-06-16,https://music.douban.com/subject/30361603/
At The Frankfurt Jazz Festival,Phil Woods And His European Rhythm Machine,1971,★★★★★,2019-06-16,https://music.douban.com/subject/4017411/
Live in Seattle / Live In Seattle (Expanded Edition),John Coltrane,1994,★★★★★,2019-06-14,https://music.douban.com/subject/2300951/
Sounds From Can Elles,Richie Hawtin,2008,★★★★★,2019-06-13,https://music.douban.com/subject/3438076/
From My Mind To Yours,Richie Hawtin,2015,★★★★,2019-06-13,https://music.douban.com/subject/26707664/
Paris 1964,Charles Mingus,1964,★★★★★,2019-06-13,https://music.douban.com/subject/3221074/
Live-Evil,Miles Davis,1971,★★★★★,2019-06-13,https://music.douban.com/subject/2351598/
Hino=Kikuchi Quintet / 日野=菊地クインテット,"Terumasa Hino,菊地雅章",2005,★★★★★,2019-06-13,https://music.douban.com/subject/1875273/
SADAO WATANABE,"SADAO WATANABE,渡辺貞夫",2007,★★★★★,2019-06-13,https://music.douban.com/subject/25833864/
Rag Bhimpalasi / Rag Tilak Kamod,"Nishat Khan (Sitar),Irshad Khan (Surbahar),Shafaatullah Khan (Tabla)",1998,★★★★★,2019-06-12,https://music.douban.com/subject/3401298/
Cornbread,Lee Morgan,1990,★★★★★,2019-06-12,https://music.douban.com/subject/1877484/
Fulgor,Barrio Lindo,2019,★★★★★,2019-06-12,https://music.douban.com/subject/34331848/
Auto Da Fè,"Tim Berne,Enten Eller",2015,★★★★★,2019-06-12,https://music.douban.com/subject/33837343/
Out To Lunch,Otomo Yoshihide&#39;s New Jazz Orchestra,2005,★★★★★,2019-06-11,https://music.douban.com/subject/2318525/
How I Loved You,Angels of Light,2001,★★★★,2019-06-11,https://music.douban.com/subject/1484799/
Amplified Crystal,C.C.C.C.,1993,★★★★★,2019-06-11,https://music.douban.com/subject/3039983/
Maiden Voyage,Herbie Hancock,1965,★★★★★,2019-06-11,https://music.douban.com/subject/1439822/
Dead in My Arms,Carnifex,2007,★★★★,2019-06-11,https://music.douban.com/subject/3036793/
Raw Trax 1,Surgeon,2019,★★★,2019-06-11,https://music.douban.com/subject/33476759/
Raga Shuddha Todi,Zia Mohiuddin Dagar,1996,,2019-06-10,https://music.douban.com/subject/26978072/
I Am The Night,Perturbator,2012,★★★★★,2019-06-10,https://music.douban.com/subject/20502859/
Dangerous Days,Perturbator,2014,★★★★★,2019-06-10,https://music.douban.com/subject/25913841/
The Uncanny Valley,PERTURBATOR,2016,★★★★★,2019-06-10,https://music.douban.com/subject/26940795/
Vihne,Jens Pauly,2019,★★★★★,2019-06-10,https://music.douban.com/subject/30487377/
Panama Canal Left-Hand Path,Rainforest Spiritual Enslavement,2019,★★★★★,2019-06-08,https://music.douban.com/subject/30488386/
Every Which Way,Brian Davison,2006,★★★★★,2019-06-06,https://music.douban.com/subject/5406045/
Lines From The Past,As If,2013,★★★★★,2019-06-06,https://music.douban.com/subject/26660436/
Human,Death,1991,★★★★★,2019-06-05,https://music.douban.com/subject/1807709/
Storm of the Light&#39;s Bane,Dissection,1996,★★★★,2019-06-05,https://music.douban.com/subject/1470387/
Forever Autumn,Lake of Tears,1999,★★★★★,2019-06-04,https://music.douban.com/subject/1417688/
In Sides,Orbital,1996,★★★★,2019-06-04,https://music.douban.com/subject/1432555/
Relaxin&#39; with the Miles Davis Quintet,Miles Davis Quintet,1958,★★★★★,2019-06-04,https://music.douban.com/subject/1455793/
Replica / 复制品,Oneohtrix Point Never,2011,★★★,2019-06-04,https://music.douban.com/subject/6811224/
Wish You Were Here,Pink Floyd,1975,★★★★★,2019-06-04,https://music.douban.com/subject/1401143/
Hipnotik Tradisi,Black Merlin,2016,★★★★★,2019-06-03,https://music.douban.com/subject/26967101/
Smoke a Haiku Cigarette,Dolphy Kick Bebop,2018,★★★★★,2019-06-03,https://music.douban.com/subject/30253790/
Ceremony -- Buddha Meet Rock,People,1970,★★★★,2019-06-03,https://music.douban.com/subject/3005279/
Old Star,Darkthrone,2019,★★★★,2019-06-02,https://music.douban.com/subject/33371097/
Live on TV 1990,Gong,1993,★★★★,2019-06-02,https://music.douban.com/subject/25722410/
Cue,Andrew Pekler,2007,★★★★★,2019-05-31,https://music.douban.com/subject/2062394/
A Final Testimony [RARE],Import,,★★★★,2019-05-31,https://music.douban.com/subject/3213224/
日々はありふれていて残酷で めちゃくちゃに愛おしくて時々ひどく...,秋山羊子,2012,★★★★★,2019-05-30,https://music.douban.com/subject/11584302/
Rail〜銀河鉄道の夜〜I carry a ticket of eternity サウンド...,秋山羊子,2006,★★★★★,2019-05-30,https://music.douban.com/subject/5972974/
狂った手,秋山羊子,2011,★★★★★,2019-05-30,https://music.douban.com/subject/6399524/
Light in the Dark,Luke Hess,2009,★★★★★,2019-05-30,https://music.douban.com/subject/3712381/
Perfused,Fluxion,2010,★★★,2019-05-30,https://music.douban.com/subject/4297490/
Holy Hell,Architects,2018,★★★★,2019-05-29,https://music.douban.com/subject/30347538/
Ontario Gothic,Foxes In Fiction,2014,★★★★,2019-05-26,https://music.douban.com/subject/26005294/
LES RALLIZES DENUDES 1980-1981 -SHIBUYA YANEURA 1980/9/1,HADAKA NO RALLIZES,,★★★★★,2019-05-26,https://music.douban.com/subject/25846870/
Flamagra,Flying Lotus,2019,★★★★,2019-05-26,https://music.douban.com/subject/33416236/
Tim Reaper &amp; Dwarde - Globex Corp Volume 1,Tim Reaper &amp; Dwarde,,★★★★★,2019-05-26,https://music.douban.com/subject/27153607/
Dury Dava,Dury Dava,2019,★★★★★,2019-05-24,https://music.douban.com/subject/33454112/
Svartmyrkr,MZ.412,2019,★★★★★,2019-05-23,https://music.douban.com/subject/30378342/
Skiptracing,Mild High Club,2016,★★★,2019-05-23,https://music.douban.com/subject/26842972/
Patience Soup,Phew,2019,★★★★★,2019-05-23,https://music.douban.com/subject/30485526/
Guts Of A Virgin,PainKiller,1991,★★★★★,2019-05-22,https://music.douban.com/subject/1808732/
空中キャンプ,"Fishmans,フィッシュマンズ",1996,★★★★★,2019-05-22,https://music.douban.com/subject/3431344/
Do You Believe In Mazik,Susan,1980,★★★★,2019-05-22,https://music.douban.com/subject/30305328/
Doo-Bop,Miles Davis,1992,★★★★★,2019-05-22,https://music.douban.com/subject/1865436/
Robotron,Signal,2007,★★★★★,2019-05-22,https://music.douban.com/subject/2993378/
Die Krautrock Explosion,Amon Guru,2007,★★★★★,2019-05-21,https://music.douban.com/subject/2362429/
99 (1999) :: Variations For Modulated 440Hz Sinewaves :: / 20&#39;...,Ryoji Ikeda,1999,★★★,2019-05-20,https://music.douban.com/subject/1917998/
Hinten,Guru Guru,1971,★★★★,2019-05-20,https://music.douban.com/subject/1510230/
UFO,Guru Guru,1970,★★★★★,2019-05-20,https://music.douban.com/subject/1857725/
Sun Ship,John Coltrane,1995,★★★★★,2019-05-20,https://music.douban.com/subject/1780912/
"Organs Of Blue Eclipse, 1975-1977",Seishokki青蚀器,2005,★★★★★,2019-05-17,https://music.douban.com/subject/3558492/
Theloniouis Monk &amp; Johnny Griffin with Ahmed Abdul-Malik at th...,"Thelonious Monk,Johnny Griffin,Roy Haynes",2000,★★★★★,2019-05-17,https://music.douban.com/subject/2070176/
World Will End on Friday!,Shaa Khan,2009,★★★★★,2019-05-17,https://music.douban.com/subject/26752565/
Test,Bomis Prendin,1979,★★★★,2019-05-16,https://music.douban.com/subject/30457748/
Free Zen Society,Free Zen Society,2007,★★★★,2019-05-16,https://music.douban.com/subject/1986249/
19-83,haircuts for men,2019,★★★★★,2019-05-16,https://music.douban.com/subject/33410727/
Fuchsia,Fuchsia,2004,★★★★★,2019-05-15,https://music.douban.com/subject/2213395/
The Wake Up,The Royal Concept,2018,★★★,2019-05-15,https://music.douban.com/subject/30331374/
Moon Child,Pharoah Sanders,1996,★★★★,2019-05-15,https://music.douban.com/subject/2000885/
Save Our Children,Pharoah Sanders,1999,★★★★,2019-05-15,https://music.douban.com/subject/2000911/
Anoyo,Tim Hecker,2019,★★★★★,2019-05-15,https://music.douban.com/subject/30458650/
Roarin&#39;,The New Don Rend ell Quintet,1961,★★★★,2019-05-15,https://music.douban.com/subject/10511793/
That&#39;s Harakiri,Sd Laika,2014,★★★★★,2019-05-15,https://music.douban.com/subject/25873428/
Alula,Caroline Davis,2019,★★★★★,2019-05-14,https://music.douban.com/subject/33443662/
Astral Projection,ASC,2018,★★★★★,2019-05-13,https://music.douban.com/subject/30211481/
Binder Quintet featuring John Tchicai,Binder Quintet featuring John Tchicai,1982,★★★★★,2019-05-12,https://music.douban.com/subject/3195986/
Eternal Return,Tymon,2019,★★★★★,2019-05-10,https://music.douban.com/subject/33410766/
Svartmyrkr,MZ.412,2019,★★★★★,2019-05-10,https://music.douban.com/subject/30376908/
Yaraandoo,Rob Thomsett,1975,★★★★,2019-05-09,https://music.douban.com/subject/26893881/
Mingus at Carnegie Hall,Charles Mingus,1990,★★★★★,2019-05-09,https://music.douban.com/subject/3614736/
Saxophone Colossus,Sonny Rollins,1957,★★★★★,2019-05-09,https://music.douban.com/subject/1433339/
Both Directions at Once: The Lost Album,John Coltrane,2018,★★★★★,2019-05-09,https://music.douban.com/subject/30245139/
Legacy: 16th-18th Century Music from India,"Ali Akbar Khan,Asha Bhosle,Swapan Chaudhuri",1996,★★★★★,2019-05-08,https://music.douban.com/subject/1868408/
"Thomas Ades, Per Norgard, Hans Abrahamsen",Danish String Quartet,2016,★★★★★,2019-05-08,https://music.douban.com/subject/26859528/
My Favorite Tune,Ryo Fukui,1994,★★★★★,2019-05-08,https://music.douban.com/subject/27590211/
Closer Colder,Faultline,2000,★★★★★,2019-05-07,https://music.douban.com/subject/1466430/
No Love Deep Web / NO LOVE DEEP WEB,Death Grips,2012,★★★★,2019-05-07,https://music.douban.com/subject/19970949/
Arthur And Intergalactic Whales,Bjarki,2015,★★★★,2019-05-06,https://music.douban.com/subject/26576082/
Klockworks 13,DVS1,2014,★★★★,2019-05-06,https://music.douban.com/subject/26932074/
Soma Track Series Vol. 3,Jack Master,2016,★★★★,2019-05-06,https://music.douban.com/subject/26951146/
Escape The System Remixed,Dax J,2016,★★★★,2019-05-06,https://music.douban.com/subject/26886105/
Just Another Day,Carl Craig,2011,★★★★★,2019-05-06,https://music.douban.com/subject/6971824/
When the Raven Has Come to the Earth,Strawberry Path,2007,★★★,2019-05-06,https://music.douban.com/subject/3541526/
Gece,Altin Gün,2019,★★★★★,2019-05-06,https://music.douban.com/subject/32486327/
Scorpio,Arthur Jones,1971,★★★★★,2019-05-05,https://music.douban.com/subject/26993364/
Hot Pants Idol,David Toop,1999,★★★★★,2019-05-05,https://music.douban.com/subject/3201440/
Schumann/Dvorak: Cello Concertos,"Daniil Shafran,State Symphony Orchestra,Kyrill Kondrashin,Estonia Symphony Orchestra,Neeme Järvi",2000,★★★★★,2019-05-05,https://music.douban.com/subject/2063901/
エンド・フォー・ザ・ビギニング / End For The Begin...,菊地雅章,2015,★★★★★,2019-05-05,https://music.douban.com/subject/26632388/
Buddha Machine / 唱佛机 第一代,FM3,2005,★★★★★,2019-05-01,https://music.douban.com/subject/1828579/
The Impulse Story,Albert Ayler,2006,★★★★★,2019-04-30,https://music.douban.com/subject/3329103/
十二境 / 空山 / 在这里 / 环境即兴,李剑鸿,2011,★★★★★,2019-04-30,https://music.douban.com/subject/6428655/
Leh Jani [VINYL],Omar Souleyman,2011,★★★★★,2019-04-30,https://music.douban.com/subject/30445459/
Moon Beams,Tsuki No Wa,2003,★★★★★,2019-04-30,https://music.douban.com/subject/2977406/
The Impulse Story,Charles Mingus,2006,★★★★★,2019-04-29,https://music.douban.com/subject/3844863/
Bottomless Pit / 无底洞,Death Grips,2016,★★★★★,2019-04-29,https://music.douban.com/subject/26786881/
Russian New Music In China / 俄罗斯新音乐在中国,"Vyacheslav Ganelin,Alexey Kruglov,Oleg Yudanov",2015,★★★★★,2019-04-29,https://music.douban.com/subject/26613498/
One Great Day...,"Ellery Eskelin,Andrea Parkins,Jim Black",1997,★★★★★,2019-04-28,https://music.douban.com/subject/3238156/
Keyboard Fantasies,Beverly Glenn-Copeland,2017,★★★★★,2019-04-28,https://music.douban.com/subject/27611798/
Mingus Ah Um,Charles Mingus,1959,★★★★★,2019-04-27,https://music.douban.com/subject/1415359/
New Africa,Grachan Moncur III,2003,★★★★★,2019-04-27,https://music.douban.com/subject/5412162/
The Köln Concert / 科隆音乐会,Keith Jarrett,1975,★★★★★,2019-04-26,https://music.douban.com/subject/1394580/
M3LL155X,FKA Twigs,2015,★★★★★,2019-04-26,https://music.douban.com/subject/26636535/
Faith in Strangers,Andy Stott,2014,★★★★★,2019-04-26,https://music.douban.com/subject/26066179/
Euphoria,Insides,1993,★★★★,2019-04-26,https://music.douban.com/subject/1798809/
Exmilitary,Death Grips,2011,★★★★,2019-04-25,https://music.douban.com/subject/6710199/
Actions,Don Cherry &amp; Krzysztof Penderecki,2009,★★★★★,2019-04-25,https://music.douban.com/subject/3768287/
Fear of Music / 对音乐的敬畏,Talking Heads,1979,★★★★★,2019-04-25,https://music.douban.com/subject/1770322/
Blonde on Blonde,Bob Dylan,1966,★★★★★,2019-04-25,https://music.douban.com/subject/1394651/
Modal Soul,Nujabes,2005,★★★★,2019-04-25,https://music.douban.com/subject/1760749/
Chet,Chet Baker,1987,★★★★★,2019-04-25,https://music.douban.com/subject/1477023/
Lanquidity,Sun Ra,1978,★★★★★,2019-04-25,https://music.douban.com/subject/1499414/
Mezzanine,Massive Attack,1998,★★★★★,2019-04-24,https://music.douban.com/subject/1395303/
Brilliant Corners,Thelonious Monk,1957,★★★★★,2019-04-24,https://music.douban.com/subject/1449843/
Depths in Heights,Mazaru,2011,★★★★★,2019-04-24,https://music.douban.com/subject/6830707/
X Post Industriale / Rituals 2015 e.v.,"Mz.412,Trepaneringsritualen",2017,★★★★★,2019-04-24,https://music.douban.com/subject/27616243/
Jeff Mills:Live at The Liquid Room-Tokyo,Jeff Mills,1996,★★★★★,2019-04-24,https://music.douban.com/subject/3432548/
Music Has the Right to Children,Boards of Canada,1998,★★★★★,2019-04-24,https://music.douban.com/subject/1449982/
LONG SEASON / 漫长季节,FISHMANS,1996,★★★★★,2019-04-24,https://music.douban.com/subject/3026461/
Paranoid,Black Sabbath,1970,★★★★★,2019-04-24,https://music.douban.com/subject/1431603/
Selected Ambient Works 85-92,Aphex Twin,1992,★★★★★,2019-04-24,https://music.douban.com/subject/1466953/
Pop,Gas,2000,★★★★★,2019-04-23,https://music.douban.com/subject/1980845/
"Lieder Von Vampiren, Nonnen Und Toten",Bernd Witthuser,2001,★★★★★,2019-04-23,https://music.douban.com/subject/2134565/
The Shape of Jazz to Come,Ornette Coleman,1959,★★★★★,2019-04-23,https://music.douban.com/subject/1788439/
American Football,American Football,1999,★★★★,2019-04-23,https://music.douban.com/subject/1785574/
Soundtracks for the Blind,Swans,1996,★★★★★,2019-04-22,https://music.douban.com/subject/1453175/
The Money Store / 钱店,Death Grips,2012,★★★★★,2019-04-22,https://music.douban.com/subject/10591786/
Remain In Light / 于光之中,Talking Heads,1980,★★★★★,2019-04-22,https://music.douban.com/subject/1770321/
Copeland / Beverly Glenn-Copeland,Beverly Glenn Copeland,1971,★★★★★,2019-04-19,https://music.douban.com/subject/30453313/
Dancer in Nowhere,Miho Hazama,2019,★★★★,2019-04-19,https://music.douban.com/subject/32580114/
First Meeting,Ronin Arkestra,2019,★★★★,2019-04-19,https://music.douban.com/subject/33384598/
Hell Is Empty EP,Uun,2019,★★★★★,2019-04-19,https://music.douban.com/subject/33412809/
Big Band &amp; Quartet in Concert,Thelonious Monk,1964,★★★★★,2019-04-18,https://music.douban.com/subject/3654693/
Mutant / 全面异变,Arca,2015,★★★★★,2019-04-17,https://music.douban.com/subject/26642372/
Live,Marcin Wasilewski Trio,2018,★★★★★,2019-04-17,https://music.douban.com/subject/30342340/
Super Band Live At Jazz Cafe,Urszula Dudziak,2009,★★★★★,2019-04-17,https://music.douban.com/subject/4184686/
The Noise Frejus 1982,King Crimson,1984,★★★★★,2019-04-17,https://music.douban.com/subject/33380215/
Garden on the Palm,Ken Ishii,1993,★★★★,2019-04-17,https://music.douban.com/subject/1767501/
Encores 2,Nils Frahm,2019,★★★★,2019-04-17,https://music.douban.com/subject/30394002/
The Piper At The Gates Of Dawn / 黎明之门下的风笛手,Pink Floyd,1967,★★★★★,2019-04-16,https://music.douban.com/subject/1401314/
Clowns,Nuova Idea,2007,★★★★★,2019-04-16,https://music.douban.com/subject/3346781/
Spiewa Piosenki Zygmunta Koniecznego,Ewa Demarczyk,1998,★★★★★,2019-04-16,https://music.douban.com/subject/1890412/
Scenery / シーナリィ,Ryo Fukui,1976,★★★★★,2019-04-16,https://music.douban.com/subject/25775169/
Hi This Is Flume (Mixtape),Flume,2019,★★★★★,2019-04-15,https://music.douban.com/subject/33373576/
True Romance,Charli Xcx,2013,★★★★★,2019-04-15,https://music.douban.com/subject/21650232/
Vrooom Vrooom,King Crimson,2001,★★★★★,2019-04-12,https://music.douban.com/subject/2211669/
Night Before Death of Sampling Virus,Otomo Yoshihide,1993,★★★★,2019-04-12,https://music.douban.com/subject/3402653/
Song For Alpha,Daniel Avery,2018,★★★★★,2019-04-11,https://music.douban.com/subject/30133833/
heavy days are here again,Leo Cuypers,1981,★★★★★,2019-04-11,https://music.douban.com/subject/3223296/
Les Rallizes Dénudés 1980-1981,"裸のラリーズ,Les Rallizes Denudes",2013,★★★★★,2019-04-11,https://music.douban.com/subject/26263156/
Solitude,King Midas Sound,2019,★★★★,2019-04-11,https://music.douban.com/subject/30461294/
Aesthetic 2013-2018,HKE,2018,★★★★★,2019-04-10,https://music.douban.com/subject/30405155/
ÉPOPÉE DE GILGAMESH,Abed Azrié,2005,★★★★,2019-04-10,https://music.douban.com/subject/3213381/
Holy Terror,The Last Poets,1995,★★★★★,2019-04-10,https://music.douban.com/subject/3397184/
Portico Quartet / 同名專輯,Portico Quartet,2012,★★★★★,2019-04-09,https://music.douban.com/subject/7152933/
Tourist,St. Germain,2000,★★★★,2019-04-09,https://music.douban.com/subject/1453384/
50th Birthday Celebration Vol. 2,"Milford Graves,John Zorn",2004,★★★★★,2019-04-08,https://music.douban.com/subject/2354898/
Heat,Shinichi Atobe,2018,★★★★★,2019-04-08,https://music.douban.com/subject/30320377/
Alone Together,"Jim Hall,Ron Carter",1991,★★★★,2019-04-07,https://music.douban.com/subject/1772567/
The Olatunji Concert: The Last Live Recording,John Coltrane,2001,★★★★★,2019-04-04,https://music.douban.com/subject/1770396/
Cold Mission,Logos,2013,★★★★★,2019-04-04,https://music.douban.com/subject/25773684/
There Can Be No True Beauty Without Decay,Antonymes,2013,★★★★★,2019-04-04,https://music.douban.com/subject/25745966/
What&#39;s Between,WIFE,2014,★★★★,2019-04-03,https://music.douban.com/subject/25890332/
D.A.I.S.Y. Rage,Kitty,2013,★★★★★,2019-04-03,https://music.douban.com/subject/25821077/
The Book Of The Leaves,Osjan,2006,★★★★★,2019-04-03,https://music.douban.com/subject/30469353/
郭永章：老来难,郭永章,2018,,2019-04-03,https://music.douban.com/subject/30202169/
Klami/Englund:Violn Concertos [Benjamin Schmid; Oulu Symphony ...,"Benjamin Schmid,Oulu Symphony Orchestra",2016,★★★★★,2019-04-03,https://music.douban.com/subject/26874979/
Jazzbuhne Berlin&#39;83,山下洋輔 Yosuke Yamashita,1990,★★★★★,2019-04-03,https://music.douban.com/subject/19975849/
Bado Kidogo,"Archimedes Badkar,Afro&#39;70",1978,★★★★★,2019-04-03,https://music.douban.com/subject/25781561/
Tre,Archimedes Badkar,2010,★★★★★,2019-04-03,https://music.douban.com/subject/4901866/
Miles Davis Quintet &amp; Sextet + 4 bonus tracks,Miles Davis,2013,★★★★★,2019-04-02,https://music.douban.com/subject/25661323/
"Live in Stockholm, 1963",John Coltrane,1999,★★★★★,2019-04-02,https://music.douban.com/subject/3643206/
Death Of A Typographer,Byetone,2008,★★★★★,2019-04-02,https://music.douban.com/subject/3102729/
20&#39; to 2000 / 20&#39; to 2000,Byetone,1999,★★★★★,2019-04-02,https://music.douban.com/subject/3113982/
Stardust,"John Coltrane,Wilbur Harden,Red Garland,Paul Chambers,Jimmy Cobb,Art Taylor,Freddy Hubbard",1963,★★★★★,2019-04-01,https://music.douban.com/subject/1780907/
A Man Called Trane,John Coltrane,2008,★★★★★,2019-04-01,https://music.douban.com/subject/3231512/
Super Record,Magical Power Mako,2006,★★★★★,2019-04-01,https://music.douban.com/subject/1963493/
Dimension Intrusion,F.U.S.E.,1993,★★★★★,2019-04-01,https://music.douban.com/subject/1823113/
Born to Die / 向死而生（大陆） / 生死相守 （台）,Lana Del Rey,2012,★★★,2019-04-01,https://music.douban.com/subject/10448971/
Take Care,Drake,2011,★★★★★,2019-03-31,https://music.douban.com/subject/6829773/
The QUANTA Series,K Á R Y Y N,2019,★★★★★,2019-03-29,https://music.douban.com/subject/30438968/
Trigun: The First Donuts,"Dr.Donuts,AJA,AKIMA&amp;NEOS",1998,★★★★★,2019-03-29,https://music.douban.com/subject/1528048/
うたううあ,UA,2004,★★★★★,2019-03-29,https://music.douban.com/subject/1949517/
RECOLLECTION,In Slaughter Natives,2001,★★★★★,2019-03-27,https://music.douban.com/subject/1822386/
Maru Sankaku Shikaku (Circle Triangle Square),Maru Sankaku Shikaku,2013,★★★★★,2019-03-27,https://music.douban.com/subject/26671454/
People In Sorrow,Art Ensemble Of Chicago,1969,★★★★★,2019-03-27,https://music.douban.com/subject/3532557/
阿呆船,"天井桟敷,J.A.シーザー",1974,★★★★★,2019-03-27,https://music.douban.com/subject/3077876/
Rejoice! I&#39;m Dead!,Gong,2016,★★★★,2019-03-27,https://music.douban.com/subject/26878566/
Kulu Sé Mama,John Coltrane,1965,★★★★★,2019-03-26,https://music.douban.com/subject/3134999/
I Care Because You Do,Aphex Twin,1995,★★★★★,2019-03-26,https://music.douban.com/subject/1419335/
JAZZ CONVERSATIONS,"Monday満ちる Monday Michiru,秋吉敏子 Toshiko Akiyoshi",2015,★★★★,2019-03-25,https://music.douban.com/subject/26760825/
CITY POP ~SONY MUSIC edition,Various Artist,2003,★★★★★,2019-03-25,https://music.douban.com/subject/24382258/
Walking On,"Ananda Shankar Experience,State of Bengal",1999,★★★★★,2019-03-25,https://music.douban.com/subject/1828978/
Ananda Shankar and His Music,Ananda Shankar,2006,★★★★★,2019-03-25,https://music.douban.com/subject/3921317/
Ananda shankar,Ananda shankar,1970,★★★★★,2019-03-24,https://music.douban.com/subject/1828989/
Kind of Blue / 泛蓝调调,Miles Davis,1959,★★★★★,2019-03-22,https://music.douban.com/subject/3026202/
Live In Japan,John Coltrane,1973,★★★★★,2019-03-21,https://music.douban.com/subject/1771348/
Out To Lunch!,Eric Dolphy,1964,★★★★★,2019-03-20,https://music.douban.com/subject/1437106/
MSRYNVR,Shygirl,2017,★★★★,2019-03-20,https://music.douban.com/subject/27181079/
2001,Ananda Shankar,2007,,2019-03-19,https://music.douban.com/subject/21359655/
Minutes Of Sleep,Francis Harris,2014,★★★★,2019-03-19,https://music.douban.com/subject/25835937/
Satori,Flower Travellin&#39; Band,1971,★★★★★,2019-03-18,https://music.douban.com/subject/1923418/
KABA,"UA,甲本ヒロト",2010,★★★,2019-03-14,https://music.douban.com/subject/4841308/
The Tunnel / Twin Cities,Richie Hawtin,2005,★★★★★,2019-03-12,https://music.douban.com/subject/3816170/
ハルトライブ,UA,2010,★★★★,2019-03-12,https://music.douban.com/subject/4725842/
Atta,UA,2009,★★★★★,2019-03-11,https://music.douban.com/subject/3769658/
Kompilation,Plastikman,2010,★★★★,2019-03-10,https://music.douban.com/subject/5032120/
EX (Performed live at the Guggenheim NYC),Plastikman,2014,★★★★★,2019-03-10,https://music.douban.com/subject/25904149/
Three Tracks To Send To Your Ghost Producer,Perc,2019,★★★★★,2019-03-08,https://music.douban.com/subject/30478562/
Evanescence (A Love Letter),Varg,2019,★★★★,2019-03-04,https://music.douban.com/subject/30474346/
When You Are Not at Home,Stanislav Tolkachev,2016,★★★★,2019-02-28,https://music.douban.com/subject/26924454/
Black Block,D. Carbone,2016,★★★,2019-02-27,https://music.douban.com/subject/30277327/
Akumu,K.K.Null,2008,★★★★★,2019-02-27,https://music.douban.com/subject/5356599/
Out of the Afternoon,Roy Haynes,1996,★★★★★,2019-02-26,https://music.douban.com/subject/1872756/
Explosions in Slow Motion,bvdub,2019,★★★★★,2019-02-25,https://music.douban.com/subject/30420747/
My Heart Bleeds Black EP,Rebekah,2018,★★★★,2019-02-24,https://music.douban.com/subject/30253591/
Love Streams,Tim Hecker,2016,★★★★,2019-02-24,https://music.douban.com/subject/26721649/
Colma,Buckethead,1998,★★★★★,2019-02-23,https://music.douban.com/subject/1436684/
Kogun / 孤軍,"Toshiko Akiyoshi,Lew Tabackin Big Band",1974,★★★★★,2019-02-21,https://music.douban.com/subject/25900351/
So Far Gone,Drake,2009,★★★★,2019-02-21,https://music.douban.com/subject/3692475/
Nubians of Plutonia [Vinyl],Sun Ra,2010,★★★★★,2019-02-20,https://music.douban.com/subject/7154433/
Angels &amp; Demons at Play / 神鬼撩人,Sun Ra,1965,★★★★★,2019-02-20,https://music.douban.com/subject/26391808/
Ralf &amp; Florian / Ralf und Florian,Kraftwerk,2006,★★★★★,2019-02-18,https://music.douban.com/subject/1773810/
Vibrations,Albert Ayler,1964,★★★★★,2019-02-18,https://music.douban.com/subject/1483273/
Impressions,John Coltrane,1961,★★★★★,2019-02-18,https://music.douban.com/subject/3298096/
Doo-Bop,Miles Davis,1992,★★★★★,2019-02-15,https://music.douban.com/subject/3183307/
The Beginning of the End,UP-TIGHT,2009,★★★,2019-02-15,https://music.douban.com/subject/3920499/
Trans-Neptunian Objects 2,ASC,2018,★★★★★,2019-02-14,https://music.douban.com/subject/30423649/
Translucent Communion,Vestigial,2008,★★★★,2019-02-13,https://music.douban.com/subject/3119396/
流祖 中尾都山 尺八名演集,中尾都山,2012,★★★★,2019-02-13,https://music.douban.com/subject/25731301/
真昼顔,Tsuki No Wa,2001,★★★★,2019-02-13,https://music.douban.com/subject/3296397/
A call to all redeemers,Foundation hope,2006,★★★★,2019-02-12,https://music.douban.com/subject/1811908/
Faded Reveries,Foundation Hope,2006,★★★★★,2019-02-12,https://music.douban.com/subject/1960067/
Our God Is A Consuming Fire,Foundation Hope,2008,★★★★★,2019-02-12,https://music.douban.com/subject/3213620/
Nothing Was The Same,Drake,2013,★★★★★,2019-02-12,https://music.douban.com/subject/25705606/
Views / Views from the 6,Drake,2016,★★★★★,2019-02-12,https://music.douban.com/subject/26781114/
Vesica Piscis,Hang Playing Hedge Monkeys,2008,★★★★★,2019-02-12,https://music.douban.com/subject/5295438/
Moanin&#39;,"Art Blakey,The Jazz Messengers",1999,★★★★★,2019-02-11,https://music.douban.com/subject/1469530/
The Soft Machine,The Soft Machine,1968,★★★★★,2019-02-08,https://music.douban.com/subject/2043927/
Vocal City,Luomo,2005,★★★,2019-02-08,https://music.douban.com/subject/1903753/
BBNG,BADBADNOTGOOD,2011,★★★★,2019-02-06,https://music.douban.com/subject/10728285/
Sonny Side Up,"Dizzy Gillespie,Sonny Stitt,Sonny Rollins",1997,★★★★★,2019-02-04,https://music.douban.com/subject/3447255/
The Waves,ASC,2019,★★★★,2019-02-04,https://music.douban.com/subject/30451124/
SNTS - Across Another Dimension EP,SNTS,,★★★★★,2019-02-04,https://music.douban.com/subject/27054224/
Drift,Monoloc,2012,★★★,2019-02-03,https://music.douban.com/subject/20381662/
The Untold Way,Monoloc,2016,★★★★★,2019-02-03,https://music.douban.com/subject/26908612/
Jambo Caribe,Dizzy Gillespie,1998,★★★★★,2019-02-02,https://music.douban.com/subject/6879574/
Diz and Getz,"Dizzy Gillespie,Stan Getz",1990,★★★★★,2019-02-02,https://music.douban.com/subject/1439213/
Keep On,Luke Hess,2012,★★,2019-02-01,https://music.douban.com/subject/20273024/
Pay The Piper,Israel Vibration,2001,★★★★,2019-01-31,https://music.douban.com/subject/4944608/
Wynton Marsalis &amp; Eric Clapton Play The Blues,"Eric Clapton,温顿・马萨利斯 Wynton Marsalis",2011,★★★★★,2019-01-30,https://music.douban.com/subject/6816110/
Mort Aux Vaches,"Alva Noto,Signal,Byetone,Komet",2002,★★★★★,2019-01-29,https://music.douban.com/subject/3603884/
Loop-Finding-Jazz-Records,Jan Jelinek,2001,★★★★★,2019-01-29,https://music.douban.com/subject/1782575/
Clubhouse,Dexter Gordon,2007,★★★★★,2019-01-29,https://music.douban.com/subject/2001548/
The Glenn Miller Sessions,The Heat Death,2018,★★★★★,2019-01-28,https://music.douban.com/subject/30363775/
EABS: Repetitions (Letters to Krzysztof Komeda) (digipack) [CD],EABS,,★★★★★,2019-01-28,https://music.douban.com/subject/30130060/
Unison // Einklang,Submersion &amp; mon0,2018,★★★,2019-01-27,https://music.douban.com/subject/30400419/
Afro-Cuban Jazz Moods,Dizzy Gillespie with Machito,1991,★★★★★,2019-01-27,https://music.douban.com/subject/1436963/
Duke Ellington Meets Coleman Hawkins,"Duke Ellington,Coleman Hawkins",1995,★★★★★,2019-01-25,https://music.douban.com/subject/1771634/
Eternal Nightmare,Chelsea Grin,2018,★★★★,2019-01-25,https://music.douban.com/subject/30274501/
Starring Rosi,Ash Ra Tempel,2002,★★★★,2019-01-24,https://music.douban.com/subject/1996459/
Unieqav,Alva Noto,2018,★★★★★,2019-01-23,https://music.douban.com/subject/30159156/
Duke Ellington 1945,Duke Ellington,2002,★★★★★,2019-01-23,https://music.douban.com/subject/11638178/
Another Sleeper,Max Middleton,1979,★★★★★,2019-01-22,https://music.douban.com/subject/30280886/
Miles &amp; Coltrane,Miles Davis with John Coltrane,1990,★★★★★,2019-01-22,https://music.douban.com/subject/1808554/
Herdersmat Part 8,Various ‎,2016,★★★,2019-01-21,https://music.douban.com/subject/30416110/
A001 - Phobia EP,A001,,★★★★,2019-01-21,https://music.douban.com/subject/30238124/
I Am The Last Of All The Field That Fell: A Channel,Current 93,2014,★★★★★,2019-01-17,https://music.douban.com/subject/25822062/
BBNG2,BADBADNOTGOOD,2012,★★★★,2019-01-16,https://music.douban.com/subject/10728288/
Collapse EP,Aphex Twin,2018,★★★★,2019-01-15,https://music.douban.com/subject/30294513/
&#39;Lisn,Daniel Waples,2013,★★★★★,2019-01-15,https://music.douban.com/subject/26380578/
Lala Belu,Hailu Mergia,2018,★★★★,2019-01-15,https://music.douban.com/subject/30123500/
Devil Moon,切特·贝克 Chet Baker,2018,★★★★★,2019-01-15,https://music.douban.com/subject/30329626/
Turn To Gaia,Nthng,2017,★★★★★,2019-01-14,https://music.douban.com/subject/30132137/
Kirikyogen / 切狂言,"Kuni Kawachi,Flower Travelling Band",1970,★★★★★,2019-01-14,https://music.douban.com/subject/2275902/
Duo,"Bugge Wesseltoft,Henrik Schwarz",2011,★★★★,2019-01-14,https://music.douban.com/subject/6519355/
"From Pussies To Death In 10,000 Years Of Freakout / From Pussys T...",Flower Travelling Band,1997,★★★★,2019-01-14,https://music.douban.com/subject/3792696/
Hang In Balance,Daniel Waples,2011,★★★★★,2019-01-13,https://music.douban.com/subject/26380612/
Moa Anbessa,"Getatchew Mekuria,The Ex",2006,★★★★★,2019-01-12,https://music.douban.com/subject/3223947/
Mulatu Steps Ahead,Mulatu Astatke,2010,★★★★★,2019-01-12,https://music.douban.com/subject/4838357/
你的节拍 / Beats For Your Feet,"丹尼·卡德,Danny Cudd",2012,★★★★★,2019-01-11,https://music.douban.com/subject/11520043/
The Simulation,Born Of Osiris,2019,★★★,2019-01-11,https://music.douban.com/subject/30381916/
Primrose / プリムローズ,"铃木宏昌,Hiromasa Suzuki",1978,★★★★★,2019-01-11,https://music.douban.com/subject/24707089/
Fallout New Vegas: Original Game Soundtrack / 辐射新维加斯：原声大碟,Various Artists,2010,★★★★★,2019-01-10,https://music.douban.com/subject/21880671/
Jam Session,Charlie Parker,1990,★★★★★,2019-01-10,https://music.douban.com/subject/2361463/
Velvet b/w Boogie No. 69,BADBADNOTGOOD,2015,★★★★★,2019-01-10,https://music.douban.com/subject/30168681/
Volcano / 火山,Damien Rice,2005,★★★★★,2019-01-10,https://music.douban.com/subject/1463812/
MIZUTANI,Les Rallizes Denudes,1991,★★★★★,2019-01-10,https://music.douban.com/subject/2082257/
Japanese Melodies,Yo-Yo Ma,1990,★★★★,2019-01-09,https://music.douban.com/subject/3898511/
田園に死す / 死者田园祭 / 死在田園,"天井桟敷,J. A.シーザー J.a. Saesar,Tenjo Sajiki",2002,★★★★★,2019-01-09,https://music.douban.com/subject/2158530/
"Straight from the Heart: The Great Last Concert, Vol. 2",Chet Baker,1993,★★★★★,2019-01-08,https://music.douban.com/subject/3817592/
Unsuk Chin: 3 concertos,"Myung-whun Chung(conductor),Sunwook Kim(piano),Alban Gerhardt(cello),Wu wei(sheng),Seoul philharmonic orchestra",2014,★★★★★,2019-01-08,https://music.douban.com/subject/25950032/
My Favourite Songs - The Last Great Concert,Chet Baker,1993,★★★★★,2019-01-08,https://music.douban.com/subject/1531249/
Deliquescence,Swans,2017,★★★,2019-01-08,https://music.douban.com/subject/27052182/
Knee Deep in the North Sea,Portico Quartet,2007,★★★★★,2019-01-08,https://music.douban.com/subject/3152208/
Terminal,Zuli,2018,★★★★,2019-01-07,https://music.douban.com/subject/30370748/
Skip Step Colgen,鈴木宏昌,1977,★★★★,2019-01-07,https://music.douban.com/subject/26605353/
Colgen World,铃木宏昌,1976,★★★★★,2019-01-07,https://music.douban.com/subject/10511847/
Island,"Ana da Silva,Phew",2018,★★★★★,2019-01-07,https://music.douban.com/subject/30310819/
In a Silent Way / 以沉默的方式,Miles Davis,1969,★★★★★,2019-01-06,https://music.douban.com/subject/1437150/
Yamataifu / 邪馬台赋,Toshiyuki Miyama &amp; His New Herd: Masahiko Sato,1972,★★★★★,2019-01-05,https://music.douban.com/subject/4231107/
"山與客聽 / Mountain, Traveler, Listener","稷廬,jì lú",2019,★★★★★,2019-01-04,https://music.douban.com/subject/30418398/
Mulatu Of Ethiopia,Mulatu Astatke,2009,★★★★★,2019-01-04,https://music.douban.com/subject/3830766/
Talkatif,Antibalas,2002,★★★★★,2019-01-04,https://music.douban.com/subject/1775140/
Norwegian Wood - O.S.T.,Jonny Greenwood,2011,★★★★★,2019-01-04,https://music.douban.com/subject/6021408/
Atomin Paluu,Pan Sonic,2016,★★★★★,2019-01-04,https://music.douban.com/subject/26840095/
Dissentient,AngelMaker,2015,★★★★,2019-01-03,https://music.douban.com/subject/26344047/
Negro Swan / 黑天鵝,Blood Orange,2018,★★★★,2019-01-03,https://music.douban.com/subject/30278231/
Severed Survival,Autopsy,2003,★★★★★,2019-01-03,https://music.douban.com/subject/1888758/
Bitches Brew / 泼妇酿酒,Miles Davis,1970,★★★★★,2019-01-03,https://music.douban.com/subject/1401808/
Why Do Heathen Rage?,The Soft Pink Truth,2014,★★,2019-01-02,https://music.douban.com/subject/25908063/
西遊,"吉田达也,马木尔",2018,★★★★★,2019-01-02,https://music.douban.com/subject/30230611/
DNA Feelings,Aïsha Devi,2018,★★★,2019-01-01,https://music.douban.com/subject/30219235/
Herdersmat Part 19-22,Various ‎,2018,★★★★,2019-01-01,https://music.douban.com/subject/30413829/
Jazz at Massey Hall,"Charlie Parker,Dizzy Gillespie,Bud Powell,Max Roach,Charles Mingus",1953,★★★★★,2018-12-30,https://music.douban.com/subject/1795398/
Compositions/Improvisations / Compositions • Improvisations,Miya Masaoka,1993,★★★★★,2018-12-29,https://music.douban.com/subject/3898086/
The Architecture Of Melancholy,Peter Bjärgö,2011,★★★★★,2018-12-29,https://music.douban.com/subject/10442501/
Återstoden / Aterstoden,Bjärgö,2018,★★★★,2018-12-28,https://music.douban.com/subject/30328714/
The Coldest Season,Deepchord Presents Echospace,2007,★★★★★,2018-12-28,https://music.douban.com/subject/2277524/
祭りの幻想 / In Fiesta,白木秀雄,2005,★★★★★,2018-12-28,https://music.douban.com/subject/19972211/
We Were The Sun,Bvdub,2009,★★★,2018-12-28,https://music.douban.com/subject/4077339/
Sequins,Tomas Jirku,2000,★★,2018-12-27,https://music.douban.com/subject/3695560/
It&#39;s Hard,The Who,1981,★★★,2018-12-27,https://music.douban.com/subject/2074338/
JAM RICE RELAXIN&#39;,Jam Rice Sextet,1976,★★★★★,2018-12-26,https://music.douban.com/subject/5919094/
Musick to Play in the Dark Vol. 2,Coil,2000,★★★★,2018-12-26,https://music.douban.com/subject/1469468/
Faces Past,Yuji Kondo,2017,★★★★★,2018-12-26,https://music.douban.com/subject/27625248/
Concerto all&#39;Elfo,Demetrio Stratos,2007,★★★★★,2018-12-26,https://music.douban.com/subject/3202701/
竹の組曲 / The Suite For Shakuhachi,"山本邦山,荒川康男,前田憲男",2006,★★★★★,2018-12-26,https://music.douban.com/subject/2989588/
Druggnar,Boys Age,2018,★★★★,2018-12-26,https://music.douban.com/subject/30396977/
Reverse Of Rebirth In Universe,ACID MOTHERS TEMPLE,2018,★★★★★,2018-12-26,https://music.douban.com/subject/30392577/
Self Portrait,Joseph Capriati,2014,★★★,2018-12-26,https://music.douban.com/subject/26929721/
無明(むみょう) / Mu-Myo,"Yoriyuki Harada,Koichi Matsukaze",2003,★★★★★,2018-12-25,https://music.douban.com/subject/3533860/
Good Planets Are Hard To Find,Øresund Space Collective,2009,★★★★★,2018-12-25,https://music.douban.com/subject/4047094/
Relaxer,Alt-J,2017,★★★★,2018-12-25,https://music.douban.com/subject/26988546/
Luminous Experience,"Raison d&#39;Etre,raison d&#39;être",2008,★★★★★,2018-12-25,https://music.douban.com/subject/3241664/
For the Fallen Ones,Toroidh,2002,★★★,2018-12-25,https://music.douban.com/subject/2996860/
The Black dog - Final Collected Vexations,VA,2010,★★★,2018-12-25,https://music.douban.com/subject/5344829/
大勘定 / Daikanjyo,"明田川荘之 Shoji Aketagawa,三上寛 Kan Mikami,石塚俊明 Toshiaki Ishizuka",2002,★★★★★,2018-12-25,https://music.douban.com/subject/5171690/
kyotaku / 虚铎,"Koku Nishimura,西村虚空",1964,★★★★★,2018-12-24,https://music.douban.com/subject/25710192/
Naked City,"John Zorn,Naked City",1989,★★★★★,2018-12-24,https://music.douban.com/subject/1456483/
"LaMonte Young: The Well-Tuned Piano 81 X 25, 6:17:50 - 11:18:5...",La Monte Young,1992,★★★★★,2018-12-24,https://music.douban.com/subject/3177409/
Heaven and Earth,Kamasi Washington,2018,★★★★★,2018-12-23,https://music.douban.com/subject/30192324/
This Is All Yours / 专属于你,Alt-J,2014,★★★★,2018-12-21,https://music.douban.com/subject/25903726/
LATE NIGHT TALES: BADBADNOTGOOD,Badbadnotgood,2017,★★★★★,2018-12-21,https://music.douban.com/subject/27054764/
Karjalan Sissit,Karjalan Sissit,2003,★★★★★,2018-12-21,https://music.douban.com/subject/2997571/
Everything She Touched Turned Ampexian,Prefuse 73,2009,★★★,2018-12-20,https://music.douban.com/subject/3526245/
IV,BadBadNotGood,2016,★★★★★,2018-12-20,https://music.douban.com/subject/26796843/
disintegration (Alva Noto Remodel),坂本龙一 Sakamoto Ryūichi,2017,★★★★★,2018-12-20,https://music.douban.com/subject/27201833/
Glass,"Alva Noto,Ryuichi Sakamoto",2018,★★★★★,2018-12-20,https://music.douban.com/subject/30128602/
記憶の海 / The Other World Of Erik Satie,"Riri Shimada,Takehisa Kosugi",1982,★★★★★,2018-12-20,https://music.douban.com/subject/20267405/
Entrañas,Arca,2016,★★★★,2018-12-20,https://music.douban.com/subject/26832111/
The Snow Bunker Tapes,Death In June,2013,★★★,2018-12-19,https://music.douban.com/subject/23009482/
Essence! / 精華,Death in June,2018,★★★★,2018-12-19,https://music.douban.com/subject/30397484/
Spillane,John Zorn,1987,★★★★,2018-12-19,https://music.douban.com/subject/1770281/
Vampire State Building,Alcatraz,2002,★★★★★,2018-12-18,https://music.douban.com/subject/3669669/
Sabdatanmantra,Ramayana Soul,2016,★★★★★,2018-12-18,https://music.douban.com/subject/26795396/
III,Badbadnotgood,2014,★★★★★,2018-12-18,https://music.douban.com/subject/25859158/
Second Life EP,UVB,2016,★★★★★,2018-12-18,https://music.douban.com/subject/26832141/
All The Children Are Insane EP,Lag,2017,★★★,2018-12-18,https://music.douban.com/subject/30150156/
"Unknown / Recorded Live in New York, U.S.A. on 1992",Neil Young,1992,★★★★,2018-12-18,https://music.douban.com/subject/1727226/
Masse Mensch Material,Rome,2008,★★★★★,2018-12-18,https://music.douban.com/subject/3022856/
こけざる組曲 / Kokezaru Kumikyoku,三保敬とジャズイレブン,1971,★★★★★,2018-12-17,https://music.douban.com/subject/25701925/
Filosofem,Burzum,1996,★★★★★,2018-12-17,https://music.douban.com/subject/1470389/
ロック・ジョイント・シタール ~ 組曲 シルクロード,Hiromasa Suzuki,1973,★★★★★,2018-12-14,https://music.douban.com/subject/27120867/
銀界 / Silver World,"山本邦山,菊地雅章,Gary Peacock,村上寛",1971,★★★★★,2018-12-14,https://music.douban.com/subject/3322755/
Surrender,The Chemical Brothers,1999,★★★,2018-12-14,https://music.douban.com/subject/1401547/
The Gorilla Variations,"Molly Berg,Stephen Vitiello",2009,★★★★★,2018-12-14,https://music.douban.com/subject/3641440/
"Turn On, Tune In, Drop Out",Baby Grandmothers,2007,★★★★★,2018-12-14,https://music.douban.com/subject/6892390/
武将,菅野光亮,1976,★★★★★,2018-12-14,https://music.douban.com/subject/3032802/
Featuring the Sun Love and the Heavy Metal Thunder,Acid Mothers Temple &amp; The Pink Ladies Blues,2006,★★★,2018-12-13,https://music.douban.com/subject/3055131/
Sympathy Nervous,Sympathy Nervous,1980,★★★,2018-12-13,https://music.douban.com/subject/25921480/
Earth Mother,Koichi Matsukaze Trio,1978,★★★★★,2018-12-13,https://music.douban.com/subject/26310218/
"In Concert, Vol. 2: Live in Vancouver","Zakir Hussain,Harprad Chaurasia,Pandit Jasraj",1997,★★★★★,2018-12-13,https://music.douban.com/subject/3036439/
Soundtracks,Can,1970,★★★★★,2018-12-12,https://music.douban.com/subject/2160286/
Dense Music,Whirlpool Productions,1996,★★,2018-12-12,https://music.douban.com/subject/3645269/
Black Box No Cops,Fit of Body,2018,,2018-12-11,https://music.douban.com/subject/30257006/
Álbum Desconhecido,P. Adrix,2018,,2018-12-11,https://music.douban.com/subject/30190840/
大理石のファンタジー,haircuts for men,2016,,2018-12-11,https://music.douban.com/subject/26714216/
Neu! 4,Neu!,1995,,2018-12-11,https://music.douban.com/subject/3200125/
1982,haircuts for men,2017,,2018-12-11,https://music.douban.com/subject/30274420/
20 Jazz Funk Greats,Throbbing Gristle,1978,★★★★★,2018-12-11,https://music.douban.com/subject/1402051/
Onset of Putrefaction,Necrophagist,2004,,2018-12-10,https://music.douban.com/subject/1868351/
Hinterland,Silent Harbour,2015,,2018-12-10,https://music.douban.com/subject/26693716/
Vol. 1 -Bip-Hop Generation,2006-04-11,2006,,2018-12-10,https://music.douban.com/subject/3339742/
Wonderland,Demdike Stare,2016,★★★,2018-12-07,https://music.douban.com/subject/26920779/
Predella Avant,Predella Avant,2003,★★★★★,2018-12-07,https://music.douban.com/subject/1458205/
Complete Savoy &amp; Dial Sessions,Charlie Parker,2004,★★★★★,2018-12-06,https://music.douban.com/subject/20255009/
Colour Haze,Colour Haze,2004,★★★,2018-12-03,https://music.douban.com/subject/1891682/
Djarimirri (Child of the Rainbow),"Gurrumul,Geoffrey Gurrumul Yunupingu",2018,,2018-12-02,https://music.douban.com/subject/30388356/
Trans-Neptunian Objects,ASC,2017,★★★★,2018-12-02,https://music.douban.com/subject/27086424/
The BOSSA NOVA Years,Charlie Byrd,1991,★★★★★,2018-12-01,https://music.douban.com/subject/3130145/
Doppler Shift Pt.1,Shao,2015,★★★★★,2018-11-30,https://music.douban.com/subject/26648882/
Limitless,Black Tape for a Blue Girl,2016,★★★,2018-11-30,https://music.douban.com/subject/26838918/
Objects In Space,Organon,2014,★★★★★,2018-11-30,https://music.douban.com/subject/26316537/
A Collection Of Ancient Airs,Ancient Methods,2016,★★★★★,2018-11-29,https://music.douban.com/subject/30370741/
New York Art Quartet,New York Art Quartet,2008,★★★★★,2018-11-29,https://music.douban.com/subject/3105338/
Objekt #4,Objekt,2017,★★★,2018-11-29,https://music.douban.com/subject/27009118/
Waveform Transmission Vol.1,Jeff Mills,1992,★★★★★,2018-11-29,https://music.douban.com/subject/3434724/
John Coltrane - Coltrane / 嗑纯,John Coltrane,1962,★★★★★,2018-11-29,https://music.douban.com/subject/3930947/
A John Coltrane Retrospective: The Impulse! Years,John Coltrane,1992,★★★★★,2018-11-28,https://music.douban.com/subject/5994833/
The Black Saint and the Sinner Lady / The Black Saint And The Sin...,Charles Mingus,1963,★★★★★,2018-11-27,https://music.douban.com/subject/1469536/
Mingus at the Bohemia,Charles Mingus,1991,★★★★★,2018-11-27,https://music.douban.com/subject/1456271/
Blade Runner 2049 (Original Motion Picture Soundtrack) / 《银翼杀...,"Hans Zimmer,Benjamin Wallfisch",2017,★★★★★,2018-11-26,https://music.douban.com/subject/27164595/
Aftermath,Alphaxone &amp; Xerxes the Dark,2018,★★★★★,2018-11-26,https://music.douban.com/subject/30366887/
Family Tree,Nick Drake,2007,★★★★★,2018-11-26,https://music.douban.com/subject/2080299/
Tyrannical Hierarchy : Vol 1,Acrania,2018,★★★★★,2018-11-24,https://music.douban.com/subject/30385904/
Burial,Death in June,1984,★★★,2018-11-23,https://music.douban.com/subject/1858201/
Mask,Bauhaus,1981,★★★★,2018-11-23,https://music.douban.com/subject/1433104/
紅雀,松任谷由実,1978,,2018-11-22,https://music.douban.com/subject/4304740/
The Cycle Is Complete,Bruce Palmer,2003,★★★★★,2018-11-22,https://music.douban.com/subject/3813892/
Le Serpent Rouge,Arcana,2007,★★★★★,2018-11-21,https://music.douban.com/subject/1417955/
Absinthia Taetra,"Blood Axis,Les Joyaux De",2004,★★★★★,2018-11-21,https://music.douban.com/subject/1907629/
Victory Or Death,Folkstorm,2001,★★★★★,2018-11-21,https://music.douban.com/subject/3677326/
月光白得很,莫西子诗 Mosi,2018,★★,2018-11-21,https://music.douban.com/subject/30249881/
Light Sleep,Phew,2017,★★★★★,2018-11-21,https://music.douban.com/subject/26997285/
The Rule Of Thirds,Death In June,2008,★★★★★,2018-11-21,https://music.douban.com/subject/3014593/
Epilogues for the End of the Sky,Bvdub,2017,★★★,2018-11-20,https://music.douban.com/subject/26998684/
Heretoir,Heretoir,2011,★★★★★,2018-11-20,https://music.douban.com/subject/5919744/
Supreme Truth,Shokran,2014,★★★,2018-11-20,https://music.douban.com/subject/25836740/
New Model,Perturbator,2017,★★★★★,2018-11-20,https://music.douban.com/subject/27134680/
Tapes,High Rise,1986,★★★,2018-11-20,https://music.douban.com/subject/26656202/
99.9%,Kaytranada,2016,★★★,2018-11-20,https://music.douban.com/subject/26787122/
Peaceful Snow,Death in June,2010,★★★★★,2018-11-20,https://music.douban.com/subject/5501327/
You Were Never Really Here (Original Motion Picture Soundtrack),Jonny Greenwood,2018,★★★★★,2018-11-19,https://music.douban.com/subject/30166072/
現実を超えて,t e l e p a t h テレパシー能力者,2014,★★★★,2018-11-19,https://music.douban.com/subject/26791775/
Psychedelic Polyhedron,Mainliner,2004,★★★★★,2018-11-19,https://music.douban.com/subject/3037079/
Majestic Brewing Order / 庄严的酝酿（发射）指令,"惨惨猪,CharmCharmChu",2016,★★★,2018-11-19,https://music.douban.com/subject/26758900/
Cosmogramma,Flying Lotus,2010,★★★★,2018-11-19,https://music.douban.com/subject/4325907/
Ill Wind,Radiohead,2016,★★★★★,2018-11-16,https://music.douban.com/subject/26985260/
OK COMPUTER OKNOTOK 1997 2017,Radiohead,2017,★★★★★,2018-11-16,https://music.douban.com/subject/27035249/
Pinata,"Madlib,Freddie Gibbs",2014,★★★★,2018-11-16,https://music.douban.com/subject/25845249/
Dopamine / 多巴胺,"Dopamine,多巴胺",2010,★★★★,2018-11-15,https://music.douban.com/subject/4229017/
Drop Out of School,"Pouya,Fat Nick",2017,★★★,2018-11-15,https://music.douban.com/subject/27164068/
Reflections,Peshay ‎,2018,★★★★★,2018-11-14,https://music.douban.com/subject/30280891/
Enter The Wu-Tang (36 Chambers),Wu-Tang Clan,1993,★★★★★,2018-11-14,https://music.douban.com/subject/1458885/
Magick Brother,Gong,2004,★★★★,2018-11-13,https://music.douban.com/subject/2321545/
Unclean,Sophia,2016,★★★★★,2018-11-12,https://music.douban.com/subject/26768093/
Black Corner Den,Atrium Carceri &amp; Cities Last Broadcast,2017,★★★★★,2018-11-12,https://music.douban.com/subject/27125335/
Burn Slow,Chris Liebing,2018,★★★★★,2018-11-12,https://music.douban.com/subject/30320129/
Cocoon Crush,Objekt,2018,★★★★★,2018-11-12,https://music.douban.com/subject/30341451/
Whities 16,Giant Swan,2018,★★★,2018-11-09,https://music.douban.com/subject/30327550/
Luna,doon kanda,2018,★★★,2018-11-09,https://music.douban.com/subject/30202511/
Early Years,Up-Tight,2007,★★★★★,2018-11-08,https://music.douban.com/subject/3097608/
坂本龙一 変革の世紀 / 変革の世紀,Ryuichi Sakamoto,2002,★★★★,2018-11-08,https://music.douban.com/subject/2213052/
Vocal Studies &amp; Uprock Narratives,Prefuse 73,2001,★★★★★,2018-11-06,https://music.douban.com/subject/1437071/
When Lobster Comes Home,MACHINE WOMAN,2017,★,2018-11-06,https://music.douban.com/subject/27122201/
Stop Suffering,Tropic of Cancer,2015,★★★,2018-11-06,https://music.douban.com/subject/26654796/
水晶の舟,"水晶の舟,Suishou No Fune",2005,★★★★★,2018-11-06,https://music.douban.com/subject/3119652/
Scorpion / 天蝎座,Drake,2018,★★★★,2018-11-05,https://music.douban.com/subject/30250204/
Liber Dogma,The Black Dog,2011,★★★★★,2018-11-04,https://music.douban.com/subject/6861950/
Corvus,Recondite,2016,★★★,2018-11-04,https://music.douban.com/subject/26914608/
Visitors,EXIMIA,2018,★★★★★,2018-11-02,https://music.douban.com/subject/30182428/
Dionysus,Dead Can Dance,2018,★★★★★,2018-11-02,https://music.douban.com/subject/30318483/
Five Five,Pouya,2018,★★★,2018-10-31,https://music.douban.com/subject/30178097/
From Deewee,Soulwax,2017,★★★,2018-10-31,https://music.douban.com/subject/26972386/
Ghosts,Monolake,2012,★★★,2018-10-31,https://music.douban.com/subject/10427377/
What Happens When I Try to Relax [Import USA],Open Mike Eagle,2018,★★★★,2018-10-30,https://music.douban.com/subject/30356686/
Alone at Last,Tasha,2018,★★★★★,2018-10-30,https://music.douban.com/subject/30364469/
Suspiria (Music for the Luca Guadagnino Film) / 电影《阴风阵阵》...,Thom Yorke,2018,★★★★★,2018-10-29,https://music.douban.com/subject/30317893/
Slow Fade [VINYL],Daniel Avery,2018,★★★★★,2018-10-28,https://music.douban.com/subject/29594345/
Through the Nightfall Grandeur,Dahlia&#39;s Tear,2018,★★★★★,2018-10-26,https://music.douban.com/subject/30347217/
A Different Definition of Love,bvdub,2018,,2018-10-26,https://music.douban.com/subject/30174404/
Invisible Movies,Slipper,2000,,2018-10-24,https://music.douban.com/subject/6791800/
Retrospektiv,Thomas Brinkmann,2017,★★★,2018-10-23,https://music.douban.com/subject/27607868/
Sterbender Saty / Sterbender Satyr,Orplid,2006,★★★,2018-10-23,https://music.douban.com/subject/1786474/
December&#39;s Black Children,Les Rallizes Dénudés,1980,★★★★★,2018-10-22,https://music.douban.com/subject/3564439/
Afternoon Ragas Rotterdam 1970 / 午后拉伽 / 西塔琴大师巴内吉1970...,"Nikhil Banerjee,Kanai Dutta",1992,,2018-10-22,https://music.douban.com/subject/1456882/
"Signature Series, Vol. 4 / Rag Manj Khammaj / Rag Misra Mand","Ustad Ali Akbar Khan,Pandit Nikhil Banerjee,Pandit Mahapurush Misra",1994,★★★★★,2018-10-22,https://music.douban.com/subject/3619154/
ゆらゆら帝国のしびれ,ゆらゆら帝国,2003,★★★★,2018-10-21,https://music.douban.com/subject/1850401/
Neu! 2,Neu!,1973,★★★★★,2018-10-21,https://music.douban.com/subject/1402060/
Palingenesis,Nebelung,2014,,2018-10-19,https://music.douban.com/subject/25819467/
Neu!,Neu!,1972,★★★★★,2018-10-19,https://music.douban.com/subject/1402059/
Catch Wave,小杉武久,1975,★★★★★,2018-10-19,https://music.douban.com/subject/3005288/
4Play,Ordo Rosarius Equilibrio,2013,★★★★,2018-10-18,https://music.douban.com/subject/21325409/
Дни Самозабвения / The Days Of Self-abandonment,Neutral,2015,★★★★★,2018-10-17,https://music.douban.com/subject/26437538/
Miles to Midnight,"Atrium Carceri, Cities Last Broadcast, God Body Disconnect",2018,★★★★,2018-10-17,https://music.douban.com/subject/30121805/
The Light Is Leaving Us All,Current 93,2018,★★★★★,2018-10-16,https://music.douban.com/subject/30352028/
Late Night Jazz,切特·贝克 Chet Baker,2022,,2018-10-16,https://music.douban.com/subject/30311365/
Tomoyuki Aoki Harutaka Mochizuki / 青木智幸 望月治孝,"Tomoyuki Aoki,Harutaka Mochizuki",2014,★★★★★,2018-10-16,https://music.douban.com/subject/27035947/
Tago Mago,Can,1971,★★★★★,2018-10-16,https://music.douban.com/subject/1402064/
Let Night Come On Bells End The Day,Sarah Davachi,2018,,2018-10-13,https://music.douban.com/subject/30182312/
Post-Truth,The Black Dog,2018,★★★★★,2018-10-13,https://music.douban.com/subject/30232971/
It Never Ends,Nthng,2017,★★★★★,2018-10-13,https://music.douban.com/subject/27120980/
Delay...1968,Can,1998,★★★★★,2018-10-12,https://music.douban.com/subject/2121476/
Moonbuilding 2703 AD,The Orb,2015,,2018-10-11,https://music.douban.com/subject/26426735/
Archived 8,The Future Sound Of London,2015,,2018-10-11,https://music.douban.com/subject/26611080/
Feed Forward,Sandwell District,2010,★★★★,2018-09-27,https://music.douban.com/subject/5919869/
THE STALIN - 虫,THE STALIN ザ・スターリン,1989,★★★★★,2018-09-27,https://music.douban.com/subject/3066724/
The Jericho Records,Ancient Methods,2018,★★★,2018-09-27,https://music.douban.com/subject/30331291/
空 KONG,"蔣亮的聲音系統,JIANG LIANG",2010,★★★★★,2018-09-27,https://music.douban.com/subject/6072460/
萌し ～きざし～,巨势典子,2011,,2018-09-27,https://music.douban.com/subject/26300639/
Bush Lady,Alanis Obomsawin,2018,,2018-09-26,https://music.douban.com/subject/30249564/
Symbiosis,Demdike Stare,2009,★★★★,2018-09-25,https://music.douban.com/subject/4028649/
Liberation Through Hearing,Demdike Stare,2010,★★★★★,2018-09-25,https://music.douban.com/subject/4929684/
Xango,Farben,2011,★★★★,2018-09-24,https://music.douban.com/subject/6869544/
Anthology 1968-1993,Can,1995,★★★★★,2018-09-24,https://music.douban.com/subject/3240065/
丹红的细雨 / Cinnabar Red Drizzle,姚大钧,2006,★★★★★,2018-09-21,https://music.douban.com/subject/1937191/
Early Riser,Taylor Mcferrin,2014,★★★★★,2018-09-20,https://music.douban.com/subject/25898725/
All Pigs Must Die,Death in June,2001,★★★★★,2018-09-18,https://music.douban.com/subject/1448702/
Schmerztherapie &#39;93,Rasthof Dachau,2003,★★★★★,2018-09-18,https://music.douban.com/subject/4206733/
Rust In Peace,Megadeth,1990,★★★★★,2018-09-16,https://music.douban.com/subject/1431842/
Care,Temporex,2017,★★★★★,2018-09-14,https://music.douban.com/subject/27079954/
Lifeforms,The Future Sound Of London,1994,★★★★★,2018-09-13,https://music.douban.com/subject/1428041/
Lost In A Sea Of Trees,Wanderwelle,2017,★★★★★,2018-09-12,https://music.douban.com/subject/27103453/
后観音 / 后观音,"FM3,窦唯",2006,★★★★★,2018-09-10,https://music.douban.com/subject/1851502/
Safe In The Hands of Love,Yves Tumor,2018,★★★★★,2018-09-10,https://music.douban.com/subject/30319400/
Coffin Dodge,Ansome,2016,★★★★★,2018-09-10,https://music.douban.com/subject/26723804/
Solar Sampler,Maceo Plex,2014,★★★★,2018-09-09,https://music.douban.com/subject/26629788/
The Tesseract,Maceo Plex,2017,★★★★★,2018-09-09,https://music.douban.com/subject/27175010/
Journey To Solar,Maceo Plex,2017,★★★★,2018-09-09,https://music.douban.com/subject/26986899/
Liquorice,Stimming,2011,★★★★,2018-09-09,https://music.douban.com/subject/6067822/
Black Daisy Wheel,The Black Dog,2018,★★★★★,2018-09-09,https://music.douban.com/subject/30231658/
The Jazz Experiments of Charlie Mingus / Jazzical Moods,"Charlie Mingus,John LaPorta",1955,★★★★★,2018-09-09,https://music.douban.com/subject/5045411/
Vrioon,"Alva Noto,Ryuichi Sakamoto",2003,★★★★★,2018-09-05,https://music.douban.com/subject/3421276/
Fabric 98: Mixed By Maceo Plex,Various,2018,★★★★★,2018-09-04,https://music.douban.com/subject/30196045/
You&#39;re Dead!,Flying Lotus,2014,★★★★★,2018-09-04,https://music.douban.com/subject/25957970/
In the Studio,"Pan Sonic,Haino Keiji",2010,★★★★★,2018-09-03,https://music.douban.com/subject/4911056/
Radio Amor,Tim Hecker,2003,★★★★★,2018-09-02,https://music.douban.com/subject/1781465/
Arca / 卡仙子,Arca,2017,★★★★★,2018-09-02,https://music.douban.com/subject/26981532/
20&#39; To 2000 February,Ilpo Väisänen,1999,★★★★★,2018-09-02,https://music.douban.com/subject/3679874/
Manhatten / 20&#39; To 2000. January,Komet,1999,,2018-09-02,https://music.douban.com/subject/3656823/
Raveolution,Luca Agnelli,2018,,2018-09-02,https://music.douban.com/subject/30272189/
Sky Singing / SBKT020,Zaliva-D,2018,★★★,2018-09-02,https://music.douban.com/subject/30174402/
Tokyo &#39;96,"Keith Jarrett,Gary Peacock,Jack DeJohnette",1998,,2018-08-26,https://music.douban.com/subject/1474274/
The Blues and the Abstract Truth,Oliver Nelson,2004,★★★★★,2018-08-26,https://music.douban.com/subject/3318799/
2148,Sabled Sun,2016,★★★★★,2018-08-26,https://music.douban.com/subject/26971757/
HAPMONIYM - 1972/1975,MAGICAL POWER MAKO,2004,★★★★★,2018-08-24,https://music.douban.com/subject/2974314/
Maggot Brain,Funkadelic,1971,★★★★★,2018-08-21,https://music.douban.com/subject/1417520/
Ege Bamyasi,Can,1972,★★★★★,2018-08-21,https://music.douban.com/subject/1784638/
A Wave Of Bitterness,Peter Bjärgö,2009,★★★★★,2018-08-14,https://music.douban.com/subject/4108258/
The Very Best,Bud Powell,2005,,2018-08-13,https://music.douban.com/subject/1887697/
Laughin&#39; to Keep from Cryin&#39;,Lester Young,2000,,2018-08-12,https://music.douban.com/subject/1406470/
Monk&#39;s Dream,Thelonious Monk,1963,★★★★★,2018-08-11,https://music.douban.com/subject/1456370/
Bud Powell Trio Live In Geneva 1962 Mainstream Jazz,Bud Powell Trio,,★★★★★,2018-08-09,https://music.douban.com/subject/26281056/
Degenerating Anthropophagical Euphoria,Putridity,2011,★★★★★,2018-08-01,https://music.douban.com/subject/5350681/
A Live Tape Recorded at South Meandering River,Boys Age,2017,★★★★★,2018-07-21,https://music.douban.com/subject/27597560/
Romance Planet,Boys Age,2016,★★★★★,2018-07-21,https://music.douban.com/subject/27597581/
II,Föllakzoid,2013,★★★★,2018-07-10,https://music.douban.com/subject/20509608/
Architect of Extinction,Ingested,2015,★★★★★,2018-07-10,https://music.douban.com/subject/26304659/
Foundations,Shapist,2014,★★★,2018-07-10,https://music.douban.com/subject/25821967/
Initiate - Very Best of Boys Age Vo.2,Boys Age,2016,,2018-07-09,https://music.douban.com/subject/27059777/
A Sacred Day After Everything Has Gone,Boys Age,2017,★★★★,2018-06-26,https://music.douban.com/subject/27072902/
Astro Infinity Discothèque,ACID MOTHERS TEMPLE &amp; THE MELTING PARAISO U.F.O. FEAT. PIKA,2017,★★★★★,2018-06-22,https://music.douban.com/subject/30163321/
?,XXXTENTACION,2018,★★★★★,2018-06-20,https://music.douban.com/subject/30171762/
Forlorn Beach,Boys Age,2018,,2018-06-20,https://music.douban.com/subject/30217282/
new world pregnancy,Boys Age,2017,★★★★★,2018-06-20,https://music.douban.com/subject/27130546/
Believe,Nicole Moudaber,2013,★★★★★,2018-06-19,https://music.douban.com/subject/24694783/
In A Realized Luck Of Immanence,Ben Gibson,2009,★★★★,2018-06-19,https://music.douban.com/subject/4825132/
Executing Disappearing Modulations,Paul Birken,2013,★★★,2018-06-19,https://music.douban.com/subject/27080013/
Every Country&#39;s Sun / 烈日骄阳,Mogwai,2017,★★★★★,2018-06-17,https://music.douban.com/subject/27043319/
There Is Almost No God,Stanislav Tolkachev,2017,★★★★★,2018-06-11,https://music.douban.com/subject/27593001/
Linea Recta EP,Radial,2013,★★★★★,2018-06-11,https://music.douban.com/subject/24862480/
New Age Dystopia,Endlec ‎,2017,★★★★★,2018-06-09,https://music.douban.com/subject/30144676/
The Power &amp; The Glory Remixed,Perc,2014,★★★★★,2018-06-06,https://music.douban.com/subject/25877524/
NEVER END ROLL,GEZAN,2016,★★★★,2018-06-04,https://music.douban.com/subject/27169863/
Throbs Of Discontent,Manni Dee,2017,★★★,2018-06-04,https://music.douban.com/subject/26967150/
Hadron,Sleeparchive,2012,★★★,2018-05-23,https://music.douban.com/subject/24163944/
Karakany,"Tatsuya Yoshida,Piotr Zabrodzki",2007,,2018-05-18,https://music.douban.com/subject/19935716/
９８．１２．２８ 男達の別れ,FISHMANS,1999,★★★★★,2018-05-18,https://music.douban.com/subject/3026456/
TNT,Tortoise,1998,★★★★★,2018-04-30,https://music.douban.com/subject/1408337/
Luminosity Device,Surgeon,2018,★★★★★,2018-04-28,https://music.douban.com/subject/30200812/
Electric Dream Ecstasy,Acid Mothers Temple &amp; The Melting,2018,★★★★,2018-04-27,https://music.douban.com/subject/30202191/
Direct Memory Access,MASTER BOOT RECORD,2018,★★★★,2018-04-23,https://music.douban.com/subject/30202416/
C​:​\​&gt;CHKDSK /F,Master Boot Record,2016,★★★★,2018-04-20,https://music.douban.com/subject/26887650/
9,Damien Rice,2006,★★★★★,2018-04-03,https://music.douban.com/subject/1889074/
壊滅悲しみ / 壊滅悲しみ,haircuts for men,2016,★★★★★,2018-03-05,https://music.douban.com/subject/26777400/
There Are Places You&#39;ll Never Be / There Are Places You&#39;ll Never ...,haircuts for men,2017,★★★★★,2018-03-05,https://music.douban.com/subject/27613685/
The Humming Tapes,Cities Last Broadcast,2016,★★★★★,2018-01-30,https://music.douban.com/subject/26822016/
Are You Anywhere,submerse,2017,★★★,2018-01-25,https://music.douban.com/subject/27120638/
Voice Hardcore / 声音硬核,Phew,2018,★★★★★,2018-01-25,https://music.douban.com/subject/30125360/
Herdersmat,Various,2017,★★★★★,2018-01-23,https://music.douban.com/subject/27189695/
Heralds,Wordclock,2017,★★★★,2018-01-19,https://music.douban.com/subject/27602840/
Red Moon,Phonothek,2017,★★★★★,2018-01-13,https://music.douban.com/subject/27074468/
The Day Before the Sky Fell In,Acid Mothers Temple &amp; the Melting Paraiso U.F.O.,2006,★★★★★,2017-12-26,https://music.douban.com/subject/2036307/
Eureka / 尤瑞卡,きのこ帝国,2013,★★★,2017-12-24,https://music.douban.com/subject/20452903/
The Scavenger Bride,Black Tape For A Blue Girl,2002,★★★,2017-12-22,https://music.douban.com/subject/1418724/
Hundred Sights of Koenji / 高円寺百景,Koenjihyakkei,1994,★★★★,2017-12-19,https://music.douban.com/subject/2263177/
Sound Of The Sea,Hijokaidan,1997,★★★★★,2017-12-12,https://music.douban.com/subject/2238920/
St.Captain Freak Out And The Magic Bamboo Request,Acid Mothers Temple &amp; The Melting Paraiso U.F.O.,2002,★★★★,2017-12-11,https://music.douban.com/subject/3391002/
Faded Heart,Mushy,2011,★★★,2017-12-11,https://music.douban.com/subject/6265785/
MAID&#39;S PRAYER SOUNDS LIKE DA-DA-DA! / 乙女の祈りはダッダ...,水玉消防団,1981,★★★★,2017-12-11,https://music.douban.com/subject/6791579/
Hong Kong Express,HKE,2016,★★★★★,2017-12-09,https://music.douban.com/subject/26960086/
Forlatt,Vàli,2004,★★★★★,2017-12-06,https://music.douban.com/subject/1958442/
Songs From the Inverted Womb,Sopor Aeternus,2001,★★★,2017-11-29,https://music.douban.com/subject/1422043/
Absolutely Imagination,下山 Gezan,2017,★★★,2017-11-28,https://music.douban.com/subject/27092141/
Live Gyakuryu Kokou - Kousokuya Live at 91.12.30 / 逆流虚空,光束夜,2004,★★★★★,2017-11-27,https://music.douban.com/subject/2310140/
阿呆船,阿呆船,2007,★★★★★,2017-11-27,https://music.douban.com/subject/3263064/
Live In Nagoya,Acid Mothers Gong,2006,★★★★★,2017-11-24,https://music.douban.com/subject/2249136/
御縁,"友川かずき,三上寛",1994,★★★★★,2017-11-23,https://music.douban.com/subject/2162790/
META-INORGANICMATTER META-NEWLON,TOUKASEIBUNSHI 透過性分子,2009,★★★★,2017-11-23,https://music.douban.com/subject/3446873/
Snuffbox Immanence,Ghost,1999,★★★★,2017-11-23,https://music.douban.com/subject/1469614/
Son Of A Lady,Hope Sandoval &amp; The Warm Inventions,2017,★★★★★,2017-11-18,https://music.douban.com/subject/27110298/
F*a*Oo [12 inch Analog],Godspeed You Black Emperor,1998,★★★★★,2017-11-16,https://music.douban.com/subject/3249740/
Cinder,Dirty Three,2005,★★★★★,2017-11-15,https://music.douban.com/subject/1422133/
Garden of the Arcane Delights,Dead Can Dance,1984,★★★★★,2017-11-09,https://music.douban.com/subject/3188284/
The Leftovers (Music from the HBO® Series) Season 2,Max Richter,2016,★★★★,2017-11-08,https://music.douban.com/subject/26731355/
Gradual Disappearance / Slope - Gradual Disappearance,"David Moss,Fred Frith,Tenko",1987,★★★★★,2017-11-04,https://music.douban.com/subject/4010484/
Red Before Black,Cannibal Corpse,2017,★★★★★,2017-11-04,https://music.douban.com/subject/27163360/
Transformer,Lou Reed,1972,★★★★,2017-11-03,https://music.douban.com/subject/1905862/
Oceania,The Smashing Pumpkins,2012,★★★,2017-11-03,https://music.douban.com/subject/10568879/
Time Without Consequence,Alexi Murdoch,2009,★★★★,2017-11-02,https://music.douban.com/subject/6843231/
Back to Beginning,Damien Rice,2010,★★★★,2017-11-02,https://music.douban.com/subject/4281872/
Sambandh,Zakir Hussain,1998,★★★★★,2017-11-02,https://music.douban.com/subject/3344626/
Elements: Space,Zakir Hussain,1996,★★★★,2017-11-02,https://music.douban.com/subject/3755395/
Nas Fragas do Río Eume - 10&#39; / In the woods of the River Eume,"Sangre de Muérdago,槲寄生之血",2014,★★★★★,2017-11-02,https://music.douban.com/subject/25854312/
Within The Depths Of Silence &amp; Phormations,Raison D&#39;etre,1996,★★★★★,2017-11-01,https://music.douban.com/subject/1442685/
Excuses For Travellers / 旅人的藉口,Mojave 3,2000,★★★★★,2017-11-01,https://music.douban.com/subject/1395323/
Saphir / Saphyr / Saphir,Ataraxia,2004,★★★★,2017-11-01,https://music.douban.com/subject/1446975/
Resurrection: the Return of a King / The Return Of A King,In Slaughter Natives,2004,★★★★★,2017-11-01,https://music.douban.com/subject/1443550/
Ordo Ad Chao,Mayhem,2007,★★★,2017-10-31,https://music.douban.com/subject/2032299/
Live From The Union Chapel,Damien Rice,2007,★★★★★,2017-10-27,https://music.douban.com/subject/1455381/
B - Sides,Damien Rice,2004,★★★★★,2017-10-27,https://music.douban.com/subject/1396321/
Os Segredos da Raposa Vermella / 赤狐的秘密,Sangre de Muerdago,2016,★★★★★,2017-10-26,https://music.douban.com/subject/26880230/
Roma Amor,Roma Amor,2008,★★★★★,2017-10-26,https://music.douban.com/subject/3211572/
Frisson,Fizzarum,2017,★★,2017-10-26,https://music.douban.com/subject/27070984/
Die4.Generation,Hypnoskull,2017,★★★,2017-10-26,https://music.douban.com/subject/27177336/
A Prelude to Lashtal Lace [VINYL],Coph Nia,,★★★,2017-10-26,https://music.douban.com/subject/26286119/
Stonegates Of Silence,"Wolfskin,Last Industrial Estate",2010,★★★★,2017-10-25,https://music.douban.com/subject/5322965/
Only Europa Knows,"Death In June,Kapo!",1999,★★★★★,2017-10-25,https://music.douban.com/subject/3429557/
And So I Watch You From Afar,And So I Watch You From Afar,2009,★★★,2017-10-25,https://music.douban.com/subject/3584645/
CLASSROOM SEXXTAPE,death&#39;s dynamic shroud.wmv,2016,★★★★★,2017-10-25,https://music.douban.com/subject/27013920/
I&#39;ll Try Living Like This,death&#39;s dynamic shroud.wmv,2015,★★★★★,2017-10-25,https://music.douban.com/subject/27013918/
Instinct,Mandalay,2000,★★★,2017-10-25,https://music.douban.com/subject/1460392/
The Electric Warlock Acid Witch Satantic Orgy,Rob Zombie,2016,★★★,2017-10-24,https://music.douban.com/subject/26782560/
A Way To The Empire Of Light,Wappenbund,2013,★★★,2017-10-24,https://music.douban.com/subject/25900516/
Transition State,Dub Taylor,2012,★★★,2017-10-23,https://music.douban.com/subject/24856226/
Kodama,Alcest,2016,★★★★,2017-10-22,https://music.douban.com/subject/26844648/
Mueran Humanos,Mueran Humanos,2010,★★,2017-10-20,https://music.douban.com/subject/5986019/
Information Blitzkrieg,Folkstorm,1999,★★★★★,2017-10-20,https://music.douban.com/subject/2049200/
An Act Of Self Mutilation Is An Act Of Freedom,IRM,2003,★★★★,2017-10-18,https://music.douban.com/subject/4826868/
The Immaculate Manipulation,ESA,2009,★★★★,2017-10-18,https://music.douban.com/subject/4169656/
"The Dark, Dark Bright",There Will Be Fireworks,2013,★★★,2017-10-18,https://music.douban.com/subject/25784643/
The Decline And Fall Of…,Versa,2010,★★★★,2017-10-17,https://music.douban.com/subject/10438249/
Synapse,Angel Vivaldi,2017,★★★★★,2017-10-17,https://music.douban.com/subject/27168820/
Dear Desolation,Thy Art Is Murder,2017,★★★★★,2017-10-16,https://music.douban.com/subject/27072099/
Pathology,Pathology,2017,★★★★,2017-10-16,https://music.douban.com/subject/27094723/
Blood Red Fog,Blood Red Fog,2006,★★★★,2017-10-16,https://music.douban.com/subject/3408249/
Dimensional Space,cv313,2013,★★★★,2017-10-16,https://music.douban.com/subject/25770472/
Lembranzas dende o Lado Salvaxe / Memories From The Wild Side,"Sangre de Muerdago,槲寄生之血",2015,★★★★★,2017-10-12,https://music.douban.com/subject/26367133/
Concentricity,Stewart Walker,2007,★★★,2017-10-12,https://music.douban.com/subject/2163137/
Spin The Bottle,Neil Halstead,2013,★★★,2017-10-12,https://music.douban.com/subject/24697193/
Real 2 Reel,Beroshima,2013,★★★★,2017-10-10,https://music.douban.com/subject/25863361/
Release The Bats,The Birthday Party,1983,★★★★★,2017-10-09,https://music.douban.com/subject/4170877/
Minus Orange,Richie Hawtin,1999,★★★★,2017-10-09,https://music.douban.com/subject/3928662/
Apocalypse,HKE,2015,,2017-10-07,https://music.douban.com/subject/27070696/
Sound of the Third Season,"Richie Hawtin,Sven Vath",2002,★★★★★,2017-10-07,https://music.douban.com/subject/1867635/
DE9: Transitions,Richie Hawtin,2005,★★★★★,2017-10-06,https://music.douban.com/subject/1786848/
Nausea,Heroin And Your Veins,2009,★★★★,2017-10-04,https://music.douban.com/subject/3783659/
Basic,Ruby My Dear,2017,★★★★★,2017-08-17,https://music.douban.com/subject/27111316/
ギター・ソロ 2015 Left / Guitar Solo 2015 LEFT,大友良英,2015,★★★★★,2017-08-12,https://music.douban.com/subject/26394282/
Seishinbyouin,Atrium Carceri,2004,★★★★★,2017-08-04,https://music.douban.com/subject/2043269/
Be Left To Oneself,Keosz,2016,★★★★★,2017-08-03,https://music.douban.com/subject/26771503/
The Wrong Room,Black Sun Empire,2017,★★★★★,2017-08-02,https://music.douban.com/subject/27103426/
再见珍妮 / Return Journey,Monster KaR,2015,★★,2017-07-26,https://music.douban.com/subject/26290644/
Floating Flower 1st,Floating Flower,1998,★★★★★,2017-07-25,https://music.douban.com/subject/3012153/
三更,ID Cℎίℯƒ,2015,,2017-07-25,https://music.douban.com/subject/27075834/
スーパーセックス永遠にSUPERSEX420,スーパーセックス永遠にSUPERSEX420,2014,,2017-07-25,https://music.douban.com/subject/26693759/
Cell-Scape,Melt-Banana,2003,★★★★★,2017-07-23,https://music.douban.com/subject/1783960/
Idolatry Of the Unethical,Cerebral Effusion,2014,,2017-07-21,https://music.douban.com/subject/25919016/
Promo 2011,Cephalotripsy,2011,,2017-07-21,https://music.douban.com/subject/7065011/
Fabric 65,Matthias Tanzmann,2012,★★★★,2017-07-21,https://music.douban.com/subject/20433551/
The Soft Moon,the Soft Moon,2011,★★★★★,2017-07-07,https://music.douban.com/subject/6972987/
Union Black,Skindred,2011,,2017-06-29,https://music.douban.com/subject/6060375/
One,Ben Klock,2009,★★★★★,2017-06-21,https://music.douban.com/subject/3425881/
Phantom Studies,Dettmann &amp; Klock,2017,★★★★,2017-06-21,https://music.douban.com/subject/26964391/
軌跡,"DJ KRUSH,R-指定,OMSB,志人,5lack,チプルソ,Meiso,RINO LATINA II,呂布カルマ",2017,★★★★★,2017-06-10,https://music.douban.com/subject/27015039/
Ask Me Tomorrow / 明天你再来问我嘛,Mojave 3,1996,★★★★★,2017-06-08,https://music.douban.com/subject/1397543/
"Speed, Glue and Shinki","Speed, Glue and Shinki",1998,★★★,2017-05-29,https://music.douban.com/subject/3298713/
New Tab,Khotin,2017,★★★,2017-05-26,https://music.douban.com/subject/27053788/
Bambi&#39;s Dilemma,Melt Banana,2007,★★★★★,2017-05-24,https://music.douban.com/subject/2063080/
Beyond,Omnium Gatherum,2013,★★★★,2017-05-21,https://music.douban.com/subject/20501012/
Reggae Greats,Black Uhuru,1990,★★★★,2017-05-18,https://music.douban.com/subject/3758656/
Balloon Collector In The Wilderness,"暴力温泉芸者,Violent Onsen Geisha",1995,★★★,2017-05-15,https://music.douban.com/subject/5342171/
Teenage Pet Sounds [RARE],"暴力温泉芸者,Violent Onsen Geisha",1996,★★★,2017-05-14,https://music.douban.com/subject/3757793/
When The Headline Hit Home,Our Ceasing Voice,2011,★★★★,2017-05-14,https://music.douban.com/subject/5388597/
Terraforming,Wide Eyes,2015,★★★★,2017-05-13,https://music.douban.com/subject/26332564/
Constant Power,Shed,2015,★★★,2017-05-12,https://music.douban.com/subject/26434407/
Pride/Fall,Noumena,,★★★,2017-05-12,https://music.douban.com/subject/1871954/
Lanterns,DeepChord,2014,★★★★★,2017-05-07,https://music.douban.com/subject/25909755/
O Camiño das Mans Valeiras / The Road of Empty Hands,"Sangre de Muerdago,槲寄生之血",2015,★★★★★,2017-05-01,https://music.douban.com/subject/26420314/
Roots,Sepultura,1996,★★★,2017-04-30,https://music.douban.com/subject/1777021/
Drift,ERRA,2016,★★★★★,2017-04-17,https://music.douban.com/subject/26744637/
かつて うた といわれたそれ / It Was Once Said to Be a...,下山 Gezan,2012,★★★★★,2017-04-17,https://music.douban.com/subject/11498286/
Ignominious Atonement,Putridity,2015,★★★★★,2017-04-15,https://music.douban.com/subject/26606873/
Fabric 69,Sandwell District,2013,★★★★,2017-04-15,https://music.douban.com/subject/23780916/
Turning Dragon,Clark,2008,★★★,2017-04-14,https://music.douban.com/subject/2969227/
"「时间」十年特辑：歌选 (上) / A Songbook for You, Par...",白水,2017,★★★★★,2017-04-08,https://music.douban.com/subject/27014294/
Shadow,Mister Lies,2014,★★★,2017-04-07,https://music.douban.com/subject/26228356/
More Life,Drake,2017,★★★★★,2017-04-04,https://music.douban.com/subject/27000962/
Where Next? (Sampler Single One),Sandwell District,2010,★★★★,2017-04-03,https://music.douban.com/subject/11531464/
The Way We Were / 啧！喂喂我！,The Yours,2012,★★★★,2017-03-31,https://music.douban.com/subject/11531250/
Son Of A Bitches Brew,Acid Mothers Temple &amp; The Melting Paraiso U.F.O.,2012,★★★,2017-03-28,https://music.douban.com/subject/10602859/
Crystal Rainbow Pyramid Under the Stars,Acid Mothers Temple &amp; Melting Paraiso UFO,2007,★★★★★,2017-03-28,https://music.douban.com/subject/2132322/
The Soul Of A Mountain Wolf,Acid Mothers Temple &amp; the Pink Ladies Blues,2007,★★★★★,2017-03-28,https://music.douban.com/subject/3160115/
白夜 / White Night,"吹万,Chui Wan",2012,★★★,2017-03-28,https://music.douban.com/subject/20280827/
After Soul,The Jazzment,2011,★★★★,2017-03-27,https://music.douban.com/subject/25729481/
The Circle,Heretoir,2017,★★,2017-03-23,https://music.douban.com/subject/27005585/
More Life: A Playlist By October Firm,Drake,2017,★★★★★,2017-03-21,https://music.douban.com/subject/26999241/
Maru-Sankaku-Shikaku 1971-1973 / 圆-三角-正方形 / Circle Triangle...,Maru Sankaku Shikaku,2001,★★★★★,2017-03-17,https://music.douban.com/subject/2298343/
Airport,Atlon Inc.,2004,★★★,2017-03-13,https://music.douban.com/subject/4196447/
Merciless,Andy Stott,2006,★★★★,2017-02-28,https://music.douban.com/subject/1894503/
凸-DECO-,下山 Gezan,2014,★★★★★,2017-02-28,https://music.douban.com/subject/25835162/
The Eternal Reign,Born Of Osiris,2017,★★★★,2017-02-28,https://music.douban.com/subject/26976075/
Too Many Voices,Andy Stott,2016,★★★★,2017-02-28,https://music.douban.com/subject/26764042/
Movements,Max Cooper &amp; Nicolas Bougaieff,2013,★★★★★,2017-02-01,https://music.douban.com/subject/23858229/
Exodus,Shokran,2016,★★★★★,2017-01-25,https://music.douban.com/subject/26877678/
Dub Side of the Moon,Easy Star All-Stars,2003,★★★★★,2017-01-17,https://music.douban.com/subject/1473022/
Bosnia,Bosnia,1996,★★★,2017-01-16,https://music.douban.com/subject/3201992/
My Way,Akufen,2002,★★★★★,2017-01-12,https://music.douban.com/subject/2257376/
Rainy Days,Erik Jackson,2012,★★★★★,2017-01-11,https://music.douban.com/subject/10742495/
Locus Arcadia,"Randal Collier-Ford,Flowers for Bodysnatchers,Council of Nine,God Body Disconnect",2016,★★★,2017-01-10,https://music.douban.com/subject/26844061/
W/The Artists,Rhythm &amp; Sound,2003,★★★★★,2017-01-10,https://music.douban.com/subject/3390190/
In and Out,Daniel Maloso,2012,★★,2017-01-10,https://music.douban.com/subject/19981518/
御宅MOBB : 御宅-OTAKU MOBBIN’,YoungQueenz,2016,★★★,2017-01-09,https://music.douban.com/subject/26876676/
From Here We Go Sublime,The Field,2007,★★★★★,2017-01-06,https://music.douban.com/subject/2035026/
屋上から,kyooo,2014,★★★,2017-01-03,https://music.douban.com/subject/25924209/
Zakir Hussain &amp; The Rhythm Experience,Zukair Hussain &amp; The Rhythm Experience,1992,★★★,2016-12-30,https://music.douban.com/subject/2268108/
Campo Di Marte,Campo Di Marte,2006,★★★★★,2016-12-29,https://music.douban.com/subject/2269066/
Not the Actual Events,Nine Inch Nails,2016,★★★,2016-12-26,https://music.douban.com/subject/26940960/
Cataclasm,Crywolf,2015,★★★,2016-12-26,https://music.douban.com/subject/26923756/
Monochrome Skies,Epidemic,2012,★★★★,2016-12-26,https://music.douban.com/subject/20276573/
Worlds remixed,Porter Robinson,2015,★★★,2016-12-26,https://music.douban.com/subject/26637397/
It&#39;s Yours to Keep,Loquat,2005,★★,2016-12-26,https://music.douban.com/subject/1468358/
Moroccan Sunrise,Borrah And Borrah And Mad ProfessorMad Professor,2010,★★★★★,2016-12-26,https://music.douban.com/subject/6021687/
Rain Temple,２８１４,2016,★★★★★,2016-12-25,https://music.douban.com/subject/26848260/
鳥が歌う,kyooo,2012,★★★★,2016-12-17,https://music.douban.com/subject/10464794/
Friends &amp; Family 2 / Cult Classic Records - Friends &amp; Family 2,Cult Classic Records,2013,★★★★★,2016-12-13,https://music.douban.com/subject/24865865/
Organic.Aural.Ornaments,Empusae &amp; Shinkiro,2011,★★★★★,2016-12-12,https://music.douban.com/subject/5988568/
WAT,Laibach,2003,,2016-12-12,https://music.douban.com/subject/1418759/
FLORAL SHOPPE,MACINTOSH PLUS,2011,★★★,2016-11-21,https://music.douban.com/subject/11607395/
これは魂のために,Windows 98の,2015,★★★★★,2016-11-18,https://music.douban.com/subject/26648066/
Short Stories,Sam Gellaitry,2015,★★★★,2016-11-09,https://music.douban.com/subject/26359989/
Light &amp; Dark Remixed,Lee Coombs,2010,★★★★★,2016-11-07,https://music.douban.com/subject/5376670/
新しい日の誕生,２８１４,2015,★★★★★,2016-10-27,https://music.douban.com/subject/26316603/
Dreamz Come True,Jimmy Edgar,2016,★★★,2016-10-25,https://music.douban.com/subject/26827645/
Eclipse,Late Night Alumni,2015,★★★,2016-10-20,https://music.douban.com/subject/26419135/
"More Oxygen, I Said...",Mooncake,2011,★★★★★,2016-10-19,https://music.douban.com/subject/6863363/
Tibi Et Igni,Vader,2014,★★★,2016-10-12,https://music.douban.com/subject/25859884/
DIGIDIGI LALA,カコイミク,2009,★★,2016-10-11,https://music.douban.com/subject/3799992/
Half The World Is Watching Me,Mew,2007,★★★★,2016-10-10,https://music.douban.com/subject/2212021/
Rosa,Thomas Brinkmann,2000,★★★,2016-10-06,https://music.douban.com/subject/1798442/
光となづけよう / Naziranai,"不失者,Fushitsusha",2012,★★★,2016-09-30,https://music.douban.com/subject/10745369/
蔵六の奇病,非常階段,1982,★★★,2016-09-30,https://music.douban.com/subject/3099033/
Ray Night Live 1991-1992,"光束夜,Kousokuya",1996,★★★★★,2016-09-29,https://music.douban.com/subject/2298413/
寄り添い合いし　秩序と無秩序の気配かな / Drawi...,"Derek Bailey,Keiji Haino",1997,★★★★★,2016-09-29,https://music.douban.com/subject/3012190/
まぶしい いたずらな祈り / Mabushii Itazurana Inori,不失者,2012,★★★★,2016-09-29,https://music.douban.com/subject/19965650/
A Document Film Of Keiji Haino,不失者 Fushitsusha,2012,★★★★,2016-09-28,https://music.douban.com/subject/25899905/
Philtre,Nitin Sawhney,2006,★★★★★,2016-09-20,https://music.douban.com/subject/2975924/
Sonic Nurse,Sonic Youth,2004,★★★★★,2016-09-18,https://music.douban.com/subject/1394933/
"High On New Heaven, Live In New Haven",Acid Mothers Temple &amp; The Melting Paraiso U.F.O.,2015,★★★★★,2016-09-18,https://music.douban.com/subject/26348472/
Totalitarian Dystopia,Acrania,2014,★★★★★,2016-09-07,https://music.douban.com/subject/25961306/
The Gift Of Life,Dreamshade,2013,★★★,2016-08-30,https://music.douban.com/subject/20398025/
Steadied Stars In The Morphium Sky [Ep],Our Ceasing Voice,2009,★★★★★,2016-08-22,https://music.douban.com/subject/3424332/
Ruines Humaines,Amesoeurs,2006,★★★,2016-08-22,https://music.douban.com/subject/2068453/
小夢大半,陳粒,2016,★★★,2016-08-09,https://music.douban.com/subject/26837048/
Iron Dawn,Marduk,2011,★★★★,2016-06-29,https://music.douban.com/subject/6401315/
ぎがばなな ざ べすと ～NORISHIO味～,"ギガ,おればなな,ななひら,れをる,96猫,そらる,kradness,ヲタみん,グリリ,りぶ",2013,★★★,2016-06-29,https://music.douban.com/subject/24872867/
A Moon Shaped Pool / 月形洼,收音机头 Radiohead,2016,★★★★★,2016-05-09,https://music.douban.com/subject/26788783/
TKOL RMX 1234567,Radiohead,2011,★★★★★,2016-05-08,https://music.douban.com/subject/6793265/
Daydreaming,Radiohead,2016,★★★★★,2016-05-08,https://music.douban.com/subject/26788121/
Burn The Witch,Radiohead,2016,★★★★★,2016-05-08,https://music.douban.com/subject/26785599/
Spectre,Radiohead,2015,★★★★★,2016-05-08,https://music.douban.com/subject/26696769/
Malfeitor,MZ.412,1989,★★★,2016-04-10,https://music.douban.com/subject/1798284/
Av Hjord Är Du Kommen,Analfabetism,2015,★★★★,2016-04-10,https://music.douban.com/subject/26737305/
Awake,Julian Marley,2009,★★★★,2016-02-27,https://music.douban.com/subject/3744782/
Serious Matter,U-Roy,,★★★,2016-02-26,https://music.douban.com/subject/5327123/
Murder Tone,Dub Syndicate,2002,★★★,2016-02-25,https://music.douban.com/subject/25886704/
Trinity,Fox Capture Plan,2013,★★★★★,2016-02-25,https://music.douban.com/subject/23260577/
My Story,Volor Flex,2012,★★★★,2016-02-25,https://music.douban.com/subject/10770132/
Antiliv,Tsjuder,2015,★★★★,2016-02-25,https://music.douban.com/subject/26611985/
Nachzehrer,Satanic Warmaster,2010,★★★★,2016-02-25,https://music.douban.com/subject/5249693/
瀬田なつき×木下美紗都 SOUNDTRACKS,木下美紗都,2011,★★★,2016-02-25,https://music.douban.com/subject/5918483/
Portishead / 同名專輯,Portishead,1997,★★★★,2016-02-05,https://music.douban.com/subject/1394645/
Two City Blues 1,"Peter Brotzmann,灰野敬二 Keiji Hain,Jim O&#39;Rourke Jim O&#39;Rourke",2015,★★★★,2016-01-19,https://music.douban.com/subject/26338290/
Outback,High Tone,2010,★★★★★,2016-01-19,https://music.douban.com/subject/4847803/
指一本で倒されるだろう,秋山羊子,2006,★★★★★,2016-01-16,https://music.douban.com/subject/1940759/
Welcome to Jamrock,"Damian &#34;Jr. Gong&#34; Marley,Damian Marley",2005,★★★★★,2016-01-14,https://music.douban.com/subject/1757257/
The Last Party,The Hampdens,2008,★★★,2016-01-13,https://music.douban.com/subject/3072384/
Dead City Deathcore / Dead City Deathcore,Chamber of Malice,2013,★★★,2016-01-10,https://music.douban.com/subject/26701396/
Live Legacy,Dissection,2003,★★★★,2016-01-08,https://music.douban.com/subject/1797998/
Angelus Exuro Pro Eternus,Dark Funeral,2009,★★★★,2015-12-28,https://music.douban.com/subject/4082821/
Soul Sphere,Born Of Osiris,2015,★★★★★,2015-12-15,https://music.douban.com/subject/26609832/
De Mysteriis Dom Sathanas,Mayhem,1994,★★★★★,2015-12-08,https://music.douban.com/subject/1428894/
Transcend reality,ænimus,2013,★★★★★,2015-12-03,https://music.douban.com/subject/25867370/
Reflection,ForTiorI,2014,★★★,2015-11-19,https://music.douban.com/subject/25965652/
Mellon Collie And The Infinite Sadness,The Smashing Pumpkins,1995,★★★★★,2015-11-14,https://music.douban.com/subject/1394848/
Hate,Thy Art Is Murder,2012,★★★★★,2015-11-13,https://music.douban.com/subject/20254567/
Acres of Space,Dub Syndicate,2001,★★★★★,2015-10-31,https://music.douban.com/subject/5042704/
Miracle / 奇迹,Blackmill,2012,★★★★,2015-10-08,https://music.douban.com/subject/7803614/
The Price of Existence,All Shall Perish,2006,★★★★★,2015-10-06,https://music.douban.com/subject/2283230/
Weathered Straight,Charles Murdoch,2013,★★★★★,2015-10-06,https://music.douban.com/subject/25939316/
青蛇,Eddie Beatz,2014,★★★,2015-09-29,https://music.douban.com/subject/26486273/
Heavyweight Dub Champion,Scientist,1992,★★★★★,2015-09-25,https://music.douban.com/subject/2173755/
Wind At Mount Elo,Ataraxia,2014,,2015-08-23,https://music.douban.com/subject/25938159/
Songs From The Living Dead,"Donny,Unknown Error",2012,★★★★★,2015-08-20,https://music.douban.com/subject/20433868/
On the Rock,Israel Vibration,1995,★★★★,2015-08-15,https://music.douban.com/subject/4834365/
Abnegate,Signal The Firing Squad,2012,★★★★★,2015-08-15,https://music.douban.com/subject/10808288/
Harsh Generation,Grendel,2007,★★★★★,2015-08-04,https://music.douban.com/subject/3169517/
Throne of Reign,Pathology,2014,★★★★★,2015-07-31,https://music.douban.com/subject/25961370/
Lords of Rephaim,Pathology,2013,★★★★,2015-07-30,https://music.douban.com/subject/25736830/
The Last Sunset,Breakdown Of Sanity,2009,★★★★,2015-07-07,https://music.douban.com/subject/5373735/
Uprising,Bleed From Within,2013,★★★★,2015-07-03,https://music.douban.com/subject/22403056/
Just Be,Tiësto,2004,★★★,2015-07-03,https://music.douban.com/subject/1417408/
Easy Star&#39;s Lonely Hearts Dub Band,Easy Star All-Stars,2009,★★★,2015-07-03,https://music.douban.com/subject/3616384/
Radiodread,Easy Star All Stars,2006,★★★★,2015-07-03,https://music.douban.com/subject/1839532/
King Tubbys Meets Rockers Uptown,"Augustus Pablo,King Tubby",1977,★★★★★,2015-07-01,https://music.douban.com/subject/1771959/
The Game of Life,Arsonists Get All the Girls,2007,★★★★,2015-06-02,https://music.douban.com/subject/2244361/
Lights &amp; Wires,Black Sun Empire,2010,★★★★★,2015-05-18,https://music.douban.com/subject/5365924/
My Favourite Faded Fantasy,Damien Rice,2014,★★★★★,2015-05-11,https://music.douban.com/subject/25978697/
Weapons of War,DJ Antention,2011,★★★,2015-05-06,https://music.douban.com/subject/22772277/
True Stories,Vidna Obmana &amp; Jeff Pearce,1999,★★★,2015-05-05,https://music.douban.com/subject/2246741/
In the Flat Field,Bauhaus,1980,★★★★★,2015-04-30,https://music.douban.com/subject/2059581/
Pink Moon,Nick Drake,1972,★★★★★,2015-04-27,https://music.douban.com/subject/1395481/
Passenger,RQTN,2013,★★★,2015-04-24,https://music.douban.com/subject/21370990/
Hidden Neighbors EP,Mister Lies,2012,★★★,2015-04-23,https://music.douban.com/subject/10740664/
Pulver,Lifelover,2006,★★,2015-04-18,https://music.douban.com/subject/2299557/
"Asunder, Sweet And Other Distress",Godspeed You! Black Emperor,2015,★★★★★,2015-04-18,https://music.douban.com/subject/26330909/
8 ½ – Feberdrömmar I Vaket Tillstånd,Shining,2013,★★★★★,2015-04-17,https://music.douban.com/subject/25660143/
World of Tomorrow,Genetic Selection,2008,★★★★,2015-03-12,https://music.douban.com/subject/3525942/
Darwin&#39;s Voyage,Genetic Selection,2005,★★★,2015-03-12,https://music.douban.com/subject/4219743/
StarSystems EP,StarSystems,2014,,2015-02-21,https://music.douban.com/subject/26288636/
Periphery,Periphery,2010,★★★★★,2015-02-14,https://music.douban.com/subject/4720936/
obZen,Meshuggah,2008,★★★★,2015-02-14,https://music.douban.com/subject/2976110/
Another Self Portrait (1969-1971): The Bootleg Series Vol. 10,Bob Dylan,2013,★★★★★,2015-02-12,https://music.douban.com/subject/24860276/
Old Giant,The Ulex,2013,★★★★★,2015-02-10,https://music.douban.com/subject/24856318/
2147,Sabled Sun,2015,★★★★★,2015-02-10,https://music.douban.com/subject/26322143/
Mercy Now,Mary Gauthier,2005,★★★,2015-02-08,https://music.douban.com/subject/1780101/
The Eternal,Sonic Youth,2009,★★★,2015-02-08,https://music.douban.com/subject/3688243/
2145,Sabled Sun,2012,★★★★★,2015-02-08,https://music.douban.com/subject/26322142/
未命名 / MMM,在草地上,2010,★★★,2015-02-08,https://music.douban.com/subject/4819126/
2146,Sabled Sun,2013,★★★★★,2015-02-08,https://music.douban.com/subject/25768003/
Le Jouet,Twinkle,2007,★★★★,2015-02-05,https://music.douban.com/subject/3183951/
The Hatred of Trees,Empusae,2008,★★★★,2015-02-04,https://music.douban.com/subject/3080209/
Bloodflowers,The Cure,2005,★★★★★,2015-02-04,https://music.douban.com/subject/1873913/
原野,莫西子诗,2014,★★★★★,2015-02-02,https://music.douban.com/subject/25975612/
Begin Again / 重新开始,Measure,2008,★★★★,2015-01-29,https://music.douban.com/subject/4879289/
Audio Vandalism,Zeller,2008,★★★★★,2015-01-14,https://music.douban.com/subject/3720878/
Turbulences,Zeller,2010,★★★★,2015-01-14,https://music.douban.com/subject/4904657/
Universal Language,Angel Vivaldi,2011,★★★★★,2015-01-13,https://music.douban.com/subject/6428523/
Dummy,Portishead,1994,★★★★★,2014-12-30,https://music.douban.com/subject/1394644/
The Whole Path Of War And Acceptance,Halgrath,2014,★★★★★,2014-12-30,https://music.douban.com/subject/25843744/
Animals as Leaders,Animals as Leaders,2009,★★★★★,2014-12-30,https://music.douban.com/subject/3654499/
Desolation Of Eden,Chelsea Grin,2010,★★★★★,2014-12-28,https://music.douban.com/subject/4296158/
Ffwd&gt;Burnout!,Hypnoskull,1999,★★★,2014-12-28,https://music.douban.com/subject/25916121/
&#39;Allelujah! Don&#39;t Bend! Ascend!,Godspeed You! Black Emperor,2012,★★★★★,2014-12-25,https://music.douban.com/subject/19970857/
A Bright Cut Across Velvet Sky,Ad·ver·sary,2009,★★★★,2014-12-22,https://music.douban.com/subject/4848370/
"F♯ A♯ ∞ / F-sharp, A-sharp, Infinity / f#a# (infinity symbol)",Godspeed You! Black Emperor!,1999,★★★★★,2014-12-20,https://music.douban.com/subject/1395312/
Arena,OdeOnDreams,2009,★★★★,2014-12-20,https://music.douban.com/subject/3736573/
Rūtsu No Hōyō,Empusae,2014,★★★★★,2014-12-11,https://music.douban.com/subject/26163475/
Les Diaboliques,Des Esseintes,2005,★★★★★,2014-11-05,https://music.douban.com/subject/3422071/
Acoustic,Mooncake,2012,★★★★★,2014-09-23,https://music.douban.com/subject/10438866/
Tempus Fugit / 时光荏苒,As The Stars Fall,2010,★★★★,2014-09-22,https://music.douban.com/subject/4825318/
Erotik,Lifelover,2007,★★★★,2014-08-18,https://music.douban.com/subject/2298073/
Cause Of Death: Life,Happy Days,2012,★★★★,2014-08-15,https://music.douban.com/subject/10548437/
Onani (Lim.ed.-White Vinyl) [Vinyl LP],Ordo Rosarius Equilibrio,2009,★★★★,2014-08-01,https://music.douban.com/subject/3413073/
Tomorrow We Die ∆live,Born Of Osiris,2013,★★★★★,2014-07-07,https://music.douban.com/subject/24862786/
Ivy,Nocturnal Bloodlust,2012,★★★,2014-07-07,https://music.douban.com/subject/10461755/
Bleed,Catalepsy,2011,★★★★★,2014-06-23,https://music.douban.com/subject/6394790/
Augmented Lines,Somatic Responses,2007,★★★★★,2014-06-16,https://music.douban.com/subject/3783127/
O Ajuntar Das Sombras,Wolfskin,2008,★★★★★,2014-05-29,https://music.douban.com/subject/3422070/
Live At Blues Alley,Eva Cassidy,1997,★★★,2014-05-07,https://music.douban.com/subject/1414862/
CINDER,DIRTY THREE,2005,★★★★★,2014-04-24,https://music.douban.com/subject/3816673/
Melancholic Memories,Happy Days,2008,★★★★★,2014-04-23,https://music.douban.com/subject/3060772/
Now Will You Believe?,Larrnakh,2010,★★★★★,2014-04-22,https://music.douban.com/subject/4897866/
.Existenz.,Heretoir,2009,★★★★★,2014-04-21,https://music.douban.com/subject/3775897/
My Journey To The Sky,Liam,2008,★★★★★,2014-04-21,https://music.douban.com/subject/3015748/
Konkurs,Lifelover,2008,★★★★,2014-04-17,https://music.douban.com/subject/3244289/
Finders Keepers,8mm Sky,2006,★★★,2014-04-14,https://music.douban.com/subject/1763738/
Gone West,Dead Hollywood Stars,2000,★★★★★,2014-04-11,https://music.douban.com/subject/2136246/
Three Flights From Alto Nido,Greg Laswell,2008,★★★★★,2014-04-04,https://music.douban.com/subject/3110753/
Children of God,Haus Arafna,2000,★★★★★,2014-04-03,https://music.douban.com/subject/1828930/
Erkenntnis,Control-System,2005,★★,2014-04-01,https://music.douban.com/subject/21362231/
Audio Drudge Issue 4,Various Artists,1993,★★★★★,2014-03-21,https://music.douban.com/subject/3154537/
我爱南京,李志,2009,★★★★★,2014-03-06,https://music.douban.com/subject/4060882/
The Muse In The Machine,Candle Nine,2010,★★★★★,2014-02-27,https://music.douban.com/subject/4315943/
Doppelganger / 幽灵,Aythis,2007,★★★,2014-02-04,https://music.douban.com/subject/3292453/
1984,"P.K.14,PK14",2013,★★★,2014-02-04,https://music.douban.com/subject/3995077/
3颗猫饼干 / 三颗猫饼干 / Three Cat Cookies,"朱玫玲,董運昌,王雁盟,何真真",2004,★★★★★,2014-02-01,https://music.douban.com/subject/1408372/
The Dark Age of Love / The Dark Age Of Love (A Tribute To Coil),This Immortal Coil,2009,★★★★★,2014-01-14,https://music.douban.com/subject/4074217/
ConFirm-X III 从奴役到奴役 / ConFirm-X III From Enslaved To...,ConFirm-X,2012,★★★,2013-12-28,https://music.douban.com/subject/11597119/
Comprendido!... Time Stop! ...And World Ending / Comprendido!... ...,Deutsch Nepal,1997,★★★★★,2013-12-28,https://music.douban.com/subject/1796370/
Erotikon,Deutsch Nepal,2007,★★★★★,2013-12-28,https://music.douban.com/subject/2047034/
Dystopia Partycollecti / Dystopian Partycollection,Deutsch Nepal,2008,★★★,2013-12-28,https://music.douban.com/subject/2995343/
Deflagration of Hell,Deutsch Nepal,1998,★★★★★,2013-12-28,https://music.douban.com/subject/1796369/
Aleph,Gesaffelstein,2013,★★★★★,2013-12-28,https://music.douban.com/subject/25743997/
碎音杂记 / suì yīn zá jì,白水,2013,★★★★★,2013-12-27,https://music.douban.com/subject/25772729/
Rehearsal,"Chaotic Aeon,永无宁日",2010,★★★,2013-12-27,https://music.douban.com/subject/5347040/
Haab&#39;,Tzolk&#39;in,2008,★★★★★,2013-12-14,https://music.douban.com/subject/2989834/
大于我 / Greater Than Me,Various Artists,2013,★★★,2013-12-12,https://music.douban.com/subject/24894771/
狗十三 电影原声带 / Einstein and Einstein,白水,2013,★★★★★,2013-12-01,https://music.douban.com/subject/25753346/
Traumantra,K2 + Dead Body Love,1998,★★★★★,2013-08-27,https://music.douban.com/subject/2276009/
Scenes From The Next Millennium,Navicon Torture Technologies,2001,★★★★★,2013-08-22,https://music.douban.com/subject/3422064/
In - Konflikt,Genocide Organ,2004,★★★★★,2013-08-22,https://music.douban.com/subject/2377429/
Metal Language,K2,1998,★★★★★,2013-08-21,https://music.douban.com/subject/2276011/
Attack Of The Grey Lantern,Mansun,1997,★★★★,2013-08-21,https://music.douban.com/subject/1806720/
Pigdaddy,Sutcliffe Jügend,2008,★★★★★,2013-08-20,https://music.douban.com/subject/3054070/
Tell Me,Iron Justice,1999,★★★,2013-08-20,https://music.douban.com/subject/3647789/
Tinnitus,Noisuf-X,2008,★★★★★,2013-08-20,https://music.douban.com/subject/3336321/
A Chorus of Storytellers / 说书人的合唱,The Album Leaf,2010,★★,2013-08-20,https://music.douban.com/subject/4195827/
林泉吟 / Melodies of forest and springs,"Raflum,雨鎖悲秋",2013,★★★★★,2013-08-17,https://music.douban.com/subject/24512351/
Vondel&#39;s Lucifer-1st Movement,H.E.R.R,2007,,2013-08-16,https://music.douban.com/subject/1916600/
Young Team / Mogwai Young Team,Mogwai,1997,★★★★★,2013-08-16,https://music.douban.com/subject/1401820/
另一些地方 / Some Other Place,白水,2012,★★★★★,2013-08-15,https://music.douban.com/subject/10442674/
All Standing Room In The Goodnight Saloon,Autoclav1.1,2010,★★★★,2013-08-15,https://music.douban.com/subject/5369977/
A Wintersunset...,Empyrium,1996,★★★★★,2013-08-14,https://music.douban.com/subject/1422269/
With Heart and Hand,Genocide Organ,2009,★★★,2013-08-13,https://music.douban.com/subject/3760644/
二十八天失眠日记 / Diary Of 28 Sleepless Days,惘闻,2003,★★★,2013-08-11,https://music.douban.com/subject/1427677/
Sweden,Folkstorm,2009,★★★★★,2013-08-09,https://music.douban.com/subject/2049201/
More Satanic Heroes,November Növelet,1994,★★★★★,2013-08-08,https://music.douban.com/subject/6756341/
When Madness Strikes,Mental Destruction,1995,★★★,2013-08-07,https://music.douban.com/subject/3241676/
Motion of,Neutral,2002,★★★,2013-08-06,https://music.douban.com/subject/3530017/
Remember,Genocide Organ,2008,★★★★★,2013-08-05,https://music.douban.com/subject/4268928/
Offensiv!,Toroidh,2004,★★★★,2013-08-05,https://music.douban.com/subject/1463258/
In C,Acid Mothers Temple &amp; The Melting Paraiso U.F.O.,2002,★★★★★,2013-08-04,https://music.douban.com/subject/3012226/
The Sea &amp; the Silence,ESA,2008,★★★★★,2013-08-03,https://music.douban.com/subject/3449303/
Hexerei Im Zwielicht Der Finsternis,Aghast,1995,★★★,2013-08-03,https://music.douban.com/subject/1460945/
Aux Morts,Memorandum,1989,★★★★,2013-08-03,https://music.douban.com/subject/2973120/
Greetings From Birmingham,Scorn,2000,★★★,2013-08-01,https://music.douban.com/subject/2333728/
Dead People&#39;s Trails,Heroin And Your Veins,2007,★★★★★,2013-07-31,https://music.douban.com/subject/3783660/
Formless,Gridlock,2003,★★★★★,2013-07-30,https://music.douban.com/subject/2077445/
Spectrum Ripper,Masonna,1997,★★★,2013-07-30,https://music.douban.com/subject/2240041/
为了那些无处安息的灵魂 / For the Spirit that Rest in N...,蓝周,2008,★★★★★,2013-07-29,https://music.douban.com/subject/3632162/
Weihnachtstraum,Les Joyaux de la Princesse,2004,★★★★★,2013-07-29,https://music.douban.com/subject/6972080/
Antipode,Noisuf-X,2005,★★,2013-07-27,https://music.douban.com/subject/3603463/
In Slaughter Natives (1st),In Slaughter Natives,2004,★★★★★,2013-07-24,https://music.douban.com/subject/3337050/
You,Haus Arafna,2010,★★★★★,2013-07-21,https://music.douban.com/subject/5402750/
Abandon,Pharmakon,2013,★★★★★,2013-07-21,https://music.douban.com/subject/24699399/
Nippon Ballerina Voyeur,Nicole 12,2009,★★★★★,2013-07-20,https://music.douban.com/subject/24383744/
13 Japanese Birds Vol. 4: Karasu,Merzbow,2009,★★★★,2013-07-20,https://music.douban.com/subject/3653095/
Tales of Transgression and Sacrifice,Golgatha,2007,★★★★,2013-07-19,https://music.douban.com/subject/2299925/
"Inui, Vol. 2",Makoto Kawabata,2000,★★★★★,2013-07-17,https://music.douban.com/subject/1901690/
Ni Hao! I&#39;m Deaf And It&#39;s Okay,Ronez,2009,★★★,2013-07-15,https://music.douban.com/subject/4928036/
Hosanna Mantra,Up-Tight and Makoto Kawabata,2007,★★★★★,2013-07-15,https://music.douban.com/subject/2146241/
Uhrfasudhasdd,Keiji Haino &amp; Yoshida Tetsuya,2008,★★★★★,2013-07-15,https://music.douban.com/subject/3140858/
An Unclear Trail: More Than This,"灰野敬二 Keiji Haino,Greg Cohen,Joey Baron",1998,★★★★,2013-07-13,https://music.douban.com/subject/1847408/
RE:RE:RE,惘闻,2006,★★★★,2013-07-13,https://music.douban.com/subject/1916504/
Nekrocrafte,Hexentanz,2004,★★★★★,2013-07-12,https://music.douban.com/subject/1760720/
梵高先生 / B&amp;BⅡ,李志,2007,★★★★★,2013-07-11,https://music.douban.com/subject/1958731/
Great Death III,Brighter Death Now,1996,★★★★★,2013-07-11,https://music.douban.com/subject/11522625/
我不能悲伤地坐在你身旁,左小祖咒,2005,★★★,2013-07-11,https://music.douban.com/subject/1400148/
The Ten Feet Square Hut [RARE],Import,,★★★★★,2013-07-10,https://music.douban.com/subject/3393695/
蘭州 蘭州 / 兰州 兰州,低苦艾,2011,★★★★,2013-07-10,https://music.douban.com/subject/6861032/
Butterfly,Haus Arafna,2003,★★★★★,2013-07-07,https://music.douban.com/subject/3704308/
Faust,Current 93,,★★★★,2013-07-06,https://music.douban.com/subject/2251245/
All-Time Greatest Hits,Louis Armstrong,1994,★★★★★,2013-07-06,https://music.douban.com/subject/1458672/
Hybrid Noisebloom,Merzbow,1997,★★★★★,2013-07-04,https://music.douban.com/subject/1982510/
We Are All Stupid,"Incapacitants,K2",1998,★★★★★,2013-07-04,https://music.douban.com/subject/3050837/
Gate Shining Heart,Gasgruel,2007,★★★★,2013-07-04,https://music.douban.com/subject/3037248/
Liquid Mind,Halgrath,2010,★★★★★,2013-07-01,https://music.douban.com/subject/10569725/
Fucking Whore Society,Karjalan Sissit,2009,★★★,2013-07-01,https://music.douban.com/subject/3584314/
Target To Nowhere,K2,2009,★★★★★,2013-06-29,https://music.douban.com/subject/6904734/
Intimacy,Vavabond,2007,★★★,2013-06-28,https://music.douban.com/subject/2374171/
Noise From Trading Cards,Hijokaidan,,★★★★★,2013-06-27,https://music.douban.com/subject/3194467/
Valtari,Sigur Rós,2012,★★★★★,2013-06-27,https://music.douban.com/subject/10563033/
In Search of the Lost Divine Arc,Acid Mothers Temple &amp; The Melting Paraiso U.F.O.,2013,★★★★★,2013-06-26,https://music.douban.com/subject/24750027/
Dirty Eye,李剑鸿,2006,★★★,2013-06-25,https://music.douban.com/subject/2374165/
Архипелаг Гулаг,M.O.T.T,2009,★★★★★,2013-06-25,https://music.douban.com/subject/3915566/
Herbstwerk,Sophia,2001,★★★★,2013-06-23,https://music.douban.com/subject/2049192/
When The Earth Dissolves In Ashes (Live 2010/2011),Raison d&#39;Etre,2012,★★★★★,2013-06-08,https://music.douban.com/subject/10570272/
Lost Fragments,"raison d&#39;être,Raison D&#39;etre,Raison d&#39;Être",2002,★★★★,2013-06-08,https://music.douban.com/subject/3041182/
Leichenlinie,Genocide Organ,1989,★★★★★,2013-06-08,https://music.douban.com/subject/3410773/
First 12 Years,Nicole 12,2012,★★★★★,2013-06-08,https://music.douban.com/subject/10773716/
Regret,"Heroin &amp; Your Veins,Heroin And Your Veins",2012,★★★★★,2013-06-08,https://music.douban.com/subject/20279888/
Anybody Can&#39;t Catch Up With This,K2,1997,★★★★,2013-05-11,https://music.douban.com/subject/10442505/
《阴暗浪潮》VOL.3,主编：息之子,2013,★★★,2013-05-11,https://music.douban.com/subject/10464759/
Music For Ghosts,Sonic Area,2012,★★★,2013-05-04,https://music.douban.com/subject/19940932/
Straw,Mental Destruction,2000,★★★★★,2013-04-30,https://music.douban.com/subject/3317747/
Die Kapitulation: L&#39;Allemagne Année Zero,Les Joyaux De La Princesse,1994,★★★★★,2013-04-24,https://music.douban.com/subject/3058652/
L&#39;Unification Des Forces Opposantes,This Morn&#39; Omina,2011,★★★★★,2013-04-24,https://music.douban.com/subject/6519799/
Nihilistic Paraphilia,"Grunt,Clinic Of Torture,Nicole 12",2005,★★★★★,2013-04-24,https://music.douban.com/subject/3436893/
Reverie,Daturah,2008,★★★★,2013-04-24,https://music.douban.com/subject/2997210/
Solo.1972.1.21 / またの日の夢物語,Kaoru Abe,1972,,2013-04-24,https://music.douban.com/subject/2276220/
From a Dark Chasm Below [UK-Import],Herbst 9,,★★★★★,2013-04-24,https://music.douban.com/subject/4299371/
Sporadic Spectra,Government Alpha,1999,★★★★★,2013-04-24,https://music.douban.com/subject/3158350/
Yes I Am / 对呀，是我,Pg.lost,2007,★★★★,2013-04-24,https://music.douban.com/subject/2081379/
Mortusae,Empusae,2009,★★★★★,2013-04-13,https://music.douban.com/subject/4171641/
Ocean Songs / 海洋之歌,Dirty Three,1998,★★★★★,2013-04-13,https://music.douban.com/subject/1419670/
伥木,"新莽台,Wang mang&#39;Babel",2009,★★★,2013-04-13,https://music.douban.com/subject/3722403/
The Fallen Host,Blueneck,2010,★★★★★,2013-04-05,https://music.douban.com/subject/4121721/
Split Tape,Pain Jerk,1997,★★★★,2013-04-05,https://music.douban.com/subject/4729057/
工体东路没有人,李志,2009,★★★★★,2013-04-05,https://music.douban.com/subject/3435496/
kou fu,"DINGCHENCHEN,Blowjob Euthanasia",2012,★★★★★,2013-04-04,https://music.douban.com/subject/20449689/
LAND OF VOLCANO,K2,2012,★★★★★,2013-03-30,https://music.douban.com/subject/21350713/
The Red Death,Redrot,2013,★★★★★,2013-03-30,https://music.douban.com/subject/22992336/
Piss Gag,Piss Gag,2012,★★★★★,2013-03-23,https://music.douban.com/subject/21353954/
The Wulfgar Command II,Vasectomy Party,2012,★★★★★,2013-03-16,https://music.douban.com/subject/21350888/
Sexually Reactive Child,VICTIM!,2012,★★★★★,2013-03-08,https://music.douban.com/subject/21267409/
鸟 / Bird,李剑鸿,2007,★★★★★,2013-03-08,https://music.douban.com/subject/2349486/
Subliminal Actions,Sektor 304,2011,★★★★,2013-02-12,https://music.douban.com/subject/10525633/
I Can&#39;t Hear You / 听不见,雨第斑,2011,★★★,2013-02-03,https://music.douban.com/subject/6428729/
From A Dark Chasm Below,Herbst9,1999,★★★★★,2012-11-09,https://music.douban.com/subject/1946923/
Pianology / 琴书,Ketil Bjornstad,1987,★★★★★,2012-11-09,https://music.douban.com/subject/1933140/
Let Us Lead,Puissance,2005,★★★★★,2012-11-06,https://music.douban.com/subject/1463280/
向晚 / Here Comes The Evening,"Raflum,雨鎖悲秋",2012,★★★★★,2012-11-03,https://music.douban.com/subject/10618532/
巫怨 / 巫怨,"怨,Enemite",2005,★★★★,2012-11-01,https://music.douban.com/subject/2980625/
Written In Blood,Slogun,2000,★★★★★,2012-10-28,https://music.douban.com/subject/11521316/
Tomber En Heros,L&#39;Effet C&#39;Est Moi,2007,,2012-10-28,https://music.douban.com/subject/2134201/
妖夜荒踪 / TRACE IN THE GHOST&#39;S NIGHT,"荒凉,Desolate",2012,★★★★★,2012-10-14,https://music.douban.com/subject/10553363/
Rituals,Ain Soph,2002,★★★★★,2012-10-11,https://music.douban.com/subject/2068323/
10 Songs For Free Download - Vol.1:In Autumnal Fog,VA,2008,★★★★★,2012-09-03,https://music.douban.com/subject/7003932/
Still white air,All My Faith Lost...,2011,★★★,2012-09-03,https://music.douban.com/subject/6783491/
Aux Volontaires Croix De Sang,Les Joyaux De La Princesse,2007,★★★★★,2012-07-23,https://music.douban.com/subject/2043336/
Anastasis,Dead Can Dance,2012,★★★★★,2012-07-18,https://music.douban.com/subject/10828338/
Ocean Beach,Red House Painters,1995,★★★★★,2012-07-07,https://music.douban.com/subject/1461957/
Death - Pierce Me,Silencer,2006,★★★,2012-07-06,https://music.douban.com/subject/1482809/
奕秋 / Afterimage Of Autumn,"葬尸湖,Zuriaake",2007,★★★★,2012-07-02,https://music.douban.com/subject/2374224/
Down Colorful Hill,Red House Painters,1992,★★★★★,2012-07-02,https://music.douban.com/subject/1408518/
Aion,Dead Can Dance,1994,★★★★★,2012-07-02,https://music.douban.com/subject/1395431/
Wood Woud Would / 游吟森林,Empylver,2005,★★★,2012-07-02,https://music.douban.com/subject/1828748/
Laments,Uaral,1998,★★★★★,2012-06-08,https://music.douban.com/subject/2040083/
Sounds of Pain,Uaral,2005,★★★★,2012-06-08,https://music.douban.com/subject/2055138/
Inner Pale Sun,Arcana,2002,★★★★★,2012-06-08,https://music.douban.com/subject/1446972/
Spiritchaser,Dead Can Dance,1996,★★★★,2012-06-08,https://music.douban.com/subject/1417561/
阴天 / Overcast,"天鹅与花朵,The Swan And Flowers",2012,★★★★,2012-06-08,https://music.douban.com/subject/10770076/
Where at Night the Wood Grouse Plays,Empyrium,1999,★★★★★,2012-06-08,https://music.douban.com/subject/1459849/
Nenia C&#39;Alladhan,Sopor Aeternus,2004,★★★★,2012-06-08,https://music.douban.com/subject/3201443/
Into the Labyrinth / Into Labyrinth,Dead Can Dance,1993,★★★★★,2012-06-08,https://music.douban.com/subject/1417562/
Songs for Lucy / A.J.Alex&amp;雨季过后-Songs for Lucy,"A.J.Alex,After wet season",2009,★★★★★,2012-06-08,https://music.douban.com/subject/3837956/
Amnesiac / 失忆,Radiohead,2001,,2009-06-18,https://music.douban.com/subject/1394562/
Absolution / 赦免之罪,Muse,2003,,2009-06-18,https://music.douban.com/subject/1395291/
Kid A,Radiohead,2000,★★★★★,2009-06-18,https://music.douban.com/subject/1397189/
Pablo Honey,Radiohead,1993,,2009-06-18,https://music.douban.com/subject/1397399/
Hail to the Thief,Radiohead,2003,★★★★★,2009-06-18,https://music.douban.com/subject/1397400/
My Iron Lung EP,Radiohead,1994,,2009-06-18,https://music.douban.com/subject/1408229/
Creep,Radiohead,1993,,2009-06-18,https://music.douban.com/subject/1455270/
The Golden Unplugged Album,Radiohead,2000,,2009-06-18,https://music.douban.com/subject/1477086/
In Rainbows,Radiohead,2007,★★★★★,2009-06-18,https://music.douban.com/subject/2278148/
The Best of Radiohead,Radiohead,2008,★★★★★,2009-06-18,https://music.douban.com/subject/3079184/
The Bends,Radiohead,1995,,2009-06-18,https://music.douban.com/subject/1394652/
イン・トーキョー / IN TOKYO,"菊地成孔ダブ・セクステット,NARUYOSHI KIKUCHI DUB SEXTET",2008,★★★★★,2025-02-12,https://music.douban.com/subject/3823797/
Keep It Goin Xav,Xaviersobased,2024,★,2024-12-04,https://music.douban.com/subject/36749722/
First Utterance,Comus,1971,★★★★★,2024-10-23,https://music.douban.com/subject/1757337/
More / 更多,Pink Floyd,1969,★★★★,2024-08-27,https://music.douban.com/subject/1401359/
Omega,Immanuel Wilkins,2020,★★★★★,2024-06-25,https://music.douban.com/subject/35170405/
Colours Of Air,"loscil,lawrence english",2023,★★★★★,2024-01-09,https://music.douban.com/subject/36175146/
Blackbox Life Recorder 21f / in a room7 F760,Aphex Twin,2023,★★★★,2023-06-27,https://music.douban.com/subject/36452791/
The Aggression Sessions,"Fit for An Autopsy,Thy Art Is Murder,Malevolence",2023,★★★,2023-04-15,https://music.douban.com/subject/36308733/
Negativ,Proem,2001,★★★★,2023-01-04,https://music.douban.com/subject/1449672/
Her Loss,"Drake,21 Savage",2022,★★,2022-11-06,https://music.douban.com/subject/36132434/
Ultrachroma,Kangding Ray,2022,★★★★★,2022-08-12,https://music.douban.com/subject/35929500/
Gillespie En Vivo / Festival Internacional de Jazz 1985，Cuba,"“眩晕”·吉勒斯比 Dizzy Gillespie,Arturo Sandoval",1985,★★★★★,2022-07-07,https://music.douban.com/subject/33159953/
Under the Pipal Tree,Mono,2001,★★★★,2022-06-15,https://music.douban.com/subject/1417842/
Somnia,Shrine,2012,★★★★★,2022-05-24,https://music.douban.com/subject/10795357/
In the Evenings Out There,"Paul Bley,Gary Peacock,Tony Oxley,John Surman",2000,★★★★,2022-03-18,https://music.douban.com/subject/1474283/
Live at Cafe Montmartre 1966,Don Cherry,2007,★★★★★,2022-02-22,https://music.douban.com/subject/3178187/
Kai Whiston Bitch,Kai Whiston,2018,★★★,2022-02-02,https://music.douban.com/subject/30397383/
The Master: Original Motion Picture Soundtrack,Jonny Greenwood,2012,,2022-01-12,https://music.douban.com/subject/11602257/
Bespires,Ka Baird,2020,★★,2021-12-15,https://music.douban.com/subject/35518567/
50 Words For Snow,Kate Bush,2011,★★★,2021-11-23,https://music.douban.com/subject/6838309/
A Love Supreme: Live in Seattle,John Coltrane,2021,★★★★★,2021-11-02,https://music.douban.com/subject/35577639/
The White Room,The KLF,1991,★★,2021-10-11,https://music.douban.com/subject/1791519/
The Downward Spiral,Nine Inch Nails,1994,★★★,2021-09-28,https://music.douban.com/subject/1436631/
Funeral / 葬,Arcade Fire,2004,★★★★★,2021-09-20,https://music.douban.com/subject/1394615/
Black Radio / 黑色廣播電台,Robert Glasper Experiment,2012,★★★★,2021-09-15,https://music.douban.com/subject/10282602/
Battle For The Sun / 太阳保卫战,Placebo,2009,★,2021-08-31,https://music.douban.com/subject/3656038/
Golden Years Of The Soviet New Jazz Volume II,"Vladimir Rezitsky,Jazz Group Arkhangelsk,Orkestrion,Mikhail Chekalin,Petras Vysniauskas,Vyacheslav Ganelin,Grigory Talas",2002,★★★★★,2021-08-23,https://music.douban.com/subject/2084429/
Defeat,Fire!,2021,★★★★★,2021-08-03,https://music.douban.com/subject/35376960/
New Rhythms,Don Ellis,1972,★★★★,2021-06-27,https://music.douban.com/subject/35480955/
Black To The Future,Sons of Kemet,2021,★★★★,2021-06-08,https://music.douban.com/subject/35418089/
Inner Silence,The Leszek Zadlo Ensemble,1973,★★★★,2021-05-20,https://music.douban.com/subject/35461949/
古明地的收音机​ / ​Komeiji&#39;s Radio,My Bloody Sex Party,2021,★★,2021-04-23,https://music.douban.com/subject/35423217/
Insurrection,John Zorn,2018,★★★★★,2021-04-06,https://music.douban.com/subject/30226506/
清晰 Clarity,顾忠山,2020,★★★★,2021-03-28,https://music.douban.com/subject/35289380/
Axum,James Newton,1988,★★★★★,2021-03-21,https://music.douban.com/subject/1827545/
Great Death,Brighter Death Now,1990,★★★★★,2021-03-16,https://music.douban.com/subject/4180942/
Black Fire / 黑火,"Andrew Hill,Joe Henderson,Richard Davis,Roy Haynes",1964,★★★★★,2021-03-11,https://music.douban.com/subject/1718155/
Anaconda Flow,Legowelt,2015,★★★,2021-02-19,https://music.douban.com/subject/26576048/
Disingenuity b/w Disingenuousness,Keith Fullerton Whitman,2010,,2021-02-05,https://music.douban.com/subject/5508026/
I Believe In Atlantis,Yury Markin,2020,★★★★,2021-01-25,https://music.douban.com/subject/35323934/
"父亲，蜿蜒而下的山路 / Father, and a wild trail zigzagg...",李剑鸿 Li Jianhong,2020,★★★★★,2021-01-07,https://music.douban.com/subject/35183556/
London,Aphex Twin,2017,★★★★,2020-12-25,https://music.douban.com/subject/35173707/
Double Image,Double Image,1992,★★★,2020-12-14,https://music.douban.com/subject/3344591/
An Uncertain Collision,Acrania,2012,★★★,2020-12-01,https://music.douban.com/subject/30378527/
In Full Gear,Stetsasonic,1988,,2020-11-18,https://music.douban.com/subject/1841791/
Pixel Bath,Jean Dawson,2020,★★★,2020-10-29,https://music.douban.com/subject/35232242/
The Alliance,"Jinsfake,Dancancook",2020,★★★★,2020-10-21,https://music.douban.com/subject/35148866/
2017 - 2019,Against All Logic,2020,★★,2020-10-14,https://music.douban.com/subject/34965420/
Live at the Unity Temple,Noah Howard,2002,★★★★★,2020-09-22,https://music.douban.com/subject/3529800/
Mortal Shell Soundtrack,Atrium Carceri,2020,,2020-09-01,https://music.douban.com/subject/35183614/
This Is How You Smile,Helado Negro,2019,,2020-07-16,https://music.douban.com/subject/30416959/
The Inner Mounting Flame,"John McLaughlin,Mahavishnu Orchestra",1971,,2020-06-27,https://music.douban.com/subject/1526455/
Patterns/Message to South Africa,Noah Howard,2005,★★★★★,2020-06-16,https://music.douban.com/subject/3289780/
Hastings Street Jazz Experience,Detroit Jazz Composers Ltd.,1976,★★★★★,2020-06-01,https://music.douban.com/subject/24700580/
India&#39;s Master Musicians / 印度古典小提琴大师Subramaniam,"L. Subramaniam,Alla Rakha",1996,,2020-05-18,https://music.douban.com/subject/1419839/
Consciousness,Kay Suzuki,2010,★★★★,2020-04-28,https://music.douban.com/subject/5284918/
The Gereg,The Hu,2019,★★★,2020-04-14,https://music.douban.com/subject/34822913/
channel ORANGE,Frank Ocean,2012,★★★★★,2020-03-31,https://music.douban.com/subject/10810770/
UMMON,SLIFT,2020,★★★★★,2020-03-18,https://music.douban.com/subject/34988009/
Movimiento Para Cambio,Pelada,2019,★★★★★,2020-03-09,https://music.douban.com/subject/34797911/
Scientist Rids the World of the Evil Curse of the Vampires,Scientist,1981,★★★★★,2020-03-06,https://music.douban.com/subject/2174012/
3 Compositions of New Jazz,Anthony Braxton,1968,★★★★,2020-03-02,https://music.douban.com/subject/1902407/
Underground Railroad + Live At Holy Cross Monastery,"Joe McPhee,Contemporary Improvisational Ensemble",1969,★★★★★,2020-02-27,https://music.douban.com/subject/1812558/
Imaginary Diseases,Frank Zappa,2017,★★★★★,2020-02-21,https://music.douban.com/subject/2265300/
Sour Soul / 酸涩的灵魂,Badbadnotgood &amp; Ghostface Killah,2015,★★★★★,2020-02-16,https://music.douban.com/subject/26329154/
Thoughts Of An Optimist,People Without Shoes,1996,,2020-02-12,https://music.douban.com/subject/5339022/
More Arriving,Sarathy Korwar,2019,★★★★★,2020-02-07,https://music.douban.com/subject/33450175/
ふることふみ / ロック・ジョイント琵琶~組曲,鈴木宏昌,2011,★★★★★,2020-02-03,https://music.douban.com/subject/22062576/
Pale Bloom,Sarah Davachi,2000,★★★,2020-01-21,https://music.douban.com/subject/33442007/
Dead Skin Cells,Kamikaze Space Programme,2019,★★★,2020-01-13,https://music.douban.com/subject/34441468/
Varmints,Anna Meredith,2016,★★★,2020-01-05,https://music.douban.com/subject/26740857/
New History Warfare Vol.2: Judges,Colin Stetson,2011,★★★★★,2019-12-30,https://music.douban.com/subject/6029914/
PEEL SESSION 2,APHEX TWIN,2019,★★★★,2019-12-24,https://music.douban.com/subject/34889882/
Benji / 笨鸡,Sun Kil Moon,2014,★★★★★,2019-12-16,https://music.douban.com/subject/25812873/
Magdalene / 玛格达莱妮,FKA twigs,2019,★★★★★,2019-11-08,https://music.douban.com/subject/34820358/
The Fire of Compassion,Harrison Bankhead Quartet,2014,★★★★★,2019-09-09,https://music.douban.com/subject/34819421/
The Amazing Bud Powell - Vol. 1.,Bud Powell,1991,★★★★★,2019-08-20,https://music.douban.com/subject/1755220/
Juice,"川崎燎,Ryo Kawasaki",2004,★★★★,2019-08-01,https://music.douban.com/subject/3542629/
We Stay Together,Andy Stott,2011,★★★,2019-07-22,https://music.douban.com/subject/6865607/
Sunflower,Sun Ra,2019,★★★★,2019-07-10,https://music.douban.com/subject/33876638/
Rose Gold,"Kitty,Kitty Pryde",2019,★★★★,2019-06-18,https://music.douban.com/subject/33415680/
Rock Action,Mogwai,2001,★★★★★,2019-06-08,https://music.douban.com/subject/1457697/
Chronosphere,Alphaxone,2019,★★★★★,2019-05-23,https://music.douban.com/subject/33424755/
Coltrane: The Classic Quartet - The Complete Impulse! Studio R...,John Coltrane,1998,★★★★★,2019-05-11,https://music.douban.com/subject/1775174/
Giant Steps,John Coltrane,1960,★★★★★,2019-04-29,https://music.douban.com/subject/1472077/
The Velvet Underground &amp; Nico / 地下丝绒与妮可,"The Velvet Underground,Nico",1967,★★★★★,2019-04-22,https://music.douban.com/subject/1986653/
「魔法少女まどか☆マギカ」 Ultimate Best(期間生産限定盤),魔法少女まどか☆マギカ,2017,★★★★★,2019-04-10,https://music.douban.com/subject/27065561/
Codex Amphibia (an interpretation of the explosive breeding ph...,Thomas Tilly,2018,★★★★★,2019-03-28,https://music.douban.com/subject/30358912/
Uprock EP,Ontal,2017,★★★★★,2019-02-27,https://music.douban.com/subject/27110074/
COWBOY BEBOP CD BOX,Yoko Kanno,2002,★★★★★,2019-02-04,https://music.douban.com/subject/3294692/
Ken Burns JAZZ Collection: Lester Young,Lester Young,2000,★★★★★,2019-01-15,https://music.douban.com/subject/1756959/
Mingus / 明格斯,Joni Mitchell,2000,★★★★,2019-01-06,https://music.douban.com/subject/1436730/
Serpent Music,YVES TUMOR,2016,★★★★★,2018-12-26,https://music.douban.com/subject/26887846/
砂の器 サウンドトラックより ピアノと管弦楽のための組曲「宿命」,"菅野光亮,熊谷弘,東京交響楽団",1995,★★★★★,2018-12-18,https://music.douban.com/subject/20438717/
Witness EP,MUN SING,2017,★★★,2018-12-06,https://music.douban.com/subject/30313767/
Himitsu no Knife / 秘密のナイフ,Phew,1995,★★★★★,2018-11-21,https://music.douban.com/subject/2299776/
The Haxan Cloak,The Haxan Cloak,2011,★★★,2018-11-06,https://music.douban.com/subject/6151584/
Humming Bird Feeder VER 0.2,Tetsu Inoue,2008,★★★★,2018-10-18,https://music.douban.com/subject/25725461/
Divine Weight,Alex Zhang Hungtai,2018,★★★,2018-09-14,https://music.douban.com/subject/30225653/
Sinergia,"Neel,natural",2018,★★★★,2018-08-13,https://music.douban.com/subject/30254102/
Rhythm &amp; Sound,Rhythm &amp; Sound,2001,★★★★,2018-05-03,https://music.douban.com/subject/3097819/
Minami Deutsch,Minami Deutsch,2015,★★★,2017-11-23,https://music.douban.com/subject/26956901/
Aswad,m2,2004,★★★★,2017-10-25,https://music.douban.com/subject/1770057/
Have You Seen the Other Side of the Sky,Acid Mothers Temple &amp; The Melting Paraiso U.F.O.,2006,★★★★★,2017-10-06,https://music.douban.com/subject/1857008/
Acid Dub Nucleik,High Tone,2004,★★★★★,2017-05-14,https://music.douban.com/subject/1916664/
1989,TY.,2017,★★★,2017-02-19,https://music.douban.com/subject/26966120/
２８１４,２８１４,2014,★★★★★,2016-11-06,https://music.douban.com/subject/26669133/
Bloom (Jamie XX Rework) / Separator (Anstam RMX) / Lotus Flowe...,Radiohead,2011,★★★★★,2016-05-08,https://music.douban.com/subject/6859914/
VIBE,Eddie Beatz,2015,★★★★★,2015-10-06,https://music.douban.com/subject/26486260/
No Morrow Shall Dawn,Thy Light,2013,★★★★,2015-02-21,https://music.douban.com/subject/24847011/
Black Snow Epoch,Goatvargr,2010,★★★★★,2014-11-27,https://music.douban.com/subject/4934161/
The Moment of Truth / Der Gott der Eisen wachsen ließ,Der Blutharsch,2004,★★★★★,2014-01-26,https://music.douban.com/subject/1480253/
Partikel,"Merzbow,Nordvargr",2007,★★★★★,2013-08-10,https://music.douban.com/subject/2372052/
Animamima,Keiji Haino &amp; Sitaar Tah!,2006,★★★★★,2013-07-12,https://music.douban.com/subject/1915885/
Feathers,Aves,2010,★★★,2013-05-04,https://music.douban.com/subject/19961551/
History Of Iron &amp; Blood / 铁与血的历史,M.O.T.T,2006,★★★★★,2012-11-01,https://music.douban.com/subject/2326471/
Com Lag (2Plus2IsFive),Radiohead,2004,,2009-06-18,https://music.douban.com/subject/1401429/
OK Computer,Radiohead,1997,,2009-06-18,https://music.douban.com/subject/1394653/
